PlayerID,PlayerName,TeamID,Position,JerseyNumber,Local_Goals,Local_RegularGoals,Local_PenaltyGoals,Local_OwnGoals,Local_TotalGoalEvents,Matches,DistanceMeters,Sprints,HighSpeedRunning,TopSpeedKmh,SpeedZone1,SpeedZone2,SpeedZone3,SpeedZone4,SpeedZone5,LineBreaksAttempted,LineBreaksCompleted,LineBreaksAccuracyPct,Through,Around,Over,Pass,Local_Crosses,Prog,TotalCrosses,Goals,Assists,MinutesPlayed,AttemptsOnTarget,AttemptsAtGoal,AttemptsAtGoalConvRatePct,AttemptsInsidethePenaltyArea,AttemptsOutsidethePenaltyArea,HeadedAttemptsatGoal,xG,xGEfficiency,Corners,Passes,PassingAccuracyPct,Crosses,CrossingAccuracyPct,DefensiveLinebreaksAttempted,DefensiveLinebreaksAccPct,SwitchesofPlayAttempted,SwitchesofPlayAccPct,OwnGoals,ForcedTurnovers,DefensivePressuresApplied,DefensivePressuresDirectlyApplied,FoulsAgainst,FoulsFor,YellowCards,RedCards,IndirectRedCards,Offsides,GoalkeeperSaves,GoalkeeperActionsInsidethePenaltyArea,GoalkeeperActionsOutsidethePenaltyArea
1,Melvin Mastil,25,GK,1,0,0,0,0,0,0.0,0.0,0.0,0.0,0.0,0.0,0.0,0.0,0.0,0.0,0.0,0.0,0.0,0.0,0.0,0.0,0.0,0.0,0.0,0.0,0,0,0,0.0,0.0,0.0,0.0,0.0,0.0,0.0,0.0,0.0,0.0,0.0,0.0,0.0,0.0,0.0,0.0,0.0,0,0.0,0.0,0.0,0,0,0,0,0,0,0,0,0
2,Aissa Mandi,25,DF,2,0,0,0,0,0,4.0,37858.0,81.0,331.0,30.0,17850.199999999997,15081.0,3502.4,1076.3,348.2,82.0,66.0,80.49,16.0,43.0,23.0,82.0,0.0,0.0,0.0,0,0,403,0.0,0.0,0.0,0.0,0.0,0.0,0.0,0.0,0.0,382.0,93.0,0.0,0.0,5.0,20.0,10.0,90.0,0,14.0,19.0,6.0,0,5,0,0,0,0,0,0,0
3,Achref Abada,25,DF,3,0,0,0,0,0,0.0,0.0,0.0,0.0,0.0,0.0,0.0,0.0,0.0,0.0,0.0,0.0,0.0,0.0,0.0,0.0,0.0,0.0,0.0,0.0,0,0,0,0.0,0.0,0.0,0.0,0.0,0.0,0.0,0.0,0.0,0.0,0.0,0.0,0.0,0.0,0.0,0.0,0.0,0,0.0,0.0,0.0,0,0,0,0,0,0,0,0,0
4,Mohamed Amine Tougai,25,DF,4,0,0,0,0,0,0.0,0.0,0.0,0.0,0.0,0.0,0.0,0.0,0.0,0.0,0.0,0.0,0.0,0.0,0.0,0.0,0.0,0.0,0.0,0.0,0,0,0,0.0,0.0,0.0,0.0,0.0,0.0,0.0,0.0,0.0,0.0,0.0,0.0,0.0,0.0,0.0,0.0,0.0,0,0.0,0.0,0.0,0,0,0,0,0,0,0,0,0
5,Zineddine Belaid,25,DF,5,0,0,0,0,0,2.0,3781.0,12.0,37.0,27.2,1767.6999999999998,1409.8000000000002,447.8,142.2,13.6,3.0,2.0,66.67,1.0,0.0,2.0,3.0,0.0,0.0,0.0,0,0,38,0.0,0.0,0.0,0.0,0.0,0.0,0.0,0.0,0.0,44.0,98.0,0.0,0.0,1.0,100.0,0.0,0.0,0,0.0,2.0,2.0,0,0,0,0,0,1,0,0,0
6,Ramiz Zerrouki,25,MF,6,0,0,0,0,0,3.0,15443.0,54.0,201.0,30.3,4476.8,7622.799999999999,2334.0,823.4000000000001,185.7,25.0,22.0,88.0,10.0,10.0,5.0,25.0,0.0,0.0,0.0,0,0,126,0.0,0.0,0.0,0.0,0.0,0.0,0.0,0.0,0.0,105.0,92.0,0.0,0.0,2.0,100.0,5.0,100.0,0,4.0,23.0,5.0,4,0,1,0,0,0,0,0,0
7,Riyad Mahrez,25,FW,7,2,2,0,0,2,4.0,31108.0,130.0,382.0,31.5,11897.2,12590.4,4334.0,1807.9,478.1,31.0,18.0,58.06,5.0,13.0,13.0,27.0,2.0,2.0,2.0,2,1,288,3.0,6.0,33.0,4.0,2.0,0.0,1.49,1.34,5.0,147.0,86.0,9.0,33.0,9.0,67.0,6.0,100.0,0,22.0,102.0,13.0,1,7,0,0,0,1,0,0,0
8,Houssem Aouar,25,MF,8,0,0,0,0,0,3.0,21137.0,83.0,253.0,31.5,7414.9,9432.9,3017.1000000000004,1067.1,204.9,13.0,13.0,100.0,8.0,4.0,1.0,11.0,0.0,2.0,1.0,0,2,191,1.0,3.0,0.0,1.0,2.0,0.0,0.24,0.0,0.0,84.0,94.0,1.0,100.0,3.0,100.0,0.0,0.0,0,8.0,61.0,7.0,1,2,0,0,0,0,0,0,0
9,Amine Gouiri,25,FW,9,1,1,0,0,1,4.0,27788.0,131.0,355.0,29.5,11330.0,10588.1,3884.1,1673.6,312.1,2.0,1.0,50.0,1.0,1.0,0.0,1.0,0.0,1.0,1.0,1,0,270,0.0,0.0,0.0,0.0,0.0,0.0,0.0,0.0,0.0,58.0,88.0,1.0,0.0,0.0,0.0,0.0,0.0,0,7.0,126.0,12.0,1,1,0,0,0,0,0,0,0
10,Fares Chaibi,25,MF,10,0,0,0,0,0,4.0,45534.0,177.0,549.0,32.7,15036.499999999998,21186.7,6271.3,2264.3,775.5,47.0,35.0,74.47,16.0,17.0,14.0,43.0,2.0,2.0,5.0,0,0,403,0.0,0.0,0.0,0.0,0.0,0.0,0.0,0.0,0.0,244.0,90.0,7.0,0.0,10.0,50.0,3.0,100.0,0,30.0,140.0,16.0,3,2,1,0,0,1,0,0,0
11,Anis Hadj Moussa,25,FW,11,0,0,0,0,0,3.0,12313.0,60.0,151.0,29.4,4822.1,4934.2,1703.6999999999998,694.9000000000001,157.70000000000002,9.0,6.0,66.67,2.0,5.0,2.0,7.0,0.0,2.0,0.0,0,0,114,0.0,0.0,0.0,0.0,0.0,0.0,0.0,0.0,0.0,36.0,69.0,4.0,50.0,5.0,60.0,1.0,100.0,0,3.0,34.0,1.0,0,2,0,0,0,0,0,0,0
12,Nadhir Benbouali,25,FW,12,1,1,0,0,1,1.0,5586.0,35.0,66.0,30.1,2065.4,2260.4,774.2,363.9,122.2,1.0,1.0,100.0,0.0,1.0,0.0,1.0,0.0,0.0,1.0,1,0,52,0.0,0.0,0.0,0.0,0.0,0.0,0.0,0.0,0.0,8.0,75.0,1.0,0.0,0.0,0.0,0.0,0.0,0,6.0,19.0,4.0,0,0,0,0,0,0,0,0,0
13,Jaouen Hadjam,25,DF,13,0,0,0,0,0,3.0,13664.0,77.0,158.0,32.6,5203.9,4857.7,2043.5,1054.5,504.1,14.0,10.0,71.43,8.0,5.0,1.0,12.0,0.0,2.0,0.0,0,0,125,0.0,0.0,0.0,0.0,0.0,0.0,0.0,0.0,0.0,67.0,84.0,0.0,0.0,1.0,0.0,0.0,0.0,0,8.0,19.0,5.0,0,0,0,0,0,0,0,0,0
14,Hicham Boudaoui,25,MF,14,0,0,0,0,0,3.0,17473.0,79.0,248.0,29.8,4727.1,8362.7,2984.2000000000003,1167.9,231.2,19.0,17.0,89.47,5.0,6.0,8.0,18.0,0.0,1.0,0.0,0,0,143,0.0,0.0,0.0,0.0,0.0,0.0,0.0,0.0,0.0,86.0,97.0,0.0,0.0,4.0,75.0,1.0,100.0,0,6.0,54.0,8.0,4,1,1,0,0,0,0,0,0
15,Rayan Ait-Nouri,25,DF,15,0,0,0,0,0,4.0,32073.0,157.0,355.0,33.5,13086.2,11977.0,4308.0,1916.1,785.6999999999999,52.0,39.0,75.0,8.0,32.0,12.0,47.0,0.0,5.0,9.0,0,0,315,0.0,0.0,0.0,0.0,0.0,0.0,0.0,0.0,0.0,211.0,90.0,9.0,0.0,7.0,57.0,0.0,0.0,0,12.0,70.0,25.0,6,4,0,0,0,0,0,0,0
16,Oussama Benbot,25,GK,16,0,0,0,0,0,1.0,4788.0,0.0,6.0,18.2,4044.8,700.0,42.8,0.0,0.0,8.0,3.0,37.5,0.0,0.0,8.0,8.0,0.0,0.0,0.0,0,0,100,0.0,0.0,0.0,0.0,0.0,0.0,0.0,0.0,0.0,25.0,72.0,0.0,0.0,1.0,0.0,0.0,0.0,0,0.0,0.0,0.0,0,1,0,0,0,0,0,14,13
17,Rafik Belghali,25,DF,17,1,1,0,0,1,4.0,38084.0,170.0,480.0,33.0,13791.1,15861.7,5407.099999999999,2207.5,816.3,33.0,28.0,84.85,8.0,19.0,6.0,31.0,0.0,2.0,5.0,1,0,362,0.0,0.0,0.0,0.0,0.0,0.0,0.0,0.0,0.0,183.0,92.0,5.0,40.0,3.0,67.0,0.0,0.0,0,10.0,64.0,10.0,4,2,0,0,0,0,0,0,0
18,Mohamed Amoura,25,FW,18,0,0,0,0,0,1.0,3800.0,24.0,57.0,29.0,920.8,1813.4,668.7,298.1,98.5,0.0,0.0,0.0,0.0,0.0,0.0,0.0,0.0,0.0,0.0,0,0,31,0.0,0.0,0.0,0.0,0.0,0.0,0.0,0.0,0.0,8.0,88.0,0.0,0.0,0.0,0.0,0.0,0.0,0,2.0,32.0,1.0,1,0,0,0,0,0,0,0,0
19,Nabil Bentaleb,25,MF,19,0,0,0,0,0,4.0,33626.0,115.0,405.0,31.0,12426.8,14775.0,4398.7,1664.6,360.7,71.0,58.0,81.69,29.0,26.0,16.0,69.0,0.0,2.0,1.0,0,0,313,0.0,0.0,0.0,0.0,0.0,0.0,0.0,0.0,0.0,280.0,91.0,1.0,0.0,3.0,67.0,1.0,0.0,0,16.0,42.0,12.0,2,3,0,0,0,0,0,0,0
20,Adil Boulbina,25,FW,20,0,0,0,0,0,2.0,3443.0,21.0,54.0,28.2,1164.5,1294.6,611.1,301.7,70.8,3.0,2.0,66.67,0.0,1.0,2.0,3.0,0.0,0.0,0.0,0,0,28,0.0,0.0,0.0,0.0,0.0,0.0,0.0,0.0,0.0,19.0,84.0,0.0,0.0,1.0,100.0,1.0,100.0,0,1.0,13.0,0.0,0,0,0,0,0,1,0,0,0
21,Ramy Bensebaini,25,DF,21,0,0,0,0,0,4.0,35700.0,122.0,301.0,33.3,16286.2,14122.9,3382.8,1478.3000000000002,429.8,76.0,61.0,80.26,16.0,40.0,20.0,75.0,0.0,1.0,0.0,0,0,403,0.0,0.0,0.0,0.0,0.0,0.0,0.0,0.0,0.0,385.0,93.0,0.0,0.0,8.0,38.0,1.0,100.0,0,7.0,36.0,11.0,1,5,0,0,0,0,0,0,0
22,Ibrahim Maza,25,MF,22,0,0,0,0,0,4.0,44462.0,152.0,524.0,32.7,15187.1,20872.200000000004,6088.299999999999,1874.7,439.1,42.0,25.0,59.52,19.0,14.0,9.0,35.0,0.0,7.0,1.0,0,0,389,0.0,0.0,0.0,0.0,0.0,0.0,0.0,0.0,0.0,141.0,79.0,1.0,0.0,13.0,46.0,1.0,100.0,0,25.0,153.0,14.0,1,5,0,0,0,0,0,0,0
23,Luca Zidane,25,GK,23,0,0,0,0,0,3.0,13382.0,13.0,42.0,27.8,10055.4,2742.1000000000004,450.2,114.1,20.4,22.0,10.0,45.45,3.0,3.0,16.0,22.0,0.0,0.0,0.0,0,0,302,0.0,0.0,0.0,0.0,0.0,0.0,0.0,0.0,0.0,104.0,88.0,0.0,0.0,0.0,0.0,0.0,0.0,0,0.0,0.0,0.0,0,0,0,0,0,0,9,34,32
24,Yassine Titraoui,25,MF,24,0,0,0,0,0,0.0,0.0,0.0,0.0,0.0,0.0,0.0,0.0,0.0,0.0,0.0,0.0,0.0,0.0,0.0,0.0,0.0,0.0,0.0,0.0,0,0,0,0.0,0.0,0.0,0.0,0.0,0.0,0.0,0.0,0.0,0.0,0.0,0.0,0.0,0.0,0.0,0.0,0.0,0,0.0,0.0,0.0,0,0,0,0,0,0,0,0,0
25,Fares Ghedjemis,25,FW,25,0,0,0,0,0,1.0,300.0,4.0,5.0,26.1,79.1,97.4,45.9,73.2,4.3,0.0,0.0,0.0,0.0,0.0,0.0,0.0,0.0,0.0,0.0,0,0,2,0.0,0.0,0.0,0.0,0.0,0.0,0.0,0.0,0.0,0.0,0.0,0.0,0.0,0.0,0.0,0.0,0.0,0,0.0,2.0,0.0,0,0,0,0,0,0,0,0,0
26,Samir Chergui,25,DF,26,0,0,0,0,0,1.0,2625.0,6.0,20.0,27.9,1226.6,1061.8,257.3,60.9,18.5,0.0,0.0,0.0,0.0,0.0,0.0,0.0,0.0,0.0,0.0,0,0,25,0.0,0.0,0.0,0.0,0.0,0.0,0.0,0.0,0.0,24.0,96.0,0.0,0.0,0.0,0.0,0.0,0.0,0,0.0,4.0,0.0,0,0,0,0,0,0,0,0,0
27,Juan Musso,1,GK,1,0,0,0,0,0,0.0,0.0,0.0,0.0,0.0,0.0,0.0,0.0,0.0,0.0,0.0,0.0,0.0,0.0,0.0,0.0,0.0,0.0,0.0,0.0,0,0,0,0.0,0.0,0.0,0.0,0.0,0.0,0.0,0.0,0.0,0.0,0.0,0.0,0.0,0.0,0.0,0.0,0.0,0,0.0,0.0,0.0,0,0,0,0,0,0,0,0,0
28,Marcos Senesi,1,DF,2,0,0,0,0,0,2.0,12320.0,33.0,118.0,32.5,4689.8,5707.4,1375.6,417.3,130.2,13.0,9.0,69.23,5.0,7.0,1.0,13.0,0.0,0.0,0.0,0,0,126,0.0,2.0,0.0,2.0,0.0,1.0,0.84,0.0,0.0,79.0,95.0,0.0,0.0,1.0,0.0,0.0,0.0,0,0.0,4.0,3.0,0,3,0,0,0,0,0,0,0
29,Nicolas Tagliafico,1,DF,3,0,0,0,0,0,7.0,52898.0,191.0,542.0,31.1,22185.0,21021.9,6291.700000000001,2454.9999999999995,944.0,38.0,24.0,63.16,5.0,21.0,12.0,37.0,1.0,0.0,4.0,0,0,543,0.0,0.0,0.0,0.0,0.0,0.0,0.0,0.0,0.0,217.0,88.0,4.0,25.0,8.0,50.0,2.0,100.0,0,14.0,98.0,25.0,9,16,0,0,0,2,0,0,0
30,Gonzalo Montiel,1,DF,4,0,0,0,0,0,6.0,26324.0,106.0,330.0,33.2,10029.8,10730.9,3724.4,1388.3,450.7000000000001,13.0,9.0,69.23,1.0,3.0,9.0,13.0,0.0,0.0,5.0,0,1,241,0.0,1.0,0.0,1.0,0.0,0.0,0.15,0.0,0.0,100.0,81.0,5.0,0.0,0.0,0.0,0.0,0.0,0,3.0,21.0,7.0,4,2,1,0,0,0,0,0,0
31,Leandro Paredes,1,MF,5,0,0,0,0,0,7.0,54268.0,148.0,566.0,30.2,22184.0,23201.6,6485.9,1917.4,479.5,128.0,115.0,89.84,51.0,52.0,25.0,126.0,0.0,2.0,0.0,0,0,557,1.0,4.0,0.0,0.0,4.0,0.0,0.07,0.0,1.0,565.0,94.0,2.0,50.0,8.0,38.0,7.0,100.0,0,18.0,63.0,19.0,9,3,2,0,0,0,0,0,0
32,Lisandro Martinez,1,DF,6,1,1,0,0,1,7.0,62188.0,167.0,485.0,31.3,31448.3,22385.7,5632.400000000001,2089.8,631.6,122.0,104.0,85.25,30.0,62.0,30.0,119.0,1.0,2.0,3.0,1,1,708,2.0,4.0,25.0,2.0,2.0,0.0,0.2,5.09,0.0,450.0,94.0,3.0,0.0,9.0,67.0,1.0,100.0,0,11.0,31.0,13.0,7,4,2,0,0,0,0,0,0
33,Rodrigo De Paul,1,MF,7,0,0,0,0,0,7.0,54526.0,286.0,573.0,32.2,23406.8,19670.9,6767.2,3539.9,1141.7,61.0,48.0,78.69,23.0,22.0,16.0,50.0,8.0,3.0,12.0,0,1,539,1.0,2.0,0.0,0.0,2.0,0.0,0.06,0.0,1.0,327.0,92.0,13.0,38.0,9.0,67.0,1.0,100.0,0,11.0,164.0,17.0,2,5,1,0,0,1,0,0,0
34,Valentin Barco,1,MF,8,0,0,0,0,0,1.0,2815.0,14.0,41.0,28.2,982.8,1105.2,477.2,216.7,32.8,4.0,4.0,100.0,3.0,1.0,0.0,4.0,0.0,0.0,0.0,0,0,24,0.0,0.0,0.0,0.0,0.0,0.0,0.0,0.0,0.0,20.0,85.0,0.0,0.0,1.0,100.0,0.0,0.0,0,0.0,7.0,2.0,0,1,0,0,0,0,0,0,0
35,Julian Alvarez,1,FW,9,1,1,0,0,1,8.0,71340.0,340.0,787.0,35.0,24818.3,31846.9,8803.800000000001,4194.5,1677.0,29.0,22.0,75.86,4.0,16.0,9.0,26.0,0.0,3.0,1.0,1,0,690,5.0,11.0,9.0,7.0,4.0,0.0,1.39,0.72,0.0,215.0,85.0,1.0,0.0,4.0,50.0,4.0,100.0,0,38.0,285.0,37.0,11,4,0,0,0,2,0,0,0
36,Lionel Messi,1,FW,10,8,8,0,0,8,8.0,64420.0,204.0,527.0,30.8,41334.4,14066.9,5803.000000000001,2724.3,490.8,132.0,87.0,65.91,57.0,38.0,37.0,105.0,9.0,18.0,15.0,8,4,853,19.0,35.0,23.0,16.0,19.0,0.0,6.18,1.29,38.0,367.0,78.0,46.0,39.0,36.0,58.0,5.0,80.0,0,26.0,194.0,23.0,3,20,0,0,0,5,0,0,0
37,Giovani Lo Celso,1,MF,11,1,1,0,0,1,1.0,7526.0,23.0,123.0,28.9,2290.5,3532.7,1343.3,288.4,70.6,11.0,10.0,90.91,5.0,5.0,1.0,10.0,0.0,1.0,0.0,1,0,64,1.0,1.0,100.0,0.0,1.0,0.0,0.15,6.61,1.0,51.0,92.0,1.0,100.0,0.0,0.0,0.0,0.0,0,8.0,23.0,6.0,1,1,0,0,0,1,0,0,0
38,Geronimo Rulli,1,GK,12,0,0,0,0,0,0.0,0.0,0.0,0.0,0.0,0.0,0.0,0.0,0.0,0.0,0.0,0.0,0.0,0.0,0.0,0.0,0.0,0.0,0.0,0.0,0,0,0,0.0,0.0,0.0,0.0,0.0,0.0,0.0,0.0,0.0,0.0,0.0,0.0,0.0,0.0,0.0,0.0,0.0,0,0.0,0.0,0.0,0,0,0,0,0,0,0,0,0
39,Cristian Romero,1,DF,13,1,1,0,0,1,7.0,57672.0,108.0,415.0,32.3,31654.6,19232.7,5175.0,1305.7,303.6,97.0,89.0,91.75,32.0,53.0,12.0,97.0,0.0,0.0,0.0,1,0,685,2.0,3.0,33.0,3.0,0.0,3.0,0.41,2.45,0.0,430.0,97.0,0.0,0.0,1.0,0.0,0.0,0.0,0,11.0,52.0,22.0,9,3,2,0,0,0,0,0,0
40,Exequiel Palacios,1,MF,14,0,0,0,0,0,1.0,10029.0,37.0,113.0,32.5,3833.7,4156.3,1320.7,534.1,184.1,19.0,17.0,89.47,3.0,15.0,1.0,19.0,0.0,0.0,0.0,0,0,100,0.0,0.0,0.0,0.0,0.0,0.0,0.0,0.0,0.0,94.0,95.0,0.0,0.0,0.0,0.0,0.0,0.0,0,1.0,5.0,1.0,1,1,0,0,0,0,0,0,0
41,Nico Gonzalez,1,MF,15,0,0,0,0,0,7.0,32892.0,153.0,322.0,33.5,12732.9,13136.100000000002,4224.700000000001,1808.7,989.4,16.0,8.0,50.0,6.0,7.0,3.0,10.0,0.0,6.0,9.0,0,1,324,1.0,7.0,0.0,7.0,0.0,4.0,0.48,0.0,0.0,109.0,83.0,9.0,44.0,8.0,63.0,0.0,0.0,0,12.0,77.0,7.0,4,3,0,0,0,2,0,0,0
42,Thiago Almada,1,FW,16,0,0,0,0,0,5.0,31810.0,137.0,362.0,33.3,9786.7,15176.7,4306.4,1762.0,778.3000000000001,29.0,25.0,86.21,14.0,13.0,2.0,28.0,0.0,1.0,1.0,0,0,267,2.0,5.0,0.0,2.0,3.0,0.0,0.25,0.0,0.0,170.0,91.0,1.0,0.0,2.0,50.0,2.0,100.0,0,26.0,70.0,11.0,2,2,1,0,0,2,0,0,0
43,Giuliano Simeone,1,FW,17,0,0,0,0,0,3.0,23626.0,114.0,296.0,35.2,8566.199999999999,9294.9,3615.4,1352.6,796.5999999999999,13.0,9.0,69.23,2.0,10.0,1.0,10.0,0.0,3.0,6.0,0,0,217,0.0,1.0,0.0,1.0,0.0,0.0,0.05,0.0,0.0,82.0,85.0,6.0,0.0,3.0,100.0,0.0,0.0,0,11.0,74.0,14.0,9,1,0,0,0,1,0,0,0
44,Nico Paz,1,FW,18,0,0,0,0,0,2.0,9190.0,39.0,110.0,31.1,3092.1,4134.1,1312.8,442.0,208.4,8.0,8.0,100.0,3.0,4.0,1.0,8.0,0.0,0.0,1.0,0,0,81,0.0,1.0,0.0,0.0,1.0,0.0,0.08,0.0,0.0,56.0,96.0,1.0,0.0,2.0,100.0,2.0,100.0,0,7.0,44.0,6.0,2,1,0,0,0,0,0,0,0
45,Nicolas Otamendi,1,DF,19,0,0,0,0,0,7.0,29859.0,89.0,336.0,30.6,12431.000000000002,11713.7,4102.6,1120.4,491.19999999999993,36.0,32.0,88.89,7.0,23.0,6.0,36.0,0.0,0.0,0.0,0,0,308,0.0,1.0,0.0,1.0,0.0,1.0,0.07,0.0,0.0,187.0,95.0,0.0,0.0,1.0,100.0,1.0,100.0,0,3.0,18.0,8.0,4,4,0,0,0,1,0,0,0
46,Alexis Mac Allister,1,MF,20,1,1,0,0,1,8.0,90562.0,277.0,1024.0,30.2,32710.0,41710.2,11818.2,3470.1,853.3000000000001,76.0,63.0,82.89,31.0,31.0,14.0,76.0,0.0,0.0,1.0,1,1,869,4.0,13.0,8.0,10.0,3.0,9.0,1.92,0.52,0.0,430.0,91.0,1.0,0.0,3.0,33.0,3.0,100.0,0,36.0,239.0,37.0,9,12,1,0,0,0,0,0,0
47,Jose Manuel Lopez,1,FW,21,0,0,0,0,0,2.0,3081.0,17.0,43.0,30.1,1001.9,1365.2,467.3,195.4,51.5,1.0,0.0,0.0,0.0,1.0,0.0,0.0,0.0,1.0,0.0,0,1,28,0.0,1.0,0.0,1.0,0.0,0.0,0.04,0.0,0.0,2.0,100.0,0.0,0.0,1.0,0.0,0.0,0.0,0,2.0,9.0,3.0,1,0,1,0,0,0,0,0,0
48,Lautaro Martinez,1,FW,22,3,2,1,0,3,7.0,37721.0,151.0,369.0,31.5,14218.1,16530.1,4371.099999999999,1885.1,716.4,4.0,2.0,50.0,3.0,1.0,0.0,3.0,0.0,1.0,2.0,3,1,368,4.0,10.0,30.0,9.0,1.0,2.0,2.17,1.38,0.0,71.0,85.0,2.0,50.0,2.0,50.0,0.0,0.0,0,26.0,181.0,19.0,8,5,1,0,0,2,0,0,0
49,Emiliano Martinez,1,GK,23,0,0,0,0,0,8.0,42953.0,18.0,78.0,27.6,35905.5,5887.299999999999,877.5,249.7,33.1,99.0,41.0,41.41,4.0,5.0,90.0,99.0,0.0,0.0,0.0,0,0,934,0.0,0.0,0.0,0.0,0.0,0.0,0.0,0.0,0.0,268.0,73.0,0.0,0.0,10.0,20.0,1.0,100.0,0,0.0,0.0,0.0,0,1,0,0,0,0,20,111,97
50,Enzo Fernandez,1,MF,24,2,2,0,0,2,7.0,82829.0,332.0,1054.0,32.6,29517.4,35612.200000000004,12078.1,4210.7,1410.9,124.0,111.0,89.52,34.0,69.0,21.0,119.0,1.0,4.0,5.0,2,0,755,4.0,12.0,17.0,4.0,8.0,2.0,0.9,2.22,0.0,519.0,92.0,5.0,40.0,21.0,71.0,8.0,88.0,0,46.0,204.0,28.0,12,6,2,1,1,1,0,0,0
51,Facundo Medina,1,DF,25,0,0,0,0,0,5.0,36406.0,121.0,409.0,32.3,13512.1,16048.2,4512.2,1591.6999999999998,741.7,27.0,23.0,85.19,1.0,15.0,11.0,27.0,0.0,0.0,5.0,0,1,350,0.0,0.0,0.0,0.0,0.0,0.0,0.0,0.0,0.0,163.0,92.0,5.0,40.0,2.0,100.0,0.0,0.0,0,14.0,63.0,15.0,3,2,1,0,0,1,0,0,0
52,Nahuel Molina,1,DF,26,0,0,0,0,0,7.0,57871.0,265.0,608.0,33.7,24633.4,21381.3,7233.6,3192.5,1430.6,66.0,40.0,60.61,12.0,33.0,21.0,65.0,1.0,0.0,6.0,0,0,592,0.0,1.0,0.0,0.0,1.0,0.0,0.02,0.0,0.0,276.0,85.0,6.0,0.0,6.0,33.0,2.0,100.0,0,27.0,128.0,26.0,3,0,0,0,0,1,0,0,0
53,Mathew Ryan,13,GK,1,0,0,0,0,0,1.0,207.0,0.0,2.0,18.1,113.9,53.3,39.8,0.0,0.0,0.0,0.0,0.0,0.0,0.0,0.0,0.0,0.0,0.0,0.0,0,0,2,0.0,0.0,0.0,0.0,0.0,0.0,0.0,0.0,0.0,0.0,0.0,0.0,0.0,0.0,0.0,0.0,0.0,0,0.0,0.0,0.0,0,0,0,0,0,0,0,0,0
54,Milos Degenek,13,DF,2,0,0,0,0,0,0.0,0.0,0.0,0.0,0.0,0.0,0.0,0.0,0.0,0.0,0.0,0.0,0.0,0.0,0.0,0.0,0.0,0.0,0.0,0.0,0,0,0,0.0,0.0,0.0,0.0,0.0,0.0,0.0,0.0,0.0,0.0,0.0,0.0,0.0,0.0,0.0,0.0,0.0,0,0.0,0.0,0.0,0,0,0,0,0,0,0,0,0
55,Alessandro Circati,13,DF,3,0,0,0,0,0,4.0,44568.0,142.0,424.0,33.4,16359.3,21079.0,4785.9,1805.8,538.5,80.0,56.0,70.0,21.0,37.0,22.0,75.0,1.0,4.0,1.0,0,0,438,0.0,3.0,0.0,2.0,1.0,2.0,0.13,0.0,0.0,221.0,80.0,1.0,0.0,10.0,60.0,4.0,75.0,0,12.0,48.0,28.0,5,4,1,0,0,0,0,0,0
56,Jacob Italiano,13,DF,4,0,0,0,0,0,2.0,20985.0,121.0,279.0,32.8,6637.3,9326.2,3042.9,1365.0,614.0,14.0,8.0,57.14,0.0,7.0,7.0,12.0,2.0,0.0,9.0,0,0,183,0.0,1.0,0.0,0.0,1.0,0.0,0.03,0.0,0.0,43.0,77.0,9.0,33.0,2.0,50.0,2.0,100.0,0,6.0,83.0,14.0,0,0,1,0,0,0,0,0,0
57,Jordan Bos,13,DF,5,0,0,0,0,0,4.0,36920.0,223.0,396.0,36.7,12171.2,15930.9,4844.1,2674.7,1299.5,22.0,15.0,68.18,4.0,10.0,8.0,16.0,1.0,5.0,8.0,0,0,343,2.0,5.0,0.0,3.0,2.0,0.0,0.42,0.0,0.0,107.0,88.0,8.0,38.0,8.0,38.0,1.0,100.0,0,23.0,84.0,21.0,4,4,1,0,0,0,0,0,0
58,Jason Geria,13,DF,6,0,0,0,0,0,2.0,7925.0,29.0,78.0,31.6,3101.5,3213.8,983.5,383.3,242.9,13.0,10.0,76.92,2.0,3.0,8.0,12.0,1.0,0.0,1.0,0,0,75,0.0,0.0,0.0,0.0,0.0,0.0,0.0,0.0,0.0,23.0,78.0,1.0,0.0,0.0,0.0,0.0,0.0,0,1.0,21.0,3.0,2,0,0,0,0,0,0,0,0
59,Mathew Leckie,13,FW,7,0,0,0,0,0,1.0,7358.0,31.0,100.0,32.4,2039.2,3748.3,1080.4,354.3,136.3,3.0,2.0,66.67,2.0,1.0,0.0,3.0,0.0,0.0,1.0,0,0,67,0.0,1.0,0.0,1.0,0.0,0.0,0.1,0.0,0.0,10.0,70.0,1.0,0.0,0.0,0.0,0.0,0.0,0,2.0,30.0,4.0,1,1,0,0,0,0,0,0,0
60,Connor Metcalfe,13,MF,8,1,1,0,0,1,4.0,38525.0,175.0,513.0,32.3,13065.1,16542.7,6013.1,2184.7,719.1,26.0,19.0,73.08,8.0,11.0,7.0,25.0,0.0,1.0,5.0,1,0,354,2.0,5.0,20.0,1.0,4.0,0.0,0.11,9.21,3.0,80.0,81.0,8.0,13.0,7.0,71.0,1.0,0.0,0,28.0,180.0,11.0,1,0,0,0,0,0,0,0,0
61,Mohamed Toure,13,FW,9,0,0,0,0,0,3.0,19508.0,79.0,217.0,35.8,7199.6,8418.4,2478.1,842.8,569.0,3.0,2.0,66.67,2.0,1.0,0.0,2.0,0.0,1.0,2.0,0,0,182,1.0,4.0,0.0,4.0,0.0,1.0,0.26,0.0,0.0,16.0,75.0,2.0,0.0,2.0,50.0,0.0,0.0,0,3.0,86.0,5.0,4,2,0,0,0,1,0,0,0
62,Ajdin Hrustic,13,FW,10,0,0,0,0,0,2.0,11460.0,58.0,183.0,30.2,3238.8,5063.6,2129.3,778.2,250.6,4.0,1.0,25.0,0.0,0.0,4.0,2.0,2.0,0.0,3.0,0,0,90,0.0,3.0,0.0,2.0,1.0,0.0,0.11,0.0,1.0,31.0,87.0,5.0,40.0,0.0,0.0,0.0,0.0,0,5.0,40.0,2.0,1,0,0,0,0,0,0,0,0
63,Awer Mabil,13,FW,11,0,0,0,0,0,1.0,3743.0,20.0,55.0,31.1,1069.2,1718.0,625.0,208.2,122.5,5.0,2.0,40.0,2.0,2.0,1.0,4.0,1.0,0.0,0.0,0,0,31,0.0,1.0,0.0,0.0,1.0,0.0,0.03,0.0,0.0,8.0,63.0,1.0,0.0,0.0,0.0,0.0,0.0,0,1.0,20.0,0.0,0,1,0,0,0,0,0,0,0
64,Paul Izzo,13,GK,12,0,0,0,0,0,0.0,0.0,0.0,0.0,0.0,0.0,0.0,0.0,0.0,0.0,0.0,0.0,0.0,0.0,0.0,0.0,0.0,0.0,0.0,0.0,0,0,0,0.0,0.0,0.0,0.0,0.0,0.0,0.0,0.0,0.0,0.0,0.0,0.0,0.0,0.0,0.0,0.0,0.0,0,0.0,0.0,0.0,0,0,0,0,0,0,0,0,0
65,Aiden Oneill,13,MF,13,0,0,0,0,0,4.0,47323.0,186.0,648.0,32.8,13835.2,22645.1,7983.4,2376.9,482.6,71.0,46.0,64.79,22.0,26.0,23.0,61.0,3.0,7.0,4.0,0,0,406,0.0,2.0,0.0,1.0,1.0,0.0,0.07,0.0,4.0,172.0,83.0,8.0,50.0,12.0,42.0,3.0,33.0,0,25.0,105.0,15.0,2,8,0,0,0,0,0,0,0
66,Cameron Devlin,13,MF,14,0,0,0,0,0,0.0,0.0,0.0,0.0,0.0,0.0,0.0,0.0,0.0,0.0,0.0,0.0,0.0,0.0,0.0,0.0,0.0,0.0,0.0,0.0,0,0,0,0.0,0.0,0.0,0.0,0.0,0.0,0.0,0.0,0.0,0.0,0.0,0.0,0.0,0.0,0.0,0.0,0.0,0,0.0,0.0,0.0,0,0,0,0,0,0,0,0,0
67,Kai Trewin,13,DF,15,0,0,0,0,0,1.0,8816.0,41.0,98.0,29.7,2966.8,4083.9,1106.5,484.9,173.9,10.0,7.0,70.0,2.0,2.0,6.0,9.0,1.0,0.0,2.0,0,0,81,0.0,1.0,0.0,0.0,1.0,0.0,0.0,0.0,0.0,31.0,87.0,2.0,0.0,1.0,0.0,0.0,0.0,0,7.0,22.0,4.0,0,1,0,0,0,0,0,0,0
68,Aziz Behich,13,DF,16,0,0,0,0,0,3.0,26853.0,105.0,341.0,32.9,9006.4,11895.4,4028.0,1440.9,482.8,21.0,14.0,66.67,6.0,7.0,8.0,20.0,1.0,0.0,6.0,0,0,245,1.0,1.0,0.0,1.0,0.0,0.0,0.02,0.0,0.0,82.0,73.0,6.0,17.0,1.0,0.0,1.0,100.0,0,9.0,55.0,7.0,1,4,0,0,0,0,0,0,0
69,Nestory Irankunda,13,FW,17,1,1,0,0,1,4.0,27279.0,129.0,263.0,35.1,10517.2,11031.7,3133.6000000000004,1427.0,1169.5,5.0,4.0,80.0,3.0,2.0,0.0,4.0,0.0,1.0,1.0,1,0,285,3.0,6.0,17.0,4.0,2.0,1.0,0.81,1.23,0.0,44.0,73.0,1.0,0.0,1.0,100.0,1.0,0.0,0,13.0,116.0,3.0,4,5,0,0,0,0,0,0,0
70,Patrick Beach,13,GK,18,0,0,0,0,0,4.0,19048.0,5.0,23.0,24.0,15445.6,3103.2,363.1,135.9,0.0,54.0,20.0,37.04,0.0,5.0,49.0,54.0,0.0,0.0,0.0,0,0,435,0.0,0.0,0.0,0.0,0.0,0.0,0.0,0.0,0.0,122.0,65.0,0.0,0.0,3.0,0.0,0.0,0.0,0,0.0,0.0,0.0,0,0,0,0,0,0,14,91,76
71,Harry Souttar,13,DF,19,0,0,0,0,0,4.0,43036.0,82.0,370.0,30.7,17363.899999999998,20177.0,4193.3,985.6,316.0,64.0,41.0,64.06,23.0,10.0,31.0,64.0,0.0,0.0,0.0,0,0,438,1.0,1.0,0.0,1.0,0.0,1.0,0.05,0.0,0.0,199.0,86.0,0.0,0.0,8.0,38.0,3.0,33.0,0,4.0,18.0,6.0,8,1,1,0,0,0,0,0,0
72,Cristian Volpato,13,FW,20,0,0,0,0,0,3.0,20702.0,94.0,322.0,29.8,7065.300000000001,8590.8,3517.2000000000003,1295.6,233.3,22.0,13.0,59.09,7.0,11.0,4.0,16.0,1.0,5.0,5.0,0,0,180,1.0,4.0,0.0,2.0,2.0,0.0,0.28,0.0,7.0,66.0,79.0,13.0,23.0,9.0,56.0,0.0,0.0,0,11.0,64.0,4.0,1,2,0,0,0,0,0,0,0
73,Cameron Burgess,13,DF,21,0,0,0,1,1,2.0,15036.0,33.0,147.0,34.2,6157.9,6431.200000000001,1819.0,430.4,197.3,18.0,13.0,72.22,3.0,8.0,7.0,17.0,0.0,1.0,0.0,0,0,152,0.0,0.0,0.0,0.0,0.0,0.0,0.0,0.0,0.0,56.0,80.0,0.0,0.0,2.0,50.0,1.0,0.0,1,2.0,14.0,9.0,0,0,0,0,0,0,0,0,0
74,Jackson Irvine,13,MF,22,0,0,0,0,0,4.0,31483.0,125.0,495.0,29.9,8895.8,14632.4,5882.4,1719.4000000000003,353.0,32.0,20.0,62.5,11.0,5.0,16.0,31.0,0.0,1.0,2.0,0,0,255,1.0,3.0,0.0,3.0,0.0,1.0,0.21,0.0,0.0,124.0,83.0,2.0,50.0,2.0,0.0,2.0,100.0,0,7.0,80.0,11.0,3,3,1,0,0,0,0,0,0
75,Nishan Velupillay,13,FW,23,0,0,0,0,0,2.0,9830.0,53.0,140.0,31.1,3062.3,4338.6,1575.9,634.4000000000001,218.8,5.0,0.0,0.0,1.0,2.0,2.0,4.0,0.0,1.0,0.0,0,0,88,0.0,0.0,0.0,0.0,0.0,0.0,0.0,0.0,0.0,12.0,50.0,0.0,0.0,0.0,0.0,0.0,0.0,0,1.0,57.0,4.0,1,0,0,0,0,0,0,0,0
76,Paul Okon-Engstler,13,MF,24,0,0,0,0,0,4.0,25988.0,108.0,365.0,32.5,6583.299999999999,13176.3,4143.700000000001,1632.1,452.4,24.0,20.0,83.33,8.0,7.0,9.0,23.0,0.0,1.0,0.0,0,1,214,0.0,0.0,0.0,0.0,0.0,0.0,0.0,0.0,1.0,89.0,87.0,1.0,100.0,6.0,83.0,2.0,100.0,0,9.0,78.0,5.0,3,2,0,0,0,0,0,0,0
77,Lucas Herrington,13,DF,25,0,0,0,0,0,2.0,23286.0,41.0,210.0,32.7,8086.0,12278.2,2270.8,549.8,101.6,18.0,15.0,83.33,4.0,10.0,4.0,17.0,0.0,1.0,0.0,0,0,232,0.0,0.0,0.0,0.0,0.0,0.0,0.0,0.0,0.0,106.0,95.0,0.0,0.0,0.0,0.0,0.0,0.0,0,4.0,11.0,4.0,2,0,0,0,0,0,0,0,0
78,Tete Yengi,13,FW,26,0,0,0,0,0,2.0,4138.0,20.0,59.0,31.6,1204.5,1896.2,763.9,236.9,36.9,2.0,0.0,0.0,1.0,1.0,0.0,1.0,0.0,1.0,1.0,0,0,33,1.0,1.0,0.0,1.0,0.0,0.0,0.1,0.0,0.0,5.0,60.0,1.0,0.0,2.0,0.0,0.0,0.0,0,1.0,17.0,2.0,3,0,0,0,0,0,0,0,0
79,Alexander Schlager,14,GK,1,0,0,0,0,0,4.0,23367.0,20.0,81.0,30.1,15613.4,6510.799999999999,903.3,276.7,63.5,26.0,11.0,42.31,4.0,1.0,21.0,26.0,0.0,0.0,0.0,0,0,412,0.0,0.0,0.0,0.0,0.0,0.0,0.0,0.0,0.0,123.0,86.0,0.0,0.0,0.0,0.0,0.0,0.0,0,0.0,0.0,0.0,0,1,0,0,0,0,15,85,74
80,David Affengruber,14,DF,2,0,0,0,0,0,0.0,0.0,0.0,0.0,0.0,0.0,0.0,0.0,0.0,0.0,0.0,0.0,0.0,0.0,0.0,0.0,0.0,0.0,0.0,0.0,0,0,0,0.0,0.0,0.0,0.0,0.0,0.0,0.0,0.0,0.0,0.0,0.0,0.0,0.0,0.0,0.0,0.0,0.0,0,0.0,0.0,0.0,0,0,0,0,0,0,0,0,0
81,Kevin Danso,14,DF,3,0,0,0,0,0,4.0,25686.0,95.0,266.0,31.8,11044.6,10164.0,2970.5,1148.9,357.6,45.0,32.0,71.11,6.0,24.0,15.0,44.0,0.0,1.0,1.0,0,0,284,0.0,0.0,0.0,0.0,0.0,0.0,0.0,0.0,0.0,164.0,90.0,1.0,0.0,1.0,0.0,1.0,100.0,0,2.0,23.0,8.0,1,2,0,0,0,0,0,0,0
82,Xaver Schlager,14,MF,4,0,0,0,0,0,4.0,28614.0,91.0,371.0,32.7,10396.0,12202.2,4462.0,1267.7,286.2,27.0,25.0,92.59,12.0,9.0,6.0,25.0,0.0,2.0,1.0,0,1,265,0.0,1.0,0.0,0.0,1.0,0.0,0.02,0.0,0.0,138.0,94.0,1.0,0.0,1.0,100.0,0.0,0.0,0,3.0,76.0,24.0,6,0,0,0,0,0,0,0,0
83,Stefan Posch,14,DF,5,0,0,0,0,0,4.0,39798.0,164.0,479.0,32.4,14292.7,16829.8,5600.1,2034.2000000000005,1041.1,37.0,20.0,54.05,5.0,10.0,22.0,37.0,0.0,0.0,2.0,0,0,370,0.0,0.0,0.0,0.0,0.0,0.0,0.0,0.0,0.0,132.0,74.0,2.0,0.0,11.0,36.0,0.0,0.0,0,10.0,103.0,29.0,7,3,2,0,0,0,0,0,0
84,Nicolas Seiwald,14,MF,6,0,0,0,0,0,4.0,39640.0,132.0,491.0,32.7,12657.2,19052.9,5521.6,1732.2,676.3,33.0,29.0,87.88,12.0,12.0,9.0,31.0,1.0,1.0,3.0,0,0,361,0.0,0.0,0.0,0.0,0.0,0.0,0.0,0.0,0.0,153.0,92.0,3.0,33.0,2.0,100.0,1.0,100.0,0,16.0,64.0,19.0,1,1,0,0,0,0,0,0,0
85,Marko Arnautovic,14,FW,7,2,1,1,0,2,4.0,15763.0,57.0,156.0,31.8,7017.4,6100.900000000001,1758.4,689.1999999999999,197.0,1.0,1.0,100.0,0.0,1.0,0.0,1.0,0.0,0.0,1.0,2,0,173,3.0,3.0,67.0,3.0,0.0,0.0,1.31,1.53,0.0,32.0,78.0,1.0,0.0,0.0,0.0,0.0,0.0,0,5.0,35.0,1.0,3,1,1,0,0,5,0,0,0
86,David Alaba,14,DF,8,0,0,0,0,0,4.0,29618.0,70.0,297.0,31.2,11268.0,13723.0,3384.9,1009.9,232.1,66.0,48.0,72.73,10.0,28.0,28.0,65.0,1.0,0.0,1.0,0,1,302,0.0,2.0,0.0,0.0,2.0,0.0,0.02,0.0,1.0,222.0,89.0,1.0,0.0,5.0,80.0,1.0,0.0,0,5.0,28.0,9.0,2,0,0,0,0,0,0,0,0
87,Marcel Sabitzer,14,MF,9,1,1,0,0,1,4.0,41364.0,233.0,488.0,33.6,16911.199999999997,14751.7,5868.299999999999,2703.8,1128.9,49.0,30.0,61.22,7.0,19.0,23.0,38.0,8.0,3.0,21.0,1,0,412,0.0,0.0,0.0,0.0,0.0,0.0,0.0,0.0,0.0,126.0,75.0,30.0,33.0,16.0,69.0,1.0,100.0,0,26.0,137.0,10.0,2,3,1,0,0,1,0,0,0
88,Florian Grillitsch,14,MF,10,0,0,0,0,0,2.0,11799.0,41.0,142.0,29.9,4419.2,5056.1,1662.2,527.4,134.6,18.0,15.0,83.33,2.0,10.0,6.0,17.0,0.0,1.0,1.0,0,0,102,0.0,0.0,0.0,0.0,0.0,0.0,0.0,0.0,0.0,60.0,92.0,1.0,0.0,5.0,80.0,0.0,0.0,0,0.0,49.0,11.0,3,1,0,0,0,0,0,0,0
89,Michael Gregoritsch,14,FW,11,0,0,0,0,0,3.0,20132.0,86.0,213.0,30.1,7812.6,8614.4,2423.1,1065.7,216.3,5.0,2.0,40.0,2.0,1.0,2.0,5.0,0.0,0.0,0.0,0,1,207,0.0,1.0,0.0,1.0,0.0,1.0,0.18,0.0,0.0,29.0,69.0,0.0,0.0,2.0,0.0,0.0,0.0,0,9.0,110.0,3.0,1,1,0,0,0,2,0,0,0
90,Florian Wiegele,14,GK,12,0,0,0,0,0,0.0,0.0,0.0,0.0,0.0,0.0,0.0,0.0,0.0,0.0,0.0,0.0,0.0,0.0,0.0,0.0,0.0,0.0,0.0,0.0,0,0,0,0.0,0.0,0.0,0.0,0.0,0.0,0.0,0.0,0.0,0.0,0.0,0.0,0.0,0.0,0.0,0.0,0.0,0,0.0,0.0,0.0,0,0,0,0,0,0,0,0,0
91,Patrick Pentz,14,GK,13,0,0,0,0,0,0.0,0.0,0.0,0.0,0.0,0.0,0.0,0.0,0.0,0.0,0.0,0.0,0.0,0.0,0.0,0.0,0.0,0.0,0.0,0.0,0,0,0,0.0,0.0,0.0,0.0,0.0,0.0,0.0,0.0,0.0,0.0,0.0,0.0,0.0,0.0,0.0,0.0,0.0,0,0.0,0.0,0.0,0,0,0,0,0,0,0,0,0
92,Sasa Kalajdzic,14,FW,14,1,1,0,0,1,3.0,9644.0,62.0,137.0,29.7,3238.3,3908.8,1627.4,729.5999999999999,139.9,3.0,1.0,33.33,1.0,0.0,2.0,3.0,0.0,0.0,1.0,1,0,88,0.0,0.0,0.0,0.0,0.0,0.0,0.0,0.0,0.0,24.0,67.0,1.0,0.0,2.0,0.0,1.0,0.0,0,8.0,40.0,2.0,2,2,0,0,0,0,0,0,0
93,Philipp Lienhart,14,DF,15,0,0,0,0,0,2.0,20886.0,58.0,212.0,32.1,7922.6,9893.1,2165.6,718.8,186.2,37.0,28.0,75.68,7.0,17.0,13.0,36.0,0.0,1.0,0.0,0,0,207,0.0,0.0,0.0,0.0,0.0,0.0,0.0,0.0,0.0,140.0,91.0,0.0,0.0,3.0,67.0,1.0,100.0,0,1.0,11.0,4.0,0,0,0,0,0,0,0,0,0
94,Phillip Mwene,14,DF,16,0,0,0,0,0,2.0,17930.0,76.0,189.0,31.7,5979.0,8197.8,2204.2,935.9,613.0,12.0,11.0,91.67,2.0,7.0,3.0,11.0,1.0,0.0,6.0,0,0,160,0.0,0.0,0.0,0.0,0.0,0.0,0.0,0.0,0.0,64.0,88.0,6.0,0.0,2.0,50.0,0.0,0.0,0,3.0,32.0,8.0,1,1,0,0,0,0,0,0,0
95,Carney Chukwuemeka,14,MF,17,0,0,0,0,0,3.0,11570.0,58.0,160.0,30.7,3907.7,4796.9,1759.6,762.2,343.2,9.0,7.0,77.78,4.0,5.0,0.0,7.0,0.0,2.0,0.0,0,0,108,0.0,0.0,0.0,0.0,0.0,0.0,0.0,0.0,0.0,30.0,83.0,0.0,0.0,0.0,0.0,0.0,0.0,0,7.0,51.0,4.0,2,2,0,0,0,0,0,0,0
96,Romano Schmid,14,MF,18,1,1,0,0,1,4.0,31408.0,161.0,439.0,34.0,10307.8,13362.5,5020.700000000001,2081.6,635.5,31.0,18.0,58.06,17.0,5.0,9.0,30.0,1.0,0.0,4.0,1,0,283,0.0,0.0,0.0,0.0,0.0,0.0,0.0,0.0,0.0,91.0,71.0,4.0,50.0,5.0,40.0,1.0,100.0,0,14.0,142.0,18.0,3,4,0,0,0,0,0,0,0
97,Dejan Ljubicic,14,MF,19,0,0,0,0,0,0.0,0.0,0.0,0.0,0.0,0.0,0.0,0.0,0.0,0.0,0.0,0.0,0.0,0.0,0.0,0.0,0.0,0.0,0.0,0.0,0,0,0,0.0,0.0,0.0,0.0,0.0,0.0,0.0,0.0,0.0,0.0,0.0,0.0,0.0,0.0,0.0,0.0,0.0,0,0.0,0.0,0.0,0,0,0,0,0,0,0,0,0
98,Konrad Laimer,14,MF,20,0,0,0,0,0,4.0,42645.0,194.0,442.0,34.1,15835.0,18271.3,5054.300000000001,2380.2000000000003,1103.8000000000002,38.0,29.0,76.32,9.0,17.0,12.0,37.0,0.0,1.0,7.0,0,1,412,0.0,1.0,0.0,0.0,1.0,0.0,0.01,0.0,0.0,150.0,87.0,7.0,14.0,8.0,63.0,0.0,0.0,0,19.0,149.0,32.0,6,3,1,0,0,3,0,0,0
99,Patrick Wimmer,14,FW,21,0,0,0,0,0,2.0,4379.0,23.0,54.0,31.5,1393.4,1728.2,736.9000000000001,298.5,222.3,4.0,4.0,100.0,1.0,3.0,0.0,3.0,0.0,1.0,0.0,0,0,39,0.0,0.0,0.0,0.0,0.0,0.0,0.0,0.0,0.0,13.0,54.0,0.0,0.0,2.0,100.0,0.0,0.0,0,4.0,15.0,6.0,3,1,0,0,0,0,0,0,0
100,Alexander Prass,14,MF,22,0,0,0,0,0,2.0,4686.0,28.0,61.0,31.0,1312.8,2042.7,672.2,352.3,306.29999999999995,7.0,5.0,71.43,0.0,4.0,3.0,4.0,2.0,1.0,3.0,0,0,41,0.0,0.0,0.0,0.0,0.0,0.0,0.0,0.0,0.0,25.0,88.0,3.0,0.0,3.0,33.0,0.0,0.0,0,0.0,5.0,0.0,0,0,0,0,0,0,0,0,0
101,Marco Friedl,14,DF,23,0,0,0,0,0,1.0,2757.0,12.0,30.0,29.5,1080.9,1153.8,310.7,170.0,41.8,9.0,8.0,88.89,1.0,7.0,1.0,9.0,0.0,0.0,0.0,0,0,30,0.0,0.0,0.0,0.0,0.0,0.0,0.0,0.0,0.0,31.0,97.0,0.0,0.0,0.0,0.0,0.0,0.0,0,0.0,4.0,1.0,0,0,0,0,0,0,0,0,0
102,Paul Wanner,14,MF,24,0,0,0,0,0,4.0,30227.0,115.0,392.0,30.0,9213.9,14692.9,4406.6,1509.7,404.2,27.0,20.0,74.07,13.0,6.0,8.0,24.0,0.0,3.0,1.0,0,0,270,0.0,0.0,0.0,0.0,0.0,0.0,0.0,0.0,0.0,80.0,85.0,1.0,0.0,4.0,75.0,1.0,100.0,0,18.0,146.0,20.0,4,1,0,0,0,0,0,0,0
103,Michael Svoboda,14,DF,25,0,0,0,0,0,0.0,0.0,0.0,0.0,0.0,0.0,0.0,0.0,0.0,0.0,0.0,0.0,0.0,0.0,0.0,0.0,0.0,0.0,0.0,0.0,0,0,0,0.0,0.0,0.0,0.0,0.0,0.0,0.0,0.0,0.0,0.0,0.0,0.0,0.0,0.0,0.0,0.0,0.0,0,0.0,0.0,0.0,0,0,0,0,0,0,0,0,0
104,Alessandro Schoepf,14,MF,26,0,0,0,0,0,0.0,0.0,0.0,0.0,0.0,0.0,0.0,0.0,0.0,0.0,0.0,0.0,0.0,0.0,0.0,0.0,0.0,0.0,0.0,0.0,0,0,0,0.0,0.0,0.0,0.0,0.0,0.0,0.0,0.0,0.0,0.0,0.0,0.0,0.0,0.0,0.0,0.0,0.0,0,0.0,0.0,0.0,0,0,0,0,0,0,0,0,0
105,Thibaut Courtois,2,GK,1,0,0,0,0,0,6.0,29790.0,13.0,55.0,26.6,24050.0,4927.3,604.4,168.20000000000002,40.400000000000006,78.0,34.0,43.59,1.0,4.0,73.0,78.0,0.0,0.0,0.0,0,0,625,0.0,0.0,0.0,0.0,0.0,0.0,0.0,0.0,0.0,198.0,73.0,0.0,0.0,5.0,0.0,0.0,0.0,0,0.0,0.0,0.0,0,0,0,0,0,0,17,110,90
106,Zeno Debast,2,DF,2,0,0,0,0,0,0.0,0.0,0.0,0.0,0.0,0.0,0.0,0.0,0.0,0.0,0.0,0.0,0.0,0.0,0.0,0.0,0.0,0.0,0.0,0.0,0,0,0,0.0,0.0,0.0,0.0,0.0,0.0,0.0,0.0,0.0,0.0,0.0,0.0,0.0,0.0,0.0,0.0,0.0,0,0.0,0.0,0.0,0,0,0,0,0,0,0,0,0
107,Arthur Theate,2,DF,3,0,0,0,0,0,3.0,27207.0,82.0,249.0,31.6,10180.5,12580.600000000002,3131.1,972.9,342.00000000000006,36.0,28.0,77.78,2.0,25.0,9.0,36.0,0.0,0.0,0.0,0,0,268,0.0,0.0,0.0,0.0,0.0,0.0,0.0,0.0,0.0,164.0,93.0,0.0,0.0,0.0,0.0,0.0,0.0,0,3.0,10.0,6.0,1,0,0,0,0,0,0,0,0
108,Brandon Mechele,2,DF,4,0,0,0,0,0,6.0,68409.0,227.0,806.0,30.8,22811.0,31976.2,9788.2,2902.1,931.4,93.0,75.0,80.65,19.0,43.0,31.0,91.0,0.0,2.0,0.0,0,0,651,0.0,0.0,0.0,0.0,0.0,0.0,0.0,0.0,0.0,399.0,92.0,0.0,0.0,4.0,50.0,2.0,100.0,0,16.0,48.0,15.0,9,2,1,0,0,0,0,0,0
109,Maxim De Cuyper,2,DF,5,0,0,0,0,0,6.0,54016.0,234.0,653.0,32.9,17795.1,24134.300000000003,7676.5,3166.1,1244.5000000000002,62.0,40.0,64.52,12.0,26.0,24.0,57.0,2.0,3.0,11.0,0,0,492,0.0,0.0,0.0,0.0,0.0,0.0,0.0,0.0,0.0,246.0,83.0,16.0,25.0,9.0,44.0,2.0,100.0,0,18.0,77.0,19.0,7,2,1,0,0,0,0,0,0
110,Axel Witsel,2,MF,6,0,0,0,0,0,2.0,5128.0,21.0,84.0,26.4,1401.4,2378.2000000000003,1054.1,277.4,17.2,2.0,2.0,100.0,1.0,0.0,1.0,2.0,0.0,0.0,0.0,0,0,42,0.0,0.0,0.0,0.0,0.0,0.0,0.0,0.0,0.0,9.0,89.0,0.0,0.0,0.0,0.0,0.0,0.0,0,1.0,21.0,3.0,2,1,1,0,0,0,0,0,0
111,Kevin De Bruyne,2,MF,7,1,1,0,0,1,5.0,46613.0,204.0,573.0,32.2,16524.800000000003,19476.0,7110.200000000001,2645.7,856.0,73.0,48.0,65.75,26.0,24.0,23.0,65.0,6.0,2.0,10.0,1,0,412,0.0,0.0,0.0,0.0,0.0,0.0,0.0,0.0,0.0,185.0,83.0,21.0,24.0,21.0,48.0,2.0,100.0,0,14.0,145.0,13.0,2,4,1,0,0,0,0,0,0
112,Youri Tielemans,2,MF,8,2,1,1,0,2,5.0,61813.0,256.0,862.0,29.8,18494.9,29052.2,10137.4,3485.4,642.6999999999999,85.0,60.0,70.59,29.0,33.0,23.0,76.0,6.0,3.0,9.0,2,0,538,0.0,0.0,0.0,0.0,0.0,0.0,0.0,0.0,0.0,255.0,87.0,14.0,21.0,10.0,50.0,5.0,60.0,0,19.0,120.0,24.0,7,10,0,0,0,1,0,0,0
113,Romelu Lukaku,2,FW,9,3,3,0,0,3,6.0,23692.0,79.0,227.0,32.4,10903.1,8705.0,2733.7000000000003,971.5,378.6,4.0,3.0,75.0,2.0,1.0,1.0,4.0,0.0,0.0,0.0,3,1,279,3.0,6.0,50.0,6.0,0.0,2.0,0.77,3.91,0.0,42.0,76.0,0.0,0.0,3.0,67.0,0.0,0.0,0,5.0,56.0,1.0,2,0,1,0,0,1,0,0,0
114,Leandro Trossard,2,FW,10,2,2,0,0,2,6.0,63149.0,276.0,802.0,33.2,20572.4,28334.8,9557.9,3519.2,1164.8,52.0,40.0,76.92,18.0,18.0,16.0,47.0,2.0,3.0,11.0,2,2,561,4.0,17.0,12.0,10.0,7.0,0.0,1.67,1.2,0.0,199.0,86.0,11.0,45.0,11.0,55.0,4.0,75.0,0,26.0,168.0,12.0,4,8,0,0,0,1,0,0,0
115,Jeremy Doku,2,FW,11,0,0,0,0,0,5.0,35177.0,172.0,443.0,34.7,15354.4,12011.899999999998,5090.200000000001,1973.7,746.6,35.0,26.0,74.29,12.0,23.0,0.0,18.0,0.0,17.0,11.0,0,0,341,0.0,0.0,0.0,0.0,0.0,0.0,0.0,0.0,0.0,90.0,82.0,11.0,36.0,16.0,81.0,0.0,0.0,0,15.0,134.0,18.0,4,18,0,0,0,0,0,0,0
116,Senne Lammens,2,GK,12,0,0,0,0,0,1.0,1607.0,1.0,4.0,26.9,1255.8,281.7,44.0,14.7,11.2,8.0,2.0,25.0,0.0,0.0,8.0,8.0,0.0,0.0,0.0,0,0,26,0.0,0.0,0.0,0.0,0.0,0.0,0.0,0.0,0.0,13.0,46.0,0.0,0.0,1.0,0.0,0.0,0.0,0,0.0,0.0,0.0,0,0,0,0,0,0,2,7,5
117,Mike Penders,2,GK,13,0,0,0,0,0,0.0,0.0,0.0,0.0,0.0,0.0,0.0,0.0,0.0,0.0,0.0,0.0,0.0,0.0,0.0,0.0,0.0,0.0,0.0,0.0,0,0,0,0.0,0.0,0.0,0.0,0.0,0.0,0.0,0.0,0.0,0.0,0.0,0.0,0.0,0.0,0.0,0.0,0.0,0,0.0,0.0,0.0,0,0,0,0,0,0,0,0,0
118,Dodi Lukebakio,2,FW,14,0,0,0,0,0,3.0,20237.0,101.0,232.0,33.7,7366.8,8444.800000000001,2639.0,1162.8,624.0,16.0,10.0,62.5,3.0,6.0,7.0,9.0,3.0,4.0,7.0,0,0,194,0.0,0.0,0.0,0.0,0.0,0.0,0.0,0.0,0.0,55.0,80.0,7.0,14.0,6.0,83.0,1.0,100.0,0,6.0,67.0,3.0,1,2,0,0,0,0,0,0,0
119,Thomas Meunier,2,DF,15,0,0,0,0,0,3.0,27148.0,157.0,363.0,33.0,8219.4,11861.0,4266.5,1929.3,871.3,26.0,15.0,57.69,2.0,13.0,11.0,23.0,0.0,3.0,8.0,0,1,226,1.0,2.0,0.0,1.0,1.0,0.0,0.11,0.0,0.0,116.0,84.0,8.0,38.0,8.0,38.0,2.0,50.0,0,17.0,48.0,9.0,9,0,0,0,0,0,0,0,0
120,Koni De Winter,2,DF,16,0,0,0,0,0,0.0,0.0,0.0,0.0,0.0,0.0,0.0,0.0,0.0,0.0,0.0,0.0,0.0,0.0,0.0,0.0,0.0,0.0,0.0,0.0,0,0,0,0.0,0.0,0.0,0.0,0.0,0.0,0.0,0.0,0.0,0.0,0.0,0.0,0.0,0.0,0.0,0.0,0.0,0,0.0,0.0,0.0,0,0,0,0,0,0,0,0,0
121,Charles De Ketelaere,2,FW,17,3,3,0,0,3,5.0,40927.0,217.0,426.0,33.5,15710.8,16625.3,5111.599999999999,2518.3,960.9,21.0,11.0,52.38,7.0,5.0,9.0,19.0,0.0,2.0,5.0,3,1,385,5.0,6.0,50.0,6.0,0.0,3.0,1.51,1.98,0.0,91.0,79.0,5.0,0.0,13.0,46.0,1.0,0.0,0,19.0,146.0,18.0,2,3,0,0,0,2,0,0,0
122,Joaquin Seys,2,DF,18,0,0,0,0,0,1.0,3681.0,13.0,34.0,29.6,1357.2,1738.0,409.7,150.2,26.3,1.0,1.0,100.0,1.0,0.0,0.0,1.0,0.0,0.0,0.0,0,0,36,0.0,0.0,0.0,0.0,0.0,0.0,0.0,0.0,0.0,7.0,100.0,0.0,0.0,0.0,0.0,0.0,0.0,0,3.0,30.0,2.0,0,0,0,0,0,0,0,0,0
123,Diego Moreira,2,MF,19,0,0,0,0,0,1.0,8032.0,55.0,109.0,32.5,2457.6,3227.1,1279.7,709.1,358.1,8.0,4.0,50.0,2.0,2.0,4.0,4.0,1.0,3.0,4.0,0,0,76,0.0,0.0,0.0,0.0,0.0,0.0,0.0,0.0,0.0,15.0,67.0,4.0,25.0,3.0,67.0,2.0,50.0,0,5.0,36.0,2.0,2,1,0,0,0,1,0,0,0
124,Hans Vanaken,2,MF,20,1,1,0,0,1,6.0,42603.0,159.0,586.0,30.6,14073.7,18878.1,6887.799999999999,2251.0,511.8999999999999,29.0,24.0,82.76,12.0,12.0,5.0,27.0,0.0,2.0,3.0,1,2,362,1.0,5.0,20.0,4.0,1.0,0.0,0.64,1.56,0.0,164.0,93.0,3.0,0.0,2.0,50.0,2.0,100.0,0,12.0,145.0,8.0,0,6,0,0,0,0,0,0,0
125,Timothy Castagne,2,DF,21,0,0,0,0,0,6.0,65175.0,335.0,844.0,32.6,20120.5,29132.3,10279.6,4413.3,1229.5,92.0,68.0,73.91,8.0,38.0,46.0,87.0,4.0,1.0,20.0,0,1,546,1.0,3.0,0.0,2.0,1.0,1.0,0.14,0.0,0.0,263.0,87.0,20.0,35.0,8.0,75.0,2.0,50.0,0,24.0,127.0,24.0,7,2,1,0,0,0,0,0,0
126,Alexis Saelemaekers,2,MF,22,1,1,0,0,1,4.0,12229.0,64.0,141.0,32.7,4132.4,4932.4,1843.9,889.5,431.0,12.0,10.0,83.33,4.0,6.0,2.0,9.0,1.0,2.0,2.0,1,0,107,0.0,0.0,0.0,0.0,0.0,0.0,0.0,0.0,0.0,42.0,79.0,2.0,50.0,2.0,100.0,0.0,0.0,0,4.0,25.0,1.0,0,2,0,0,0,2,0,0,0
127,Nicolas Raskin,2,MF,23,0,0,0,0,0,6.0,44872.0,128.0,508.0,31.9,14031.7,22569.1,5918.799999999999,1863.3,489.3,74.0,55.0,74.32,19.0,28.0,27.0,72.0,1.0,1.0,8.0,0,2,396,1.0,2.0,0.0,2.0,0.0,1.0,0.13,0.0,0.0,230.0,86.0,8.0,38.0,8.0,0.0,1.0,100.0,0,19.0,98.0,21.0,12,3,0,0,0,0,0,0,0
128,Amadou Onana,2,MF,24,0,0,0,0,0,4.0,13466.0,44.0,146.0,32.1,4620.4,6128.0,1934.9,600.4,182.1,15.0,12.0,80.0,7.0,7.0,1.0,14.0,0.0,1.0,0.0,0,0,127,0.0,0.0,0.0,0.0,0.0,0.0,0.0,0.0,0.0,64.0,89.0,0.0,0.0,1.0,100.0,0.0,0.0,0,25.0,26.0,9.0,1,3,0,0,0,0,0,0,0
129,Nathan Ngoy,2,DF,25,0,0,0,0,0,4.0,37463.0,112.0,353.0,34.5,15295.9,16187.5,4101.0,1263.1,615.2,47.0,42.0,89.36,9.0,25.0,13.0,46.0,0.0,1.0,0.0,0,0,376,0.0,0.0,0.0,0.0,0.0,0.0,0.0,0.0,0.0,219.0,94.0,0.0,0.0,4.0,25.0,4.0,100.0,0,10.0,30.0,15.0,6,1,0,1,0,0,0,0,0
130,Matias Fernandez-Pardo,2,FW,26,0,0,0,0,0,3.0,7103.0,52.0,83.0,34.8,2534.5,2519.8,1000.7,603.6,444.1,3.0,2.0,66.67,0.0,1.0,2.0,2.0,1.0,0.0,3.0,0,0,57,0.0,0.0,0.0,0.0,0.0,0.0,0.0,0.0,0.0,15.0,87.0,3.0,0.0,3.0,67.0,0.0,0.0,0,2.0,25.0,4.0,0,0,0,0,0,0,0,0,0
131,Nikola Vasilj,26,GK,1,0,0,0,0,0,4.0,22744.0,7.0,34.0,27.4,17010.1,5312.299999999999,324.6,75.6,21.6,62.0,18.0,29.03,0.0,2.0,60.0,62.0,0.0,0.0,0.0,0,0,411,0.0,0.0,0.0,0.0,0.0,0.0,0.0,0.0,0.0,155.0,61.0,0.0,0.0,4.0,0.0,0.0,0.0,0,0.0,0.0,0.0,0,0,0,0,0,0,8,92,70
132,Nihad Mujakic,26,DF,2,0,0,0,0,0,0.0,0.0,0.0,0.0,0.0,0.0,0.0,0.0,0.0,0.0,0.0,0.0,0.0,0.0,0.0,0.0,0.0,0.0,0.0,0.0,0,0,0,0.0,0.0,0.0,0.0,0.0,0.0,0.0,0.0,0.0,0.0,0.0,0.0,0.0,0.0,0.0,0.0,0.0,0,0.0,0.0,0.0,0,0,0,0,0,0,0,0,0
133,Dennis Hadzikadunic,26,DF,3,0,0,0,0,0,1.0,3339.0,11.0,32.0,28.3,1331.0,1492.9,353.8,114.9,46.3,4.0,3.0,75.0,1.0,1.0,2.0,4.0,0.0,0.0,0.0,0,1,33,0.0,0.0,0.0,0.0,0.0,0.0,0.0,0.0,0.0,10.0,80.0,0.0,0.0,0.0,0.0,0.0,0.0,0,1.0,4.0,2.0,1,0,0,0,0,0,0,0,0
134,Tarik Muharemovic,26,DF,4,0,0,0,0,0,3.0,28777.0,78.0,279.0,31.4,11468.6,12701.1,3268.1,991.7,347.4,35.0,22.0,62.86,6.0,10.0,19.0,35.0,0.0,0.0,0.0,0,0,292,0.0,0.0,0.0,0.0,0.0,0.0,0.0,0.0,0.0,153.0,86.0,0.0,0.0,3.0,67.0,3.0,100.0,0,10.0,25.0,11.0,5,2,0,1,0,0,0,0,0
135,Sead Kolasinac,26,DF,5,0,0,0,0,0,4.0,38026.0,142.0,339.0,32.0,15805.000000000002,15618.3,4007.1,1854.5,741.5,53.0,42.0,79.25,6.0,26.0,21.0,51.0,0.0,2.0,9.0,0,1,373,0.0,0.0,0.0,0.0,0.0,0.0,0.0,0.0,0.0,173.0,82.0,9.0,11.0,5.0,20.0,0.0,0.0,0,10.0,49.0,17.0,6,4,0,0,0,0,0,0,0
136,Benjamin Tahirovic,26,MF,6,0,0,0,0,0,4.0,30617.0,116.0,429.0,30.9,10548.7,12713.7,5226.7,1719.4,408.4,26.0,18.0,69.23,8.0,8.0,10.0,26.0,0.0,0.0,1.0,0,0,266,0.0,0.0,0.0,0.0,0.0,0.0,0.0,0.0,0.0,107.0,85.0,2.0,0.0,2.0,0.0,1.0,100.0,0,11.0,84.0,10.0,3,2,0,0,0,0,0,0,0
137,Amar Dedic,26,DF,7,0,0,0,0,0,3.0,30604.0,141.0,356.0,32.5,11643.8,12934.8,3797.4,1598.1999999999998,630.0,28.0,19.0,67.86,3.0,9.0,16.0,25.0,0.0,3.0,0.0,0,0,310,1.0,2.0,0.0,0.0,2.0,0.0,0.06,0.0,0.0,99.0,81.0,0.0,0.0,1.0,0.0,3.0,100.0,0,14.0,95.0,11.0,6,3,1,0,0,0,0,0,0
138,Armin Gigovic,26,MF,8,0,0,0,0,0,2.0,10901.0,62.0,142.0,30.7,3555.3,4520.8,1732.9,806.4,285.7,8.0,4.0,50.0,4.0,0.0,4.0,7.0,0.0,1.0,0.0,0,0,95,0.0,0.0,0.0,0.0,0.0,0.0,0.0,0.0,0.0,24.0,71.0,0.0,0.0,0.0,0.0,1.0,0.0,0,4.0,33.0,4.0,0,1,0,0,0,0,0,0,0
139,Samed Bazdar,26,FW,9,0,0,0,0,0,1.0,3650.0,13.0,28.0,29.8,1445.6,1428.9,437.5,213.4,124.5,3.0,0.0,0.0,1.0,2.0,0.0,1.0,0.0,2.0,0.0,0,0,35,0.0,0.0,0.0,0.0,0.0,0.0,0.0,0.0,0.0,5.0,40.0,0.0,0.0,3.0,0.0,0.0,0.0,0,2.0,6.0,2.0,1,1,0,0,0,0,0,0,0
140,Ermedin Demirovic,26,FW,10,0,0,0,0,0,4.0,40423.0,176.0,375.0,33.0,16839.9,15763.8,4517.700000000001,2140.4,1161.6,12.0,9.0,75.0,7.0,4.0,1.0,11.0,0.0,1.0,0.0,0,0,399,4.0,4.0,0.0,1.0,3.0,0.0,0.08,0.0,0.0,39.0,74.0,0.0,0.0,5.0,80.0,0.0,0.0,0,19.0,131.0,15.0,11,3,1,0,0,1,0,0,0
141,Edin Dzeko,26,FW,11,0,0,0,0,0,3.0,19816.0,57.0,201.0,30.1,9185.7,7246.200000000001,2368.4,863.8,151.79999999999998,8.0,5.0,62.5,2.0,5.0,1.0,7.0,1.0,0.0,2.0,0,0,196,0.0,3.0,0.0,3.0,0.0,0.0,0.2,0.0,0.0,48.0,69.0,2.0,50.0,3.0,67.0,1.0,100.0,0,4.0,69.0,1.0,1,2,1,0,0,0,0,0,0
142,Mladen Jurkas,26,GK,12,0,0,0,0,0,0.0,0.0,0.0,0.0,0.0,0.0,0.0,0.0,0.0,0.0,0.0,0.0,0.0,0.0,0.0,0.0,0.0,0.0,0.0,0.0,0,0,0,0.0,0.0,0.0,0.0,0.0,0.0,0.0,0.0,0.0,0.0,0.0,0.0,0.0,0.0,0.0,0.0,0.0,0,0.0,0.0,0.0,0,0,0,0,0,0,0,0,0
143,Ivan Basic,26,MF,13,0,0,0,0,0,3.0,22054.0,63.0,270.0,31.2,6938.599999999999,10731.0,3281.3,877.0,225.7,30.0,25.0,83.33,12.0,5.0,13.0,24.0,5.0,1.0,3.0,0,1,200,0.0,4.0,0.0,0.0,4.0,0.0,0.15,0.0,5.0,104.0,92.0,12.0,58.0,2.0,50.0,3.0,100.0,0,5.0,39.0,8.0,2,3,0,0,0,0,0,0,0
144,Ivan Sunjic,26,MF,14,0,0,0,0,0,4.0,26106.0,113.0,401.0,31.2,7774.4,12092.3,4505.9,1527.1,206.0,28.0,21.0,75.0,10.0,9.0,9.0,26.0,1.0,1.0,1.0,0,0,221,1.0,1.0,0.0,0.0,1.0,0.0,0.09,0.0,0.0,102.0,86.0,1.0,0.0,2.0,0.0,1.0,0.0,0,20.0,78.0,21.0,7,0,0,0,0,0,0,0,0
145,Amar Memic,26,MF,15,0,0,0,0,0,4.0,27462.0,152.0,306.0,33.9,10225.3,10586.0,3718.3,1793.3000000000002,1139.6,13.0,4.0,30.77,2.0,6.0,5.0,9.0,1.0,3.0,5.0,0,0,254,0.0,0.0,0.0,0.0,0.0,0.0,0.0,0.0,0.0,52.0,75.0,5.0,0.0,4.0,0.0,0.0,0.0,0,13.0,54.0,10.0,3,3,0,0,0,0,0,0,0
146,Amir Hadziahmetovic,26,MF,16,0,0,0,0,0,1.0,1350.0,5.0,21.0,26.5,351.4,572.2,269.5,146.7,9.9,0.0,0.0,0.0,0.0,0.0,0.0,0.0,0.0,0.0,0.0,0,0,12,0.0,0.0,0.0,0.0,0.0,0.0,0.0,0.0,1.0,3.0,100.0,1.0,0.0,0.0,0.0,0.0,0.0,0,0.0,4.0,0.0,0,0,0,0,0,0,0,0,0
147,Dzenis Burnic,26,MF,17,0,0,0,0,0,2.0,3074.0,11.0,37.0,28.4,1139.6,1381.6999999999998,376.4,139.4,36.3,4.0,3.0,75.0,0.0,1.0,3.0,4.0,0.0,0.0,0.0,0,0,27,0.0,1.0,0.0,0.0,1.0,0.0,0.02,0.0,0.0,8.0,88.0,0.0,0.0,0.0,0.0,0.0,0.0,0,0.0,6.0,0.0,0,0,0,0,0,0,0,0,0
148,Nikola Katic,26,DF,18,0,0,0,0,0,4.0,36234.0,139.0,419.0,31.5,14158.0,15061.0,4678.200000000001,1805.0,532.0,36.0,26.0,72.22,4.0,20.0,12.0,35.0,0.0,1.0,0.0,0,0,353,0.0,0.0,0.0,0.0,0.0,0.0,0.0,0.0,0.0,165.0,90.0,0.0,0.0,1.0,0.0,0.0,0.0,0,14.0,43.0,18.0,4,0,1,0,0,0,0,0,0
149,Kerim Alajbegovic,26,FW,19,1,1,0,0,1,4.0,32991.0,130.0,365.0,31.9,13250.6,13582.500000000002,4145.5,1458.6999999999998,553.6999999999999,39.0,23.0,58.97,7.0,19.0,13.0,28.0,5.0,6.0,10.0,1,0,312,0.0,0.0,0.0,0.0,0.0,0.0,0.0,0.0,0.0,90.0,77.0,16.0,6.0,13.0,77.0,1.0,0.0,0,9.0,98.0,8.0,4,6,0,0,0,1,0,0,0
150,Esmir Bajraktarevic,26,FW,20,0,0,0,0,0,4.0,28617.0,145.0,318.0,34.8,9703.5,12784.9,3513.7,1726.2,888.5000000000001,12.0,3.0,25.0,3.0,2.0,7.0,4.0,5.0,3.0,6.0,0,0,262,2.0,3.0,0.0,1.0,2.0,0.0,0.11,0.0,1.0,71.0,82.0,8.0,0.0,0.0,0.0,0.0,0.0,0,16.0,85.0,8.0,1,2,0,0,0,0,0,0,0
151,Stjepan Radeljic,26,DF,21,0,0,0,0,0,2.0,20111.0,63.0,186.0,29.1,8478.099999999999,8524.1,2080.6,868.0,160.39999999999998,38.0,29.0,76.32,9.0,18.0,11.0,38.0,0.0,0.0,0.0,0,0,211,0.0,0.0,0.0,0.0,0.0,0.0,0.0,0.0,0.0,153.0,90.0,0.0,0.0,2.0,100.0,2.0,50.0,0,1.0,9.0,4.0,1,3,1,0,0,0,0,0,0
152,Martin Zlomislic,26,GK,22,0,0,0,0,0,0.0,0.0,0.0,0.0,0.0,0.0,0.0,0.0,0.0,0.0,0.0,0.0,0.0,0.0,0.0,0.0,0.0,0.0,0.0,0.0,0,0,0,0.0,0.0,0.0,0.0,0.0,0.0,0.0,0.0,0.0,0.0,0.0,0.0,0.0,0.0,0.0,0.0,0.0,0,0.0,0.0,0.0,0,0,0,0,0,0,0,0,0
153,Haris Tabakovic,26,FW,23,0,0,0,0,0,1.0,2265.0,3.0,12.0,29.0,1233.7,814.2,157.2,29.4,30.4,0.0,0.0,0.0,0.0,0.0,0.0,0.0,0.0,0.0,0.0,0,0,25,0.0,0.0,0.0,0.0,0.0,0.0,0.0,0.0,0.0,1.0,100.0,0.0,0.0,0.0,0.0,0.0,0.0,0,0.0,0.0,0.0,0,0,0,0,0,0,0,0,0
154,Arjan Malic,26,DF,24,0,0,0,0,0,1.0,5499.0,30.0,58.0,32.3,2003.1,2275.9,693.8,343.1,183.1,6.0,4.0,66.67,1.0,4.0,1.0,4.0,0.0,2.0,2.0,0,0,0,0.0,0.0,0.0,0.0,0.0,0.0,0.0,0.0,0.0,0.0,0.0,0.0,0.0,0.0,0.0,0.0,0.0,0,0.0,0.0,0.0,0,0,0,0,0,0,0,0,0
155,Jovo Lukic,26,FW,25,1,1,0,0,1,2.0,8269.0,42.0,100.0,32.1,3082.4,3306.6,1179.4,507.7000000000001,193.1,2.0,0.0,0.0,1.0,1.0,0.0,1.0,0.0,1.0,0.0,1,0,77,0.0,0.0,0.0,0.0,0.0,0.0,0.0,0.0,0.0,13.0,54.0,0.0,0.0,1.0,0.0,0.0,0.0,0,5.0,34.0,2.0,1,0,1,0,0,0,0,0,0
156,Ermin Mahmic,26,MF,26,2,2,0,0,2,3.0,10657.0,57.0,155.0,31.3,3455.7,4256.8,1928.7,678.1,337.8,8.0,3.0,37.5,2.0,0.0,6.0,7.0,1.0,0.0,1.0,2,0,88,0.0,0.0,0.0,0.0,0.0,0.0,0.0,0.0,0.0,16.0,75.0,1.0,0.0,0.0,0.0,1.0,100.0,0,1.0,41.0,3.0,1,1,1,0,0,0,0,0,0
157,Alisson,3,GK,1,0,0,0,0,0,5.0,26657.0,2.0,16.0,22.9,22640.5,3813.5,171.7,31.200000000000003,0.0,34.0,14.0,41.18,4.0,0.0,30.0,34.0,0.0,0.0,0.0,0,0,520,0.0,0.0,0.0,0.0,0.0,0.0,0.0,0.0,0.0,132.0,81.0,0.0,0.0,3.0,0.0,1.0,100.0,0,0.0,0.0,0.0,0,0,0,0,0,0,15,67,59
158,Ederson Silva,3,MF,2,0,0,0,0,0,2.0,4509.0,33.0,63.0,32.8,1409.7,1738.1999999999998,662.3,414.4,284.5,1.0,0.0,0.0,0.0,0.0,1.0,0.0,1.0,0.0,3.0,0,0,38,0.0,2.0,0.0,1.0,1.0,0.0,0.34,0.0,0.0,5.0,100.0,3.0,33.0,0.0,0.0,0.0,0.0,0,1.0,20.0,2.0,1,0,0,0,0,0,0,0,0
159,Gabriel Magalhaes,3,DF,3,0,0,0,0,0,5.0,50837.0,122.0,500.0,31.7,21375.1,21653.7,5583.1,1554.9999999999998,669.8000000000001,86.0,76.0,88.37,16.0,58.0,12.0,84.0,0.0,2.0,0.0,0,1,520,0.0,1.0,0.0,1.0,0.0,0.0,0.03,0.0,0.0,431.0,96.0,0.0,0.0,2.0,50.0,2.0,100.0,0,8.0,23.0,8.0,1,3,0,0,0,0,0,0,0
160,Marquinhos,3,DF,4,0,0,0,0,0,5.0,49332.0,141.0,453.0,33.8,20384.2,20922.6,5275.0,1908.5,841.3,66.0,56.0,84.85,5.0,38.0,23.0,65.0,1.0,0.0,1.0,0,0,520,0.0,2.0,0.0,2.0,0.0,1.0,0.21,0.0,0.0,380.0,97.0,1.0,100.0,4.0,75.0,6.0,100.0,0,11.0,45.0,12.0,0,2,0,0,0,1,0,0,0
161,Casemiro,3,MF,5,1,1,0,0,1,5.0,45002.0,116.0,449.0,29.3,15844.0,21922.0,5243.0,1618.1,375.2,46.0,34.0,73.91,21.0,4.0,21.0,43.0,3.0,0.0,4.0,1,0,425,2.0,4.0,25.0,2.0,2.0,2.0,0.66,1.51,0.0,224.0,89.0,4.0,25.0,8.0,50.0,4.0,100.0,0,20.0,103.0,26.0,6,6,2,0,0,0,0,0,0
162,Alex Sandro,3,DF,6,0,0,0,0,0,1.0,1822.0,8.0,31.0,26.6,511.2,837.5,344.3,114.8,14.6,3.0,3.0,100.0,0.0,3.0,0.0,3.0,0.0,0.0,0.0,0,0,15,0.0,0.0,0.0,0.0,0.0,0.0,0.0,0.0,0.0,13.0,100.0,0.0,0.0,0.0,0.0,0.0,0.0,0,0.0,4.0,2.0,1,0,0,0,0,0,0,0,0
163,Vinicius Junior,3,FW,7,4,4,0,0,4,5.0,47849.0,253.0,514.0,34.1,22908.300000000003,14364.0,6015.9,2978.3,1582.0,44.0,30.0,68.18,13.0,25.0,6.0,23.0,2.0,19.0,15.0,4,1,505,11.0,17.0,24.0,14.0,3.0,1.0,3.24,1.23,2.0,142.0,82.0,15.0,40.0,21.0,76.0,4.0,100.0,0,24.0,172.0,10.0,4,10,0,0,0,3,0,0,0
164,Bruno Guimaraes,3,MF,8,0,0,0,0,0,5.0,54744.0,158.0,739.0,28.9,17718.5,25567.700000000004,8919.7,2285.6000000000004,252.8,56.0,37.0,66.07,27.0,13.0,16.0,51.0,3.0,2.0,5.0,0,4,458,2.0,8.0,0.0,5.0,3.0,1.0,1.02,0.0,8.0,200.0,81.0,12.0,17.0,15.0,33.0,4.0,75.0,0,37.0,159.0,15.0,4,7,0,0,0,0,0,0,0
165,Matheus Cunha,3,FW,9,3,3,0,0,3,5.0,33492.0,134.0,417.0,31.9,14485.8,12030.9,4902.800000000001,1526.5,545.8,26.0,15.0,57.69,9.0,14.0,3.0,18.0,1.0,7.0,2.0,3,0,324,4.0,10.0,30.0,5.0,5.0,1.0,1.21,2.49,3.0,90.0,87.0,5.0,0.0,11.0,36.0,0.0,0.0,0,9.0,133.0,16.0,1,3,0,0,0,1,0,0,0
166,Neymar Jr,3,FW,10,1,0,1,0,1,2.0,5846.0,18.0,71.0,27.3,1911.7,2775.5,868.3,251.1,39.8,14.0,10.0,71.43,3.0,5.0,6.0,12.0,1.0,1.0,1.0,1,0,55,2.0,3.0,33.0,3.0,0.0,0.0,0.82,1.22,5.0,26.0,81.0,7.0,14.0,2.0,0.0,0.0,0.0,0,0.0,39.0,7.0,1,1,1,0,0,0,0,0,0
167,Raphinha,3,FW,11,0,0,0,0,0,2.0,15810.0,108.0,189.0,33.3,5666.2,5747.6,2308.0,1299.0,788.7,7.0,3.0,42.86,2.0,4.0,1.0,4.0,0.0,3.0,3.0,0,0,143,2.0,3.0,0.0,1.0,2.0,0.0,0.34,0.0,7.0,44.0,68.0,10.0,30.0,4.0,25.0,0.0,0.0,0,10.0,59.0,7.0,1,2,0,0,0,2,0,0,0
168,Weverton,3,GK,12,0,0,0,0,0,0.0,0.0,0.0,0.0,0.0,0.0,0.0,0.0,0.0,0.0,0.0,0.0,0.0,0.0,0.0,0.0,0.0,0.0,0.0,0.0,0,0,0,0.0,0.0,0.0,0.0,0.0,0.0,0.0,0.0,0.0,0.0,0.0,0.0,0.0,0.0,0.0,0.0,0.0,0,0.0,0.0,0.0,0,0,0,0,0,0,0,0,0
169,Danilo,3,DF,13,0,0,0,0,0,5.0,44689.0,217.0,495.0,34.2,18569.7,15987.2,5655.999999999999,2886.1000000000004,1590.3,89.0,71.0,79.78,14.0,56.0,19.0,84.0,3.0,2.0,7.0,0,0,471,0.0,1.0,0.0,1.0,0.0,0.0,0.04,0.0,0.0,294.0,89.0,7.0,29.0,6.0,50.0,1.0,100.0,0,3.0,50.0,8.0,7,1,2,0,0,1,0,0,0
170,Bremer,3,DF,14,0,0,0,0,0,0.0,0.0,0.0,0.0,0.0,0.0,0.0,0.0,0.0,0.0,0.0,0.0,0.0,0.0,0.0,0.0,0.0,0.0,0.0,0.0,0,0,0,0.0,0.0,0.0,0.0,0.0,0.0,0.0,0.0,0.0,0.0,0.0,0.0,0.0,0.0,0.0,0.0,0.0,0,0.0,0.0,0.0,0,0,0,0,0,0,0,0,0
171,Leo Pereira,3,DF,15,0,0,0,0,0,0.0,0.0,0.0,0.0,0.0,0.0,0.0,0.0,0.0,0.0,0.0,0.0,0.0,0.0,0.0,0.0,0.0,0.0,0.0,0.0,0,0,0,0.0,0.0,0.0,0.0,0.0,0.0,0.0,0.0,0.0,0.0,0.0,0.0,0.0,0.0,0.0,0.0,0.0,0,0.0,0.0,0.0,0,0,0,0,0,0,0,0,0
172,Douglas Santos,3,DF,16,0,0,0,0,0,5.0,52463.0,220.0,642.0,31.7,18238.300000000003,23360.300000000003,6994.799999999999,2965.9000000000005,903.5,60.0,48.0,80.0,8.0,33.0,19.0,59.0,1.0,0.0,6.0,0,0,505,0.0,2.0,0.0,2.0,0.0,0.0,0.2,0.0,0.0,275.0,93.0,6.0,17.0,5.0,60.0,0.0,0.0,0,21.0,111.0,42.0,3,2,1,0,0,1,0,0,0
173,Fabinho,3,MF,17,0,0,0,0,0,3.0,9908.0,36.0,117.0,28.1,3422.7,4586.6,1288.1,526.2,84.0,6.0,6.0,100.0,2.0,3.0,1.0,6.0,0.0,0.0,0.0,0,0,95,0.0,1.0,0.0,1.0,0.0,1.0,0.02,0.0,0.0,43.0,98.0,0.0,0.0,0.0,0.0,0.0,0.0,0,1.0,24.0,5.0,4,0,1,0,0,0,0,0,0
174,Danilo Santos,3,MF,18,0,0,0,0,0,4.0,8459.0,43.0,115.0,27.9,2435.3,3854.5,1361.1999999999998,670.5,137.1,9.0,6.0,66.67,2.0,5.0,2.0,9.0,0.0,0.0,0.0,0,0,73,1.0,2.0,0.0,2.0,0.0,1.0,0.19,0.0,0.0,30.0,77.0,0.0,0.0,2.0,100.0,0.0,0.0,0,1.0,22.0,4.0,0,0,0,0,0,0,0,0,0
175,Endrick,3,FW,19,0,0,0,0,0,4.0,13958.0,57.0,103.0,33.9,6536.700000000001,4932.4,1345.1999999999998,672.9000000000001,471.7000000000001,7.0,4.0,57.14,3.0,3.0,1.0,6.0,0.0,1.0,1.0,0,0,146,0.0,3.0,0.0,2.0,1.0,0.0,0.68,0.0,0.0,20.0,80.0,1.0,0.0,4.0,25.0,0.0,0.0,0,3.0,53.0,5.0,1,1,0,0,0,1,0,0,0
176,Lucas Paqueta,3,MF,20,0,0,0,0,0,4.0,27561.0,123.0,335.0,30.9,10600.8,11154.7,3837.0,1582.4,386.3,57.0,43.0,75.44,17.0,24.0,16.0,53.0,2.0,2.0,3.0,0,1,255,1.0,5.0,0.0,2.0,3.0,1.0,0.24,0.0,1.0,190.0,85.0,5.0,0.0,8.0,63.0,1.0,100.0,0,9.0,104.0,17.0,3,6,0,0,0,0,0,0,0
177,Luiz Henrique,3,FW,21,0,0,0,0,0,1.0,3897.0,26.0,60.0,29.0,1456.9,1368.9,608.9,345.4,116.7,6.0,6.0,100.0,2.0,3.0,1.0,6.0,0.0,0.0,0.0,0,0,38,0.0,0.0,0.0,0.0,0.0,0.0,0.0,0.0,0.0,12.0,100.0,0.0,0.0,3.0,100.0,0.0,0.0,0,2.0,10.0,3.0,0,1,0,0,0,0,0,0,0
178,Gabriel Martinelli,3,FW,22,1,1,0,0,1,4.0,18478.0,87.0,216.0,34.1,6967.9,7201.700000000001,2585.1,1016.9,706.3,14.0,13.0,92.86,8.0,3.0,3.0,14.0,0.0,0.0,3.0,1,0,171,1.0,2.0,50.0,1.0,1.0,0.0,0.49,2.04,0.0,65.0,91.0,3.0,33.0,3.0,67.0,0.0,0.0,0,6.0,60.0,9.0,4,4,0,0,0,0,0,0,0
179,Ederson,3,GK,23,0,0,0,0,0,0.0,0.0,0.0,0.0,0.0,0.0,0.0,0.0,0.0,0.0,0.0,0.0,0.0,0.0,0.0,0.0,0.0,0.0,0.0,0.0,0,0,0,0.0,0.0,0.0,0.0,0.0,0.0,0.0,0.0,0.0,0.0,0.0,0.0,0.0,0.0,0.0,0.0,0.0,0,0.0,0.0,0.0,0,0,0,0,0,0,0,0,0
180,Roger Ibanez,3,DF,24,0,0,0,0,0,1.0,5076.0,30.0,65.0,29.4,1960.5,1802.4,759.0,449.0,104.8,7.0,7.0,100.0,1.0,5.0,1.0,7.0,0.0,0.0,0.0,0,0,49,0.0,0.0,0.0,0.0,0.0,0.0,0.0,0.0,0.0,22.0,100.0,0.0,0.0,1.0,100.0,0.0,0.0,0,0.0,10.0,1.0,2,1,1,0,0,0,0,0,0
181,Igor Thiago,3,FW,25,0,0,0,0,0,1.0,7499.0,43.0,95.0,33.2,2360.9,3297.4,1201.0,480.3,159.3,2.0,0.0,0.0,0.0,1.0,1.0,1.0,0.0,1.0,0.0,0,0,65,1.0,2.0,0.0,2.0,0.0,1.0,0.4,0.0,0.0,5.0,80.0,0.0,0.0,0.0,0.0,0.0,0.0,0,5.0,25.0,5.0,2,0,0,0,0,0,0,0,0
182,Rayan,3,FW,26,0,0,0,0,0,4.0,33427.0,135.0,395.0,33.2,13439.1,13074.2,4472.1,1760.9,680.9000000000001,18.0,11.0,61.11,3.0,5.0,10.0,10.0,6.0,2.0,8.0,0,1,327,2.0,5.0,0.0,3.0,2.0,1.0,0.76,0.0,1.0,99.0,94.0,10.0,20.0,5.0,100.0,1.0,100.0,0,15.0,112.0,10.0,5,4,0,0,0,1,0,0,0
183,Vozinha,15,GK,1,0,0,0,0,0,4.0,21321.0,9.0,44.0,25.4,17740.9,3073.6,412.6,89.6,3.8,81.0,44.0,54.32,14.0,8.0,59.0,81.0,0.0,0.0,0.0,0,0,445,0.0,0.0,0.0,0.0,0.0,0.0,0.0,0.0,0.0,166.0,70.0,0.0,0.0,2.0,0.0,0.0,0.0,0,0.0,0.0,0.0,0,3,0,0,0,0,18,136,102
184,Stopira,15,DF,2,0,0,0,0,0,0.0,0.0,0.0,0.0,0.0,0.0,0.0,0.0,0.0,0.0,0.0,0.0,0.0,0.0,0.0,0.0,0.0,0.0,0.0,0.0,0,0,0,0.0,0.0,0.0,0.0,0.0,0.0,0.0,0.0,0.0,0.0,0.0,0.0,0.0,0.0,0.0,0.0,0.0,0,0.0,0.0,0.0,0,0,0,0,0,0,0,0,0
185,Diney Borges,15,DF,3,0,0,0,1,1,4.0,43338.0,111.0,395.0,31.8,18646.1,18209.0,4595.5,1419.0,468.5,68.0,46.0,67.65,15.0,23.0,30.0,67.0,0.0,1.0,0.0,0,0,445,0.0,0.0,0.0,0.0,0.0,0.0,0.0,0.0,0.0,195.0,81.0,0.0,0.0,8.0,13.0,9.0,44.0,1,5.0,29.0,16.0,2,0,1,0,0,0,0,0,0
186,Pico Lopes,15,DF,4,0,0,0,0,0,4.0,41751.0,99.0,366.0,35.0,17315.4,18720.3,3992.7,1111.5,611.2,77.0,59.0,76.62,26.0,35.0,16.0,74.0,0.0,3.0,0.0,0,0,445,0.0,0.0,0.0,0.0,0.0,0.0,0.0,0.0,0.0,182.0,84.0,0.0,0.0,7.0,14.0,5.0,60.0,0,6.0,36.0,9.0,0,3,0,0,0,0,0,0,0
187,Logan Costa,15,DF,5,0,0,0,0,0,0.0,0.0,0.0,0.0,0.0,0.0,0.0,0.0,0.0,0.0,0.0,0.0,0.0,0.0,0.0,0.0,0.0,0.0,0.0,0.0,0,0,0,0.0,0.0,0.0,0.0,0.0,0.0,0.0,0.0,0.0,0.0,0.0,0.0,0.0,0.0,0.0,0.0,0.0,0,0.0,0.0,0.0,0,0,0,0,0,0,0,0,0
188,Kevin Pina,15,MF,6,1,1,0,0,1,4.0,39576.0,116.0,388.0,30.1,13649.1,19407.7,4678.1,1465.5,376.4,42.0,32.0,76.19,18.0,17.0,7.0,41.0,0.0,1.0,1.0,1,0,389,1.0,5.0,20.0,0.0,5.0,0.0,0.09,11.33,0.0,156.0,86.0,1.0,0.0,1.0,0.0,3.0,67.0,0,22.0,93.0,23.0,5,3,1,0,0,0,0,0,0
189,Jovane Cabral,15,MF,7,0,0,0,0,0,2.0,14328.0,61.0,190.0,28.9,6443.700000000001,4971.799999999999,1938.8,802.5,171.0,9.0,6.0,66.67,3.0,3.0,3.0,7.0,1.0,1.0,1.0,0,0,148,0.0,2.0,0.0,0.0,2.0,0.0,0.05,0.0,0.0,34.0,79.0,1.0,0.0,2.0,50.0,0.0,0.0,0,14.0,86.0,7.0,1,2,0,0,0,0,0,0,0
190,Joao Paulo,15,MF,8,0,0,0,0,0,2.0,12422.0,58.0,122.0,32.1,4937.400000000001,4965.6,1479.5,708.6,330.6,23.0,18.0,78.26,4.0,9.0,10.0,20.0,0.0,3.0,4.0,0,0,121,0.0,0.0,0.0,0.0,0.0,0.0,0.0,0.0,0.0,62.0,84.0,5.0,0.0,6.0,67.0,0.0,0.0,0,5.0,25.0,4.0,0,4,0,0,0,0,0,0,0
191,Gilson Benchimol,15,FW,9,0,0,0,0,0,2.0,9994.0,54.0,123.0,33.4,3450.1000000000004,4263.1,1318.5,591.5999999999999,370.5,3.0,0.0,0.0,2.0,0.0,1.0,1.0,0.0,2.0,0.0,0,0,93,0.0,0.0,0.0,0.0,0.0,0.0,0.0,0.0,0.0,11.0,82.0,0.0,0.0,2.0,0.0,0.0,0.0,0,5.0,52.0,4.0,0,1,0,0,0,0,0,0,0
192,Jamiro Monteiro,15,MF,10,0,0,0,0,0,4.0,32481.0,109.0,339.0,30.8,12157.3,14740.1,3715.0,1479.5,389.4,19.0,8.0,42.11,3.0,7.0,9.0,17.0,1.0,1.0,1.0,0,0,314,0.0,0.0,0.0,0.0,0.0,0.0,0.0,0.0,0.0,106.0,82.0,6.0,33.0,3.0,33.0,0.0,0.0,0,12.0,110.0,23.0,4,2,0,0,0,0,0,0,0
193,Garry Rodrigues,15,MF,11,0,0,0,0,0,2.0,10160.0,50.0,123.0,31.2,3596.1,4277.0,1459.1,616.3,211.7,3.0,2.0,66.67,2.0,1.0,0.0,3.0,0.0,0.0,2.0,0,0,90,0.0,0.0,0.0,0.0,0.0,0.0,0.0,0.0,0.0,14.0,79.0,2.0,50.0,2.0,100.0,0.0,0.0,0,3.0,23.0,1.0,0,0,0,0,0,2,0,0,0
194,Marcio Rosa,15,GK,12,0,0,0,0,0,0.0,0.0,0.0,0.0,0.0,0.0,0.0,0.0,0.0,0.0,0.0,0.0,0.0,0.0,0.0,0.0,0.0,0.0,0.0,0.0,0,0,0,0.0,0.0,0.0,0.0,0.0,0.0,0.0,0.0,0.0,0.0,0.0,0.0,0.0,0.0,0.0,0.0,0.0,0,0.0,0.0,0.0,0,0,0,0,0,0,0,0,0
195,Sidny Lopes Cabral,15,DF,13,1,1,0,0,1,3.0,30954.0,117.0,257.0,33.5,11900.2,13750.9,3081.5,1573.4,648.3,39.0,27.0,69.23,5.0,19.0,15.0,34.0,1.0,4.0,4.0,1,0,324,0.0,0.0,0.0,0.0,0.0,0.0,0.0,0.0,0.0,105.0,83.0,11.0,9.0,3.0,33.0,0.0,0.0,0,22.0,77.0,9.0,2,9,2,0,0,0,0,0,0
196,Deroy Duarte,15,MF,14,1,1,0,0,1,4.0,31053.0,73.0,323.0,30.9,11526.6,14497.8,3795.0,894.5,338.70000000000005,22.0,17.0,77.27,9.0,9.0,4.0,22.0,0.0,0.0,1.0,1,0,300,0.0,0.0,0.0,0.0,0.0,0.0,0.0,0.0,0.0,101.0,86.0,1.0,100.0,2.0,50.0,1.0,100.0,0,13.0,137.0,26.0,4,1,0,0,0,0,0,0,0
197,Laros Duarte,15,MF,15,0,0,0,0,0,4.0,21530.0,66.0,252.0,31.8,6749.8,11099.7,2696.4,782.6,201.6,13.0,10.0,76.92,9.0,4.0,0.0,11.0,0.0,2.0,1.0,0,0,187,3.0,3.0,0.0,2.0,1.0,0.0,0.7,0.0,1.0,41.0,80.0,2.0,100.0,2.0,50.0,0.0,0.0,0,13.0,97.0,4.0,0,2,0,0,0,0,0,0,0
198,Yannick Semedo,15,MF,16,0,0,0,0,0,2.0,5296.0,30.0,75.0,29.6,1764.3,2050.9,888.3,441.9,150.39999999999998,15.0,11.0,73.33,3.0,5.0,7.0,15.0,0.0,0.0,0.0,0,1,46,0.0,1.0,0.0,0.0,1.0,0.0,0.01,0.0,2.0,35.0,77.0,2.0,50.0,0.0,0.0,2.0,100.0,0,3.0,12.0,1.0,1,1,0,0,0,0,0,0,0
199,Willy Semedo,15,MF,17,0,0,0,0,0,3.0,17802.0,90.0,207.0,29.8,6066.8,7570.299999999999,2522.1,1199.1999999999998,444.2,5.0,1.0,20.0,0.0,3.0,2.0,3.0,1.0,1.0,2.0,0,0,156,0.0,0.0,0.0,0.0,0.0,0.0,0.0,0.0,0.0,33.0,91.0,2.0,0.0,1.0,0.0,0.0,0.0,0,6.0,57.0,6.0,4,2,0,0,0,0,0,0,0
200,Telmo Arcanjo,15,MF,18,0,0,0,0,0,2.0,6516.0,27.0,58.0,32.0,2554.3,2811.0,616.4,330.5,203.8,2.0,2.0,100.0,1.0,1.0,0.0,2.0,0.0,0.0,0.0,0,0,69,0.0,0.0,0.0,0.0,0.0,0.0,0.0,0.0,0.0,14.0,86.0,1.0,100.0,0.0,0.0,1.0,100.0,0,6.0,27.0,1.0,0,1,0,0,0,0,0,0,0
201,Dailon Livramento,15,FW,19,0,0,0,0,0,3.0,23067.0,100.0,237.0,34.8,7556.1,11084.9,2813.1,1064.7,548.5,1.0,0.0,0.0,1.0,0.0,0.0,0.0,0.0,1.0,3.0,0,0,198,0.0,0.0,0.0,0.0,0.0,0.0,0.0,0.0,0.0,19.0,79.0,3.0,33.0,0.0,0.0,0.0,0.0,0,8.0,93.0,4.0,1,1,0,0,0,2,0,0,0
202,Ryan Mendes,15,FW,20,0,0,0,0,0,4.0,37830.0,170.0,468.0,33.8,14782.4,14840.9,5260.5,2169.4,776.9,17.0,12.0,70.59,6.0,10.0,1.0,14.0,0.0,3.0,5.0,0,1,366,0.0,6.0,0.0,3.0,3.0,0.0,0.07,0.0,0.0,82.0,85.0,5.0,0.0,4.0,50.0,1.0,100.0,0,24.0,102.0,14.0,1,2,0,0,0,2,0,0,0
203,Nuno Da Costa,15,MF,21,0,0,0,0,0,4.0,18106.0,86.0,185.0,31.3,6782.8,7901.2,2083.7000000000003,1017.9,320.5,7.0,4.0,57.14,3.0,2.0,2.0,6.0,0.0,1.0,1.0,0,0,180,0.0,0.0,0.0,0.0,0.0,0.0,0.0,0.0,0.0,23.0,78.0,1.0,0.0,5.0,40.0,0.0,0.0,0,6.0,61.0,3.0,0,3,0,0,0,0,0,0,0
204,Steven Moreira,15,DF,22,0,0,0,0,0,4.0,33908.0,113.0,313.0,32.3,13846.600000000002,14510.2,3713.9,1367.4,470.0,33.0,20.0,60.61,2.0,18.0,13.0,33.0,0.0,0.0,4.0,0,0,346,0.0,0.0,0.0,0.0,0.0,0.0,0.0,0.0,0.0,109.0,81.0,4.0,75.0,3.0,0.0,0.0,0.0,0,9.0,77.0,7.0,0,2,0,0,0,0,0,0,0
205,Cj Dos Santos,15,GK,23,0,0,0,0,0,0.0,0.0,0.0,0.0,0.0,0.0,0.0,0.0,0.0,0.0,0.0,0.0,0.0,0.0,0.0,0.0,0.0,0.0,0.0,0.0,0,0,0,0.0,0.0,0.0,0.0,0.0,0.0,0.0,0.0,0.0,0.0,0.0,0.0,0.0,0.0,0.0,0.0,0.0,0,0.0,0.0,0.0,0,0,0,0,0,0,0,0,0
206,Wagner Pina,15,DF,24,0,0,0,0,0,1.0,11150.0,74.0,134.0,32.2,3632.8,4332.9,1593.9,1013.4,577.3,12.0,9.0,75.0,2.0,7.0,3.0,12.0,0.0,0.0,3.0,0,0,99,0.0,1.0,0.0,1.0,0.0,0.0,0.18,0.0,0.0,38.0,79.0,3.0,33.0,2.0,0.0,0.0,0.0,0,4.0,19.0,2.0,1,3,1,0,0,0,0,0,0
207,Kelvin Pires,15,DF,25,0,0,0,0,0,0.0,0.0,0.0,0.0,0.0,0.0,0.0,0.0,0.0,0.0,0.0,0.0,0.0,0.0,0.0,0.0,0.0,0.0,0.0,0.0,0,0,0,0.0,0.0,0.0,0.0,0.0,0.0,0.0,0.0,0.0,0.0,0.0,0.0,0.0,0.0,0.0,0.0,0.0,0,0.0,0.0,0.0,0,0,0,0,0,0,0,0,0
208,Helio Varela,15,MF,26,1,1,0,0,1,3.0,13847.0,68.0,179.0,32.3,4552.0,5994.9,2035.1,786.1,479.3,5.0,4.0,80.0,1.0,4.0,0.0,4.0,0.0,1.0,1.0,1,0,130,0.0,0.0,0.0,0.0,0.0,0.0,0.0,0.0,0.0,29.0,93.0,1.0,0.0,3.0,100.0,0.0,0.0,0,5.0,39.0,2.0,1,2,0,0,0,1,0,0,0
209,Dayne St. Clair,16,GK,1,0,0,0,0,0,0.0,0.0,0.0,0.0,0.0,0.0,0.0,0.0,0.0,0.0,0.0,0.0,0.0,0.0,0.0,0.0,0.0,0.0,0.0,0.0,0,0,0,0.0,0.0,0.0,0.0,0.0,0.0,0.0,0.0,0.0,0.0,0.0,0.0,0.0,0.0,0.0,0.0,0.0,0,0.0,0.0,0.0,0,0,0,0,0,0,0,0,0
210,Alistair Johnston,16,DF,2,0,0,0,0,0,5.0,53458.0,264.0,683.0,35.1,19468.7,20624.5,8209.4,3485.4,1670.1,97.0,67.0,69.07,10.0,36.0,51.0,88.0,6.0,3.0,24.0,0,0,511,2.0,5.0,0.0,4.0,1.0,2.0,0.18,0.0,2.0,240.0,77.0,24.0,25.0,17.0,53.0,2.0,100.0,0,12.0,52.0,16.0,5,4,1,0,0,0,0,0,0
211,Alfie Jones,16,DF,3,0,0,0,0,0,0.0,0.0,0.0,0.0,0.0,0.0,0.0,0.0,0.0,0.0,0.0,0.0,0.0,0.0,0.0,0.0,0.0,0.0,0.0,0.0,0,0,0,0.0,0.0,0.0,0.0,0.0,0.0,0.0,0.0,0.0,0.0,0.0,0.0,0.0,0.0,0.0,0.0,0.0,0,0.0,0.0,0.0,0,0,0,0,0,0,0,0,0
212,Luc De Fougerolles,16,DF,4,0,0,0,0,0,5.0,44379.0,174.0,528.0,32.8,14428.000000000002,20577.6,6028.2,2410.3,935.2,55.0,43.0,78.18,8.0,29.0,18.0,55.0,0.0,0.0,1.0,0,0,421,0.0,0.0,0.0,0.0,0.0,0.0,0.0,0.0,0.0,191.0,89.0,1.0,0.0,6.0,67.0,1.0,0.0,0,17.0,41.0,22.0,8,8,2,0,0,0,0,0,0
213,Joel Waterman,16,DF,5,0,0,0,0,0,0.0,0.0,0.0,0.0,0.0,0.0,0.0,0.0,0.0,0.0,0.0,0.0,0.0,0.0,0.0,0.0,0.0,0.0,0.0,0.0,0,0,0,0.0,0.0,0.0,0.0,0.0,0.0,0.0,0.0,0.0,0.0,0.0,0.0,0.0,0.0,0.0,0.0,0.0,0,0.0,0.0,0.0,0,0,0,0,0,0,0,0,0
214,Mathieu Choiniere,16,MF,6,0,0,0,0,0,1.0,7597.0,43.0,132.0,27.1,2013.8,3535.1,1376.9,575.8,95.8,12.0,9.0,75.0,2.0,3.0,7.0,10.0,2.0,0.0,0.0,0,0,61,0.0,0.0,0.0,0.0,0.0,0.0,0.0,0.0,0.0,29.0,79.0,4.0,50.0,2.0,50.0,1.0,100.0,0,2.0,19.0,2.0,1,1,0,0,0,0,0,0,0
215,Stephen Eustaquio,16,MF,7,1,1,0,0,1,5.0,52497.0,210.0,897.0,29.8,15627.8,21066.9,11989.2,3460.0,353.0,91.0,69.0,75.82,23.0,38.0,30.0,85.0,6.0,0.0,7.0,1,0,444,0.0,0.0,0.0,0.0,0.0,0.0,0.0,0.0,0.0,281.0,87.0,42.0,38.0,15.0,60.0,3.0,100.0,0,16.0,91.0,15.0,2,6,0,0,0,0,0,0,0
216,Ismael Kone,16,MF,8,0,0,0,0,0,2.0,16975.0,44.0,198.0,28.5,6005.0,7759.3,2287.3,750.4,172.9,33.0,25.0,75.76,10.0,20.0,3.0,30.0,1.0,2.0,2.0,0,0,160,0.0,0.0,0.0,0.0,0.0,0.0,0.0,0.0,0.0,108.0,86.0,2.0,0.0,0.0,0.0,0.0,0.0,0,8.0,25.0,5.0,1,3,0,0,0,0,0,0,0
217,Cyle Larin,16,FW,9,2,2,0,0,2,4.0,20615.0,96.0,216.0,31.8,8703.8,7854.6,2334.6000000000004,1156.9,565.2,1.0,0.0,0.0,0.0,0.0,1.0,1.0,0.0,0.0,0.0,2,0,224,4.0,9.0,22.0,9.0,0.0,3.0,1.27,1.58,0.0,23.0,87.0,0.0,0.0,1.0,0.0,0.0,0.0,0,8.0,76.0,6.0,5,1,2,0,0,3,0,0,0
218,Jonathan David,16,FW,10,3,3,0,0,3,5.0,52214.0,256.0,667.0,32.3,18312.5,22187.5,7539.900000000001,3080.5,1094.0,23.0,13.0,56.52,6.0,11.0,6.0,22.0,1.0,0.0,6.0,3,0,475,0.0,0.0,0.0,0.0,0.0,0.0,0.0,0.0,0.0,103.0,74.0,6.0,0.0,10.0,60.0,1.0,100.0,0,45.0,227.0,21.0,5,5,1,0,0,0,0,0,0
219,Liam Millar,16,MF,11,0,0,0,0,0,3.0,19177.0,114.0,243.0,33.8,6782.6,7513.3,2812.6000000000004,1306.2,762.0,23.0,13.0,56.52,6.0,13.0,4.0,14.0,2.0,7.0,10.0,0,0,176,0.0,1.0,0.0,1.0,0.0,1.0,0.04,0.0,0.0,67.0,75.0,10.0,20.0,8.0,50.0,0.0,0.0,0,3.0,44.0,12.0,3,1,1,0,0,0,0,0,0
220,Tani Oluwaseyi,16,FW,12,0,0,0,0,0,5.0,29357.0,172.0,350.0,34.9,10935.1,11340.2,4176.1,1905.4,1000.1,11.0,5.0,45.45,4.0,5.0,2.0,6.0,0.0,5.0,4.0,0,0,288,0.0,0.0,0.0,0.0,0.0,0.0,0.0,0.0,0.0,41.0,66.0,4.0,0.0,4.0,50.0,1.0,100.0,0,11.0,104.0,20.0,5,5,0,0,0,1,0,0,0
221,Derek Cornelius,16,DF,13,0,0,0,0,0,4.0,33570.0,106.0,368.0,30.7,13453.7,13862.8,4302.0,1544.5,406.6,48.0,35.0,72.92,9.0,28.0,11.0,47.0,1.0,0.0,1.0,0,0,351,0.0,0.0,0.0,0.0,0.0,0.0,0.0,0.0,0.0,170.0,89.0,1.0,0.0,2.0,50.0,1.0,0.0,0,4.0,29.0,6.0,4,3,1,0,0,0,0,0,0
222,Jacob Shaffelburg,16,MF,14,0,0,0,0,0,5.0,15827.0,106.0,202.0,34.2,5057.9,6133.4,2575.1000000000004,1434.8,625.1999999999999,17.0,11.0,64.71,0.0,5.0,12.0,12.0,4.0,1.0,19.0,0,0,126,0.0,3.0,0.0,2.0,1.0,0.0,0.09,0.0,0.0,41.0,90.0,19.0,16.0,6.0,50.0,0.0,0.0,0,5.0,22.0,6.0,2,1,0,0,0,0,0,0,0
223,Moise Bombito,16,DF,15,0,0,0,0,0,3.0,21227.0,72.0,212.0,32.5,7821.299999999999,9477.3,2573.4,887.3000000000001,467.6,30.0,22.0,73.33,5.0,15.0,10.0,30.0,0.0,0.0,0.0,0,0,221,0.0,0.0,0.0,0.0,0.0,0.0,0.0,0.0,0.0,111.0,86.0,0.0,0.0,4.0,50.0,1.0,100.0,0,4.0,11.0,2.0,2,0,0,0,0,0,0,0,0
224,Maxime Crepeau,16,GK,16,0,0,0,0,0,5.0,28144.0,16.0,90.0,25.4,19727.2,7321.799999999999,892.9000000000001,199.1,2.4,39.0,13.0,33.33,1.0,2.0,36.0,39.0,0.0,0.0,0.0,0,0,511,0.0,0.0,0.0,0.0,0.0,0.0,0.0,0.0,0.0,123.0,75.0,0.0,0.0,2.0,0.0,1.0,0.0,0,0.0,0.0,0.0,1,1,0,0,0,0,7,49,40
225,Tajon Buchanan,16,FW,17,0,0,0,0,0,5.0,43975.0,213.0,537.0,34.2,14812.6,18774.6,6377.1,2720.1000000000004,1291.0,23.0,15.0,65.22,5.0,14.0,4.0,14.0,1.0,8.0,17.0,0,0,401,3.0,6.0,0.0,3.0,3.0,0.0,0.68,0.0,1.0,95.0,80.0,17.0,18.0,9.0,56.0,1.0,100.0,0,29.0,136.0,32.0,5,8,0,0,0,2,0,0,0
226,Owen Goodman,16,GK,18,0,0,0,0,0,0.0,0.0,0.0,0.0,0.0,0.0,0.0,0.0,0.0,0.0,0.0,0.0,0.0,0.0,0.0,0.0,0.0,0.0,0.0,0.0,0,0,0,0.0,0.0,0.0,0.0,0.0,0.0,0.0,0.0,0.0,0.0,0.0,0.0,0.0,0.0,0.0,0.0,0.0,0,0.0,0.0,0.0,0,0,0,0,0,0,0,0,0
227,Alphonso Davies,16,DF,19,0,0,0,0,0,1.0,2590.0,17.0,37.0,29.9,839.3,1051.5,398.9,212.0,87.9,4.0,4.0,100.0,2.0,1.0,1.0,4.0,0.0,0.0,1.0,0,0,22,0.0,0.0,0.0,0.0,0.0,0.0,0.0,0.0,0.0,18.0,78.0,1.0,0.0,0.0,0.0,0.0,0.0,0,1.0,4.0,0.0,0,0,0,0,0,0,0,0,0
228,Ali Ahmed,16,FW,20,0,0,0,0,0,4.0,27940.0,172.0,341.0,34.1,9991.3,11289.4,3847.1,1974.5,838.0,24.0,15.0,62.5,4.0,10.0,10.0,17.0,5.0,2.0,11.0,0,0,258,0.0,0.0,0.0,0.0,0.0,0.0,0.0,0.0,0.0,65.0,78.0,15.0,20.0,5.0,40.0,1.0,100.0,0,18.0,113.0,12.0,1,5,0,0,0,0,0,0,0
229,Jonathan Osorio,16,MF,21,0,0,0,0,0,2.0,2036.0,11.0,29.0,30.7,646.4,785.0,395.8,129.3,80.0,2.0,2.0,100.0,1.0,0.0,1.0,2.0,0.0,0.0,0.0,0,0,17,0.0,1.0,0.0,1.0,0.0,0.0,0.04,0.0,0.0,9.0,67.0,0.0,0.0,0.0,0.0,0.0,0.0,0,1.0,3.0,1.0,0,1,0,0,0,0,0,0,0
230,Richie Laryea,16,DF,22,0,0,0,0,0,5.0,46054.0,231.0,464.0,35.2,18311.8,17910.0,5408.6,2817.5,1606.0000000000002,70.0,56.0,80.0,10.0,32.0,28.0,64.0,0.0,6.0,4.0,0,0,475,1.0,2.0,0.0,1.0,1.0,0.0,0.34,0.0,0.0,202.0,83.0,4.0,25.0,15.0,60.0,1.0,100.0,0,22.0,79.0,28.0,8,13,1,0,0,1,0,0,0
231,Niko Sigur,16,DF,23,0,0,0,0,0,3.0,17924.0,75.0,265.0,32.1,5437.599999999999,7898.599999999999,3221.4,1051.1,315.4,19.0,12.0,63.16,7.0,4.0,8.0,17.0,2.0,0.0,4.0,0,0,147,0.0,0.0,0.0,0.0,0.0,0.0,0.0,0.0,0.0,64.0,81.0,4.0,25.0,8.0,63.0,1.0,100.0,0,4.0,39.0,9.0,5,1,1,0,0,0,0,0,0
232,Promise David,16,FW,24,1,1,0,0,1,4.0,9795.0,41.0,79.0,30.1,4750.9,3422.2,982.2,483.4,156.0,3.0,2.0,66.67,2.0,1.0,0.0,3.0,0.0,0.0,0.0,1,1,105,3.0,5.0,20.0,3.0,2.0,1.0,0.75,1.34,0.0,16.0,50.0,0.0,0.0,1.0,0.0,1.0,100.0,0,6.0,23.0,1.0,4,2,0,0,0,0,0,0,0
233,Nathan Saliba,16,MF,25,1,1,0,0,1,3.0,23648.0,122.0,386.0,32.3,7035.0,9828.4,4698.700000000001,1716.7,368.6,35.0,29.0,82.86,16.0,11.0,8.0,34.0,1.0,0.0,4.0,1,2,206,1.0,3.0,33.0,1.0,2.0,1.0,0.3,3.36,0.0,93.0,85.0,4.0,25.0,4.0,75.0,1.0,100.0,0,11.0,43.0,12.0,5,2,1,0,0,0,0,0,0
234,Jayden Nelson,16,FW,26,0,0,0,0,0,1.0,1462.0,5.0,19.0,29.0,535.7,581.7,232.1,69.2,43.6,3.0,1.0,33.33,0.0,2.0,1.0,2.0,0.0,1.0,0.0,0,0,12,0.0,1.0,0.0,0.0,1.0,0.0,0.07,0.0,0.0,8.0,75.0,0.0,0.0,0.0,0.0,0.0,0.0,0,1.0,2.0,0.0,0,0,0,0,0,0,0,0,0
235,David Ospina,4,GK,1,0,0,0,0,0,0.0,0.0,0.0,0.0,0.0,0.0,0.0,0.0,0.0,0.0,0.0,0.0,0.0,0.0,0.0,0.0,0.0,0.0,0.0,0.0,0,0,0,0.0,0.0,0.0,0.0,0.0,0.0,0.0,0.0,0.0,0.0,0.0,0.0,0.0,0.0,0.0,0.0,0.0,0,0.0,0.0,0.0,0,0,0,0,0,0,0,0,0
236,Daniel Munoz,4,DF,2,2,2,0,0,2,5.0,47613.0,221.0,598.0,31.6,16270.2,20290.300000000003,7120.2,2974.9,957.7,31.0,24.0,77.42,6.0,10.0,15.0,31.0,0.0,0.0,9.0,2,0,451,2.0,3.0,67.0,3.0,0.0,0.0,0.64,3.11,0.0,213.0,91.0,9.0,22.0,5.0,20.0,0.0,0.0,0,11.0,64.0,20.0,9,1,0,0,0,3,0,0,0
237,Jhon Lucumi,4,DF,3,0,0,0,0,0,5.0,43823.0,115.0,350.0,34.1,21591.6,16339.5,3982.5,1333.2999999999995,576.1,53.0,37.0,69.81,8.0,16.0,29.0,52.0,0.0,1.0,0.0,0,0,538,0.0,2.0,0.0,2.0,0.0,2.0,0.11,0.0,0.0,285.0,92.0,0.0,0.0,6.0,17.0,12.0,100.0,0,11.0,29.0,12.0,5,0,1,0,0,0,0,0,0
238,Santiago Arias,4,DF,4,0,0,0,0,0,1.0,9047.0,50.0,80.0,32.0,3941.6,3184.8,969.9,534.6,416.3,12.0,10.0,83.33,1.0,5.0,6.0,12.0,0.0,0.0,5.0,0,0,89,0.0,0.0,0.0,0.0,0.0,0.0,0.0,0.0,0.0,43.0,86.0,5.0,80.0,1.0,100.0,0.0,0.0,0,5.0,12.0,1.0,1,0,0,0,0,0,0,0,0
239,Kevin Castano,4,MF,5,0,0,0,0,0,2.0,3167.0,15.0,48.0,27.2,1032.6999999999998,1348.0,524.3,241.9,20.5,1.0,1.0,100.0,0.0,1.0,0.0,1.0,0.0,0.0,0.0,0,0,28,0.0,0.0,0.0,0.0,0.0,0.0,0.0,0.0,0.0,14.0,100.0,0.0,0.0,0.0,0.0,0.0,0.0,0,1.0,9.0,0.0,0,0,0,0,0,0,0,0,0
240,Richard Rios,4,MF,6,0,0,0,0,0,5.0,19796.0,111.0,290.0,31.8,7308.799999999999,7226.7,3484.2,1350.2,426.4,10.0,7.0,70.0,5.0,2.0,3.0,9.0,0.0,1.0,2.0,0,0,175,1.0,5.0,0.0,2.0,3.0,1.0,0.37,0.0,0.0,56.0,84.0,2.0,0.0,1.0,100.0,1.0,100.0,0,4.0,55.0,24.0,10,4,1,0,0,0,0,0,0
241,Luis Diaz,4,FW,7,1,1,0,0,1,5.0,52995.0,248.0,510.0,35.1,22428.4,20035.7,6153.3,2892.9999999999995,1484.3,32.0,22.0,68.75,9.0,10.0,13.0,25.0,1.0,6.0,6.0,1,1,525,7.0,19.0,5.0,15.0,4.0,0.0,1.47,0.68,3.0,166.0,87.0,6.0,17.0,14.0,50.0,10.0,100.0,0,29.0,103.0,11.0,7,9,0,0,0,9,0,0,0
242,Jorge Carrascal,4,MF,8,0,0,0,0,0,0.0,0.0,0.0,0.0,0.0,0.0,0.0,0.0,0.0,0.0,0.0,0.0,0.0,0.0,0.0,0.0,0.0,0.0,0.0,0.0,0,0,0,0.0,0.0,0.0,0.0,0.0,0.0,0.0,0.0,0.0,0.0,0.0,0.0,0.0,0.0,0.0,0.0,0.0,0,0.0,0.0,0.0,0,0,0,0,0,0,0,0,0
243,Jhon Cordoba,4,FW,9,0,0,0,0,0,3.0,9865.0,33.0,104.0,32.1,4895.400000000001,3337.5,1059.3,421.8,151.0,0.0,0.0,0.0,0.0,0.0,0.0,0.0,0.0,0.0,0.0,0,0,108,1.0,2.0,0.0,2.0,0.0,1.0,0.32,0.0,0.0,12.0,75.0,0.0,0.0,0.0,0.0,0.0,0.0,0,2.0,23.0,2.0,1,2,0,0,0,2,0,0,0
244,James Rodriguez,4,MF,10,0,0,0,0,0,5.0,33663.0,56.0,357.0,26.8,14622.1,14375.7,3924.0,702.7,38.6,74.0,58.0,78.38,28.0,25.0,21.0,68.0,6.0,0.0,6.0,0,0,338,3.0,6.0,0.0,2.0,4.0,0.0,0.24,0.0,11.0,237.0,84.0,17.0,29.0,14.0,50.0,9.0,67.0,0,7.0,146.0,8.0,0,5,0,0,0,0,0,0,0
245,Jhon Arias,4,MF,11,1,1,0,0,1,5.0,40008.0,159.0,410.0,31.2,17660.8,14945.6,4566.8,1985.1,849.2,50.0,44.0,88.0,15.0,31.0,4.0,42.0,0.0,8.0,2.0,1,0,405,4.0,9.0,11.0,7.0,2.0,0.0,0.94,1.07,4.0,240.0,95.0,6.0,17.0,7.0,71.0,3.0,100.0,0,33.0,107.0,27.0,5,2,1,0,0,0,0,0,0
246,Camilo Vargas,4,GK,12,0,0,0,0,0,5.0,23127.0,9.0,27.0,25.7,19235.4,3533.8,270.1,81.2,6.699999999999999,56.0,20.0,35.71,2.0,0.0,54.0,56.0,0.0,0.0,0.0,0,0,541,0.0,0.0,0.0,0.0,0.0,0.0,0.0,0.0,0.0,202.0,78.0,0.0,0.0,10.0,20.0,0.0,0.0,0,0.0,0.0,0.0,0,0,0,0,0,0,7,57,54
247,Yerry Mina,4,DF,13,0,0,0,0,0,1.0,384.0,3.0,7.0,26.0,92.6,140.2,107.3,37.8,6.6,0.0,0.0,0.0,0.0,0.0,0.0,0.0,0.0,0.0,0.0,0,0,2,0.0,0.0,0.0,0.0,0.0,0.0,0.0,0.0,0.0,3.0,100.0,0.0,0.0,0.0,0.0,0.0,0.0,0,0.0,1.0,1.0,0,1,0,0,0,0,0,0,0
248,Gustavo Puerta,4,DF,14,0,0,0,0,0,5.0,57392.0,195.0,742.0,31.3,20377.6,25330.5,8541.8,2626.9,515.4,66.0,55.0,83.33,24.0,33.0,9.0,62.0,1.0,3.0,2.0,0,1,520,5.0,14.0,0.0,3.0,11.0,0.0,0.53,0.0,0.0,290.0,91.0,2.0,0.0,4.0,50.0,3.0,67.0,0,22.0,147.0,30.0,9,8,1,0,0,0,0,0,0
249,Juan Portilla,4,MF,15,0,0,0,0,0,0.0,0.0,0.0,0.0,0.0,0.0,0.0,0.0,0.0,0.0,0.0,0.0,0.0,0.0,0.0,0.0,0.0,0.0,0.0,0.0,0,0,0,0.0,0.0,0.0,0.0,0.0,0.0,0.0,0.0,0.0,0.0,0.0,0.0,0.0,0.0,0.0,0.0,0.0,0,0.0,0.0,0.0,0,0,0,0,0,0,0,0,0
250,Jefferson Lerma,4,MF,16,0,0,0,0,0,5.0,49542.0,170.0,713.0,32.5,16143.399999999998,22340.4,8327.0,2263.5,467.5,58.0,50.0,86.21,27.0,21.0,10.0,56.0,0.0,2.0,2.0,0,0,459,1.0,5.0,0.0,2.0,3.0,0.0,0.24,0.0,0.0,274.0,88.0,2.0,50.0,2.0,0.0,1.0,100.0,0,13.0,77.0,8.0,6,5,1,0,0,0,0,0,0
251,Johan Mojica,4,DF,17,0,0,0,0,0,4.0,43296.0,198.0,474.0,33.8,19421.9,14825.9,5426.6,2520.3,1101.9,55.0,36.0,65.45,8.0,14.0,33.0,53.0,2.0,0.0,12.0,0,0,442,2.0,3.0,0.0,1.0,2.0,1.0,0.13,0.0,0.0,202.0,80.0,12.0,17.0,8.0,38.0,1.0,100.0,0,11.0,45.0,3.0,1,7,1,0,0,1,0,0,0
252,Willer Ditta,4,DF,18,0,0,0,0,0,0.0,0.0,0.0,0.0,0.0,0.0,0.0,0.0,0.0,0.0,0.0,0.0,0.0,0.0,0.0,0.0,0.0,0.0,0.0,0.0,0,0,0,0.0,0.0,0.0,0.0,0.0,0.0,0.0,0.0,0.0,0.0,0.0,0.0,0.0,0.0,0.0,0.0,0.0,0,0.0,0.0,0.0,0,0,0,0,0,0,0,0,0
253,Cucho Hernandez,4,FW,19,0,0,0,0,0,2.0,7494.0,31.0,99.0,32.3,2951.7,2788.4,1145.0,418.7,190.5,1.0,0.0,0.0,0.0,1.0,0.0,0.0,0.0,1.0,1.0,0,1,66,0.0,1.0,0.0,1.0,0.0,1.0,0.04,0.0,0.0,8.0,63.0,1.0,100.0,0.0,0.0,0.0,0.0,0,0.0,24.0,3.0,0,1,0,0,0,0,0,0,0
254,Juan Quintero,4,MF,20,0,0,0,0,0,4.0,15790.0,45.0,185.0,31.0,6533.700000000001,6411.300000000001,2037.9,674.1,133.2,44.0,35.0,79.55,13.0,9.0,22.0,40.0,4.0,0.0,4.0,0,1,146,0.0,4.0,0.0,0.0,4.0,0.0,0.13,0.0,6.0,89.0,83.0,12.0,33.0,11.0,64.0,8.0,88.0,0,3.0,45.0,0.0,0,1,0,0,0,0,0,0,0
255,Jaminton Campaz,4,FW,21,1,1,0,0,1,3.0,10646.0,67.0,143.0,29.8,3731.0,4122.6,1655.5,911.8,224.9,7.0,4.0,57.14,1.0,1.0,5.0,4.0,1.0,2.0,3.0,1,0,98,3.0,6.0,17.0,3.0,3.0,1.0,0.64,1.56,0.0,18.0,67.0,3.0,0.0,2.0,50.0,2.0,100.0,0,5.0,41.0,5.0,2,3,0,0,0,2,0,0,0
256,Deiver Machado,4,DF,22,0,0,0,0,0,1.0,10069.0,56.0,117.0,34.0,4321.7,3424.0,1347.4,698.7,277.3,5.0,4.0,80.0,1.0,2.0,2.0,4.0,0.0,1.0,2.0,0,0,99,0.0,0.0,0.0,0.0,0.0,0.0,0.0,0.0,0.0,23.0,96.0,2.0,0.0,1.0,100.0,0.0,0.0,0,4.0,21.0,2.0,1,2,0,0,0,0,0,0,0
257,Davinson Sanchez,4,DF,23,0,0,0,0,0,5.0,48497.0,145.0,441.0,33.8,21543.5,19405.2,5064.5,1766.5000000000002,717.6999999999999,106.0,80.0,75.47,19.0,43.0,44.0,103.0,0.0,3.0,0.0,0,0,541,2.0,6.0,0.0,5.0,1.0,4.0,0.54,0.0,0.0,361.0,90.0,0.0,0.0,10.0,20.0,6.0,100.0,0,20.0,32.0,18.0,6,5,1,0,0,1,0,0,0
258,Alvaro Montero,4,GK,24,0,0,0,0,0,0.0,0.0,0.0,0.0,0.0,0.0,0.0,0.0,0.0,0.0,0.0,0.0,0.0,0.0,0.0,0.0,0.0,0.0,0.0,0.0,0,0,0,0.0,0.0,0.0,0.0,0.0,0.0,0.0,0.0,0.0,0.0,0.0,0.0,0.0,0.0,0.0,0.0,0.0,0,0.0,0.0,0.0,0,0,0,0,0,0,0,0,0
259,Luis Suarez,4,FW,25,0,0,0,0,0,5.0,32718.0,155.0,267.0,35.1,16625.1,10131.7,3107.9,1684.8,1169.0,7.0,4.0,57.14,5.0,0.0,2.0,6.0,0.0,1.0,3.0,0,1,365,0.0,9.0,0.0,7.0,2.0,2.0,0.96,0.0,0.0,53.0,74.0,3.0,33.0,2.0,50.0,0.0,0.0,0,13.0,106.0,15.0,7,8,1,0,0,1,0,0,0
260,Andres Gomez,4,FW,26,0,0,0,0,0,1.0,1042.0,6.0,16.0,28.4,264.8,404.2,265.2,85.7,22.2,0.0,0.0,0.0,0.0,0.0,0.0,0.0,0.0,0.0,0.0,0,0,7,0.0,0.0,0.0,0.0,0.0,0.0,0.0,0.0,0.0,0.0,0.0,0.0,0.0,0.0,0.0,0.0,0.0,0,0.0,1.0,1.0,0,0,0,0,0,0,0,0,0
261,Lionel Mpasi,27,GK,1,0,0,0,0,0,4.0,18910.0,7.0,37.0,26.7,14683.4,3785.4,346.2,87.7,6.7,51.0,14.0,27.45,3.0,1.0,47.0,51.0,0.0,0.0,0.0,0,0,409,0.0,0.0,0.0,0.0,0.0,0.0,0.0,0.0,0.0,139.0,68.0,0.0,0.0,5.0,0.0,0.0,0.0,0,0.0,0.0,0.0,0,0,0,0,0,0,15,83,70
262,Aaron Wan-Bissaka,27,DF,2,0,0,0,0,0,4.0,40401.0,194.0,460.0,33.7,15988.8,15667.7,5366.2,2433.8,944.5,61.0,41.0,67.21,7.0,25.0,29.0,55.0,2.0,4.0,7.0,0,0,399,0.0,0.0,0.0,0.0,0.0,0.0,0.0,0.0,0.0,137.0,80.0,7.0,29.0,5.0,60.0,0.0,0.0,0,12.0,104.0,14.0,1,1,0,0,0,1,0,0,0
263,Steve Kapuadi,27,DF,3,0,0,0,0,0,2.0,19497.0,60.0,211.0,32.8,8167.8,7804.3,2443.0,778.3,303.5,17.0,10.0,58.82,3.0,6.0,8.0,17.0,0.0,0.0,0.0,0,0,201,0.0,0.0,0.0,0.0,0.0,0.0,0.0,0.0,0.0,55.0,84.0,0.0,0.0,0.0,0.0,1.0,0.0,0,6.0,18.0,6.0,2,0,0,0,0,0,0,0,0
264,Axel Tuanzebe,27,DF,4,0,0,0,0,0,4.0,38204.0,128.0,311.0,31.4,16867.199999999997,15714.0,3563.7,1492.4,566.3,33.0,23.0,69.7,5.0,18.0,10.0,31.0,0.0,2.0,0.0,0,0,409,0.0,0.0,0.0,0.0,0.0,0.0,0.0,0.0,0.0,155.0,90.0,0.0,0.0,0.0,0.0,2.0,100.0,0,6.0,20.0,10.0,3,3,0,0,0,0,0,0,0
265,Dylan Batubinsika,27,DF,5,0,0,0,0,0,0.0,0.0,0.0,0.0,0.0,0.0,0.0,0.0,0.0,0.0,0.0,0.0,0.0,0.0,0.0,0.0,0.0,0.0,0.0,0.0,0,0,0,0.0,0.0,0.0,0.0,0.0,0.0,0.0,0.0,0.0,0.0,0.0,0.0,0.0,0.0,0.0,0.0,0.0,0,0.0,0.0,0.0,0,0,0,0,0,0,0,0,0
266,Ngalayel Mukau,27,MF,6,0,0,0,0,0,4.0,26620.0,105.0,383.0,34.4,7759.5,12820.9,4371.1,1290.9,377.0,13.0,12.0,92.31,7.0,5.0,1.0,13.0,0.0,0.0,0.0,0,0,220,0.0,0.0,0.0,0.0,0.0,0.0,0.0,0.0,0.0,69.0,87.0,0.0,0.0,1.0,100.0,0.0,0.0,0,10.0,125.0,9.0,3,4,0,0,0,1,0,0,0
267,Nathanael Mbuku,27,MF,7,0,0,0,0,0,3.0,18838.0,74.0,243.0,32.4,5683.2,8952.599999999999,2773.0,1080.2,349.79999999999995,19.0,14.0,73.68,4.0,9.0,6.0,11.0,4.0,4.0,9.0,0,0,163,0.0,0.0,0.0,0.0,0.0,0.0,0.0,0.0,0.0,45.0,78.0,14.0,21.0,6.0,83.0,0.0,0.0,0,6.0,67.0,8.0,4,8,1,0,0,0,0,0,0
268,Samuel Moutoussamy,27,MF,8,0,0,0,0,0,4.0,42993.0,169.0,613.0,31.9,11674.9,20526.4,7896.0,2355.6,539.9000000000001,45.0,31.0,68.89,17.0,15.0,13.0,43.0,0.0,2.0,1.0,0,0,360,0.0,0.0,0.0,0.0,0.0,0.0,0.0,0.0,0.0,147.0,83.0,1.0,100.0,6.0,17.0,4.0,100.0,0,39.0,114.0,31.0,8,1,1,0,0,0,0,0,0
269,Brian Cipenga,27,FW,9,1,1,0,0,1,2.0,17763.0,112.0,210.0,33.2,5591.1,8130.1,2414.0,1237.8,390.2,17.0,4.0,23.53,4.0,10.0,3.0,9.0,2.0,6.0,10.0,1,0,160,0.0,0.0,0.0,0.0,0.0,0.0,0.0,0.0,0.0,47.0,60.0,11.0,18.0,12.0,8.0,0.0,0.0,0,10.0,72.0,14.0,2,1,0,0,0,1,0,0,0
270,Theo Bongonda,27,MF,10,0,0,0,0,0,2.0,5477.0,24.0,55.0,32.0,1939.2,2489.2,694.4,310.2,44.0,6.0,3.0,50.0,1.0,2.0,3.0,3.0,1.0,2.0,0.0,0,0,47,0.0,0.0,0.0,0.0,0.0,0.0,0.0,0.0,0.0,13.0,69.0,2.0,0.0,2.0,0.0,0.0,0.0,0,1.0,19.0,2.0,0,1,0,0,0,0,0,0,0
271,Gael Kakuta,27,FW,11,0,0,0,0,0,0.0,0.0,0.0,0.0,0.0,0.0,0.0,0.0,0.0,0.0,0.0,0.0,0.0,0.0,0.0,0.0,0.0,0.0,0.0,0.0,0,0,0,0.0,0.0,0.0,0.0,0.0,0.0,0.0,0.0,0.0,0.0,0.0,0.0,0.0,0.0,0.0,0.0,0.0,0,0.0,0.0,0.0,0,0,0,0,0,0,0,0,0
272,Joris Kayembe,27,DF,12,0,0,0,0,0,4.0,7372.0,34.0,88.0,29.7,2626.5,2992.9,1057.1999999999998,577.3,118.5,12.0,7.0,58.33,1.0,4.0,7.0,11.0,0.0,1.0,3.0,0,0,69,0.0,0.0,0.0,0.0,0.0,0.0,0.0,0.0,0.0,24.0,79.0,3.0,67.0,4.0,25.0,0.0,0.0,0,4.0,20.0,5.0,0,1,0,0,0,0,0,0,0
273,Meschack Elia,27,FW,13,0,0,0,0,0,2.0,6531.0,41.0,86.0,34.3,2277.2,2638.0,872.2,440.6,302.8,6.0,3.0,50.0,1.0,4.0,1.0,2.0,0.0,4.0,2.0,0,1,59,2.0,2.0,0.0,0.0,2.0,0.0,0.05,0.0,0.0,14.0,93.0,2.0,0.0,5.0,60.0,0.0,0.0,0,1.0,25.0,3.0,2,0,0,0,0,0,0,0,0
274,Noah Sadiki,27,MF,14,0,0,0,0,0,4.0,33931.0,141.0,420.0,31.6,10712.0,15876.9,4948.1,1830.8,563.8,30.0,25.0,83.33,8.0,17.0,5.0,25.0,1.0,4.0,1.0,0,0,297,0.0,0.0,0.0,0.0,0.0,0.0,0.0,0.0,0.0,116.0,89.0,1.0,100.0,3.0,33.0,0.0,0.0,0,12.0,135.0,17.0,2,3,2,0,0,0,0,0,0
275,Aaron Tshibola,27,MF,15,0,0,0,0,0,0.0,0.0,0.0,0.0,0.0,0.0,0.0,0.0,0.0,0.0,0.0,0.0,0.0,0.0,0.0,0.0,0.0,0.0,0.0,0.0,0,0,0,0.0,0.0,0.0,0.0,0.0,0.0,0.0,0.0,0.0,0.0,0.0,0.0,0.0,0.0,0.0,0.0,0.0,0,0.0,0.0,0.0,0,0,0,0,0,0,0,0,0
276,Timothy Fayulu,27,GK,16,0,0,0,0,0,0.0,0.0,0.0,0.0,0.0,0.0,0.0,0.0,0.0,0.0,0.0,0.0,0.0,0.0,0.0,0.0,0.0,0.0,0.0,0.0,0,0,0,0.0,0.0,0.0,0.0,0.0,0.0,0.0,0.0,0.0,0.0,0.0,0.0,0.0,0.0,0.0,0.0,0.0,0,0.0,0.0,0.0,0,0,0,0,0,0,0,0,0
277,Cedric Bakambu,27,FW,17,0,0,0,0,0,3.0,21518.0,117.0,256.0,33.2,9657.3,7030.3,2996.5,1296.9,536.6,3.0,0.0,0.0,3.0,0.0,0.0,3.0,0.0,0.0,1.0,0,0,210,0.0,0.0,0.0,0.0,0.0,0.0,0.0,0.0,0.0,23.0,70.0,1.0,0.0,1.0,0.0,0.0,0.0,0,7.0,80.0,4.0,2,1,0,0,0,4,0,0,0
278,Charles Pickel,27,MF,18,0,0,0,0,0,2.0,5540.0,35.0,77.0,33.2,1769.8000000000002,2031.4,935.3,452.3,351.40000000000003,4.0,2.0,50.0,0.0,1.0,3.0,4.0,0.0,0.0,0.0,0,0,45,0.0,0.0,0.0,0.0,0.0,0.0,0.0,0.0,0.0,22.0,86.0,0.0,0.0,0.0,0.0,2.0,50.0,0,3.0,25.0,3.0,2,1,1,0,0,0,0,0,0
279,Fiston Mayele,27,FW,19,1,1,0,0,1,2.0,5778.0,35.0,72.0,32.9,1914.6,2521.5,827.6,361.6,152.6,1.0,0.0,0.0,0.0,0.0,1.0,1.0,0.0,0.0,0.0,1,0,55,0.0,0.0,0.0,0.0,0.0,0.0,0.0,0.0,0.0,11.0,64.0,0.0,0.0,0.0,0.0,0.0,0.0,0,3.0,23.0,0.0,1,1,0,0,0,1,0,0,0
280,Yoane Wissa,27,FW,20,3,2,1,0,3,4.0,41481.0,140.0,384.0,33.4,18850.4,15492.2,4484.1,1868.3,786.3000000000001,13.0,9.0,69.23,3.0,5.0,5.0,11.0,0.0,2.0,2.0,3,0,409,0.0,0.0,0.0,0.0,0.0,0.0,0.0,0.0,0.0,69.0,87.0,2.0,0.0,5.0,40.0,0.0,0.0,0,11.0,118.0,5.0,5,9,0,0,0,1,0,0,0
281,Matthieu Epolo,27,GK,21,0,0,0,0,0,0.0,0.0,0.0,0.0,0.0,0.0,0.0,0.0,0.0,0.0,0.0,0.0,0.0,0.0,0.0,0.0,0.0,0.0,0.0,0.0,0,0,0,0.0,0.0,0.0,0.0,0.0,0.0,0.0,0.0,0.0,0.0,0.0,0.0,0.0,0.0,0.0,0.0,0.0,0,0.0,0.0,0.0,0,0,0,0,0,0,0,0,0
282,Chancel Mbemba,27,DF,22,0,0,0,0,0,4.0,36904.0,135.0,347.0,32.2,16886.0,13862.3,4060.0,1584.3000000000002,511.7,65.0,46.0,70.77,14.0,21.0,30.0,62.0,0.0,3.0,4.0,0,1,409,0.0,1.0,0.0,1.0,0.0,0.0,0.05,0.0,0.0,162.0,80.0,4.0,0.0,7.0,43.0,3.0,100.0,0,9.0,23.0,12.0,1,2,1,0,0,0,0,0,0
283,Simon Banza,27,FW,23,0,0,0,0,0,2.0,5130.0,23.0,70.0,29.9,1766.5,2109.0,800.4000000000001,337.1,117.5,1.0,0.0,0.0,0.0,1.0,0.0,1.0,0.0,0.0,0.0,0,0,49,0.0,0.0,0.0,0.0,0.0,0.0,0.0,0.0,0.0,6.0,67.0,0.0,0.0,0.0,0.0,1.0,0.0,0,3.0,25.0,3.0,1,0,0,0,0,0,0,0,0
284,Gedeon Kalulu,27,DF,24,0,0,0,0,0,1.0,1187.0,6.0,20.0,28.0,420.0,418.2,208.9,116.5,23.2,2.0,1.0,50.0,0.0,1.0,1.0,2.0,0.0,0.0,0.0,0,0,10,0.0,0.0,0.0,0.0,0.0,0.0,0.0,0.0,0.0,6.0,83.0,0.0,0.0,1.0,0.0,0.0,0.0,0,0.0,3.0,3.0,0,0,0,0,0,0,0,0,0
285,Edo Kayembe,27,MF,25,0,0,0,0,0,3.0,20579.0,86.0,297.0,31.3,6364.999999999999,9557.3,3254.8,1162.6,239.8,8.0,6.0,75.0,6.0,0.0,2.0,7.0,0.0,1.0,2.0,0,0,177,0.0,0.0,0.0,0.0,0.0,0.0,0.0,0.0,0.0,41.0,85.0,2.0,0.0,1.0,0.0,0.0,0.0,0,20.0,116.0,20.0,5,3,0,0,0,0,0,0,0
286,Arthur Masuaku,27,DF,26,0,0,0,0,0,4.0,32801.0,114.0,343.0,33.3,13991.0,13364.7,3758.7,1329.1,357.2,77.0,57.0,74.03,15.0,37.0,25.0,69.0,6.0,2.0,9.0,0,1,340,0.0,0.0,0.0,0.0,0.0,0.0,0.0,0.0,6.0,169.0,83.0,14.0,21.0,6.0,67.0,5.0,80.0,0,9.0,102.0,10.0,0,4,0,0,0,0,0,0,0
287,Yahia Fofana,17,GK,1,0,0,0,0,0,4.0,19966.0,5.0,16.0,26.2,15949.399999999998,3689.3,216.8,105.4,5.2,61.0,32.0,52.46,5.0,2.0,54.0,61.0,0.0,0.0,0.0,0,0,408,0.0,0.0,0.0,0.0,0.0,0.0,0.0,0.0,0.0,114.0,65.0,0.0,0.0,1.0,100.0,0.0,0.0,0,0.0,0.0,0.0,0,3,0,0,0,0,11,84,68
288,Ousmane Diomande,17,DF,2,0,0,0,0,0,1.0,8979.0,24.0,75.0,29.9,3981.9,3867.9,770.8,279.0,79.8,14.0,14.0,100.0,2.0,11.0,1.0,14.0,0.0,0.0,0.0,0,0,100,0.0,0.0,0.0,0.0,0.0,0.0,0.0,0.0,0.0,74.0,97.0,0.0,0.0,0.0,0.0,0.0,0.0,0,1.0,3.0,1.0,0,0,0,0,0,0,0,0,0
289,Ghislain Konan,17,DF,3,0,0,0,0,0,3.0,29624.0,120.0,323.0,31.4,12934.1,10918.7,3782.9,1458.6,529.2,61.0,42.0,68.85,14.0,24.0,23.0,56.0,1.0,4.0,9.0,0,0,303,0.0,4.0,0.0,3.0,1.0,0.0,0.28,0.0,0.0,149.0,83.0,9.0,22.0,9.0,44.0,2.0,100.0,0,14.0,67.0,12.0,0,1,0,0,0,0,0,0,0
290,Jean Michael Seri,17,MF,4,0,0,0,0,0,1.0,2281.0,7.0,28.0,27.2,648.2,1194.5,314.4,97.6,26.7,6.0,5.0,83.33,5.0,0.0,1.0,6.0,0.0,0.0,1.0,0,0,19,0.0,0.0,0.0,0.0,0.0,0.0,0.0,0.0,0.0,17.0,94.0,3.0,0.0,2.0,50.0,0.0,0.0,0,0.0,5.0,1.0,0,0,0,0,0,0,0,0,0
291,Wilfried Singo,17,DF,5,0,0,0,0,0,2.0,18230.0,65.0,173.0,34.4,7460.2,7499.700000000001,2098.1,765.6,406.7000000000001,38.0,29.0,76.32,3.0,24.0,11.0,32.0,0.0,6.0,1.0,0,1,190,0.0,2.0,0.0,2.0,0.0,0.0,0.14,0.0,0.0,92.0,86.0,1.0,0.0,0.0,0.0,0.0,0.0,0,13.0,24.0,12.0,3,1,0,0,0,0,0,0,0
292,Seko Fofana,17,MF,6,0,0,0,0,0,2.0,11628.0,54.0,168.0,31.8,3744.7,4742.5,2095.6,773.8,271.2,7.0,4.0,57.14,5.0,2.0,0.0,7.0,0.0,0.0,0.0,0,0,103,1.0,5.0,0.0,0.0,5.0,0.0,0.4,0.0,0.0,45.0,84.0,0.0,0.0,2.0,0.0,0.0,0.0,0,3.0,28.0,1.0,1,0,1,0,0,0,0,0,0
293,Odilon Kossounou,17,DF,7,0,0,0,0,0,4.0,29902.0,79.0,287.0,32.3,12668.1,12652.7,3177.2,1042.2,361.5,29.0,25.0,86.21,9.0,18.0,2.0,28.0,0.0,1.0,0.0,0,0,316,0.0,0.0,0.0,0.0,0.0,0.0,0.0,0.0,0.0,149.0,95.0,0.0,0.0,1.0,100.0,0.0,0.0,0,2.0,15.0,6.0,0,1,0,0,0,0,0,0,0
294,Franck Kessie,17,MF,8,1,1,0,0,1,4.0,44145.0,184.0,553.0,32.1,14479.1,19833.2,6353.6,2657.0,821.9000000000001,47.0,35.0,74.47,12.0,19.0,16.0,45.0,0.0,2.0,4.0,1,0,389,0.0,0.0,0.0,0.0,0.0,0.0,0.0,0.0,0.0,188.0,88.0,4.0,0.0,13.0,46.0,2.0,50.0,0,13.0,135.0,13.0,7,2,1,0,0,1,0,0,0
295,Ange-Yoan Bonny,17,FW,9,0,0,0,0,0,4.0,26952.0,113.0,314.0,32.9,10388.5,11124.2,3316.3,1585.0,537.9,3.0,3.0,100.0,1.0,2.0,0.0,3.0,0.0,0.0,3.0,0,0,258,1.0,1.0,0.0,0.0,1.0,0.0,0.05,0.0,0.0,30.0,87.0,3.0,33.0,0.0,0.0,0.0,0.0,0,7.0,123.0,7.0,1,3,0,0,0,1,0,0,0
296,Simon Adingra,17,FW,10,0,0,0,0,0,1.0,2769.0,14.0,35.0,30.0,951.1,1109.4,400.9,187.0,120.7,3.0,2.0,66.67,1.0,1.0,1.0,3.0,0.0,0.0,0.0,0,0,22,0.0,0.0,0.0,0.0,0.0,0.0,0.0,0.0,1.0,10.0,90.0,1.0,100.0,0.0,0.0,0.0,0.0,0,0.0,11.0,1.0,0,0,0,0,0,0,0,0,0
297,Yan Diomande,17,FW,11,0,0,0,0,0,4.0,34347.0,178.0,370.0,34.7,13973.000000000002,12804.0,4127.200000000001,1950.1,1492.9,36.0,26.0,72.22,9.0,22.0,5.0,23.0,6.0,7.0,13.0,0,1,361,0.0,4.0,0.0,3.0,1.0,1.0,0.26,0.0,11.0,142.0,89.0,21.0,24.0,15.0,53.0,1.0,100.0,0,20.0,121.0,20.0,2,7,0,0,0,0,0,0,0
298,Elye Wahi,17,FW,12,0,0,0,0,0,3.0,13010.0,63.0,154.0,33.2,4590.0,5261.4,1944.9,758.0999999999999,455.2000000000001,4.0,2.0,50.0,2.0,2.0,0.0,4.0,0.0,0.0,1.0,0,0,127,2.0,3.0,0.0,3.0,0.0,0.0,0.48,0.0,0.0,21.0,71.0,1.0,0.0,3.0,33.0,0.0,0.0,0,5.0,60.0,3.0,0,0,0,0,0,0,0,0,0
299,Christopher Operi,17,DF,13,0,0,0,0,0,1.0,10698.0,55.0,142.0,30.8,3795.7,4588.1,1469.0,657.0,188.6,30.0,24.0,80.0,2.0,20.0,8.0,29.0,1.0,0.0,1.0,0,0,100,0.0,0.0,0.0,0.0,0.0,0.0,0.0,0.0,0.0,78.0,90.0,1.0,0.0,3.0,33.0,0.0,0.0,0,4.0,20.0,3.0,2,0,0,0,0,0,0,0,0
300,Oumar Diakite,17,FW,14,0,0,0,0,0,2.0,4173.0,22.0,46.0,32.1,1506.5,1718.0,503.2000000000001,266.9,178.6,5.0,2.0,40.0,2.0,3.0,0.0,3.0,0.0,2.0,1.0,0,0,40,0.0,0.0,0.0,0.0,0.0,0.0,0.0,0.0,0.0,19.0,89.0,1.0,0.0,3.0,33.0,0.0,0.0,0,3.0,11.0,1.0,0,0,0,0,0,0,0,0,0
301,Amad Diallo,17,FW,15,2,2,0,0,2,4.0,21888.0,104.0,270.0,33.3,8754.8,7829.099999999999,3100.0,1332.8,871.5,17.0,14.0,82.35,6.0,8.0,3.0,12.0,1.0,4.0,3.0,2,0,211,4.0,8.0,25.0,6.0,2.0,0.0,1.44,1.39,4.0,73.0,95.0,7.0,29.0,4.0,100.0,1.0,100.0,0,8.0,54.0,12.0,0,2,0,0,0,1,0,0,0
302,Mohamed Kone,17,GK,16,0,0,0,0,0,0.0,0.0,0.0,0.0,0.0,0.0,0.0,0.0,0.0,0.0,0.0,0.0,0.0,0.0,0.0,0.0,0.0,0.0,0.0,0.0,0,0,0,0.0,0.0,0.0,0.0,0.0,0.0,0.0,0.0,0.0,0.0,0.0,0.0,0.0,0.0,0.0,0.0,0.0,0,0.0,0.0,0.0,0,0,0,0,0,0,0,0,0
303,Guela Doue,17,DF,17,0,0,0,0,0,4.0,31331.0,132.0,353.0,33.8,11971.3,12769.5,4065.1,1731.5,793.7,53.0,40.0,75.47,10.0,24.0,19.0,48.0,3.0,2.0,11.0,0,0,311,0.0,1.0,0.0,1.0,0.0,0.0,0.01,0.0,0.0,163.0,88.0,11.0,45.0,9.0,56.0,2.0,100.0,0,12.0,78.0,19.0,6,5,1,0,0,0,0,0,0
304,Ibrahim Sangare,17,MF,18,0,0,0,0,0,4.0,33682.0,110.0,387.0,31.9,12745.9,14753.3,4351.3,1483.8,347.9,50.0,40.0,80.0,26.0,19.0,5.0,48.0,0.0,2.0,1.0,0,1,305,0.0,1.0,0.0,0.0,1.0,0.0,0.0,0.0,0.0,190.0,91.0,1.0,0.0,4.0,50.0,1.0,100.0,0,23.0,114.0,29.0,2,4,0,0,0,0,0,0,0
305,Nicolas Pepe,17,FW,19,2,2,0,0,2,4.0,25238.0,154.0,289.0,33.8,10010.1,8848.7,3364.7,2036.4,978.2,21.0,15.0,71.43,4.0,10.0,7.0,15.0,4.0,2.0,3.0,2,1,255,3.0,6.0,33.0,5.0,1.0,0.0,1.42,1.41,6.0,109.0,85.0,10.0,30.0,10.0,60.0,0.0,0.0,0,19.0,97.0,15.0,1,1,1,0,0,1,0,0,0
306,Emmanuel Agbadou,17,DF,20,0,0,0,0,0,3.0,28517.0,72.0,250.0,34.4,12002.3,12637.2,2635.5,1000.8,241.00000000000003,31.0,25.0,80.65,5.0,16.0,10.0,30.0,0.0,1.0,0.0,0,0,308,0.0,0.0,0.0,0.0,0.0,0.0,0.0,0.0,0.0,154.0,92.0,0.0,0.0,1.0,0.0,0.0,0.0,0,4.0,28.0,8.0,0,0,0,0,0,0,0,0,0
307,Evan Ndicka,17,DF,21,0,0,0,0,0,0.0,0.0,0.0,0.0,0.0,0.0,0.0,0.0,0.0,0.0,0.0,0.0,0.0,0.0,0.0,0.0,0.0,0.0,0.0,0.0,0,0,0,0.0,0.0,0.0,0.0,0.0,0.0,0.0,0.0,0.0,0.0,0.0,0.0,0.0,0.0,0.0,0.0,0.0,0,0.0,0.0,0.0,0,0,0,0,0,0,0,0,0
308,Evann Guessand,17,FW,22,0,0,0,0,0,2.0,2737.0,14.0,32.0,30.0,1117.9,975.9,334.0,161.3,147.6,0.0,0.0,0.0,0.0,0.0,0.0,0.0,0.0,0.0,0.0,0,0,27,0.0,0.0,0.0,0.0,0.0,0.0,0.0,0.0,0.0,5.0,80.0,0.0,0.0,0.0,0.0,0.0,0.0,0,2.0,9.0,2.0,1,0,0,0,0,0,0,0,0
309,Alban Lafont,17,GK,23,0,0,0,0,0,0.0,0.0,0.0,0.0,0.0,0.0,0.0,0.0,0.0,0.0,0.0,0.0,0.0,0.0,0.0,0.0,0.0,0.0,0.0,0.0,0,0,0,0.0,0.0,0.0,0.0,0.0,0.0,0.0,0.0,0.0,0.0,0.0,0.0,0.0,0.0,0.0,0.0,0.0,0,0.0,0.0,0.0,0,0,0,0,0,0,0,0,0
310,Bazoumana Toure,17,FW,24,0,0,0,0,0,3.0,10595.0,53.0,131.0,34.6,3336.4,4610.7,1706.7,584.0,356.7,5.0,1.0,20.0,2.0,0.0,3.0,3.0,1.0,1.0,4.0,0,0,94,0.0,0.0,0.0,0.0,0.0,0.0,0.0,0.0,0.0,23.0,70.0,4.0,0.0,1.0,0.0,1.0,100.0,0,2.0,38.0,2.0,0,1,0,0,0,0,0,0,0
311,Parfait Guiagon,17,MF,25,0,0,0,0,0,0.0,0.0,0.0,0.0,0.0,0.0,0.0,0.0,0.0,0.0,0.0,0.0,0.0,0.0,0.0,0.0,0.0,0.0,0.0,0.0,0,0,0,0.0,0.0,0.0,0.0,0.0,0.0,0.0,0.0,0.0,0.0,0.0,0.0,0.0,0.0,0.0,0.0,0.0,0,0.0,0.0,0.0,0,0,0,0,0,0,0,0,0
312,Christ Inao Oulai,17,MF,26,0,0,0,0,0,4.0,24246.0,70.0,261.0,32.1,8631.4,11469.9,3000.1000000000004,896.3,248.5,35.0,31.0,88.57,9.0,16.0,10.0,30.0,0.0,5.0,0.0,0,0,240,0.0,2.0,0.0,1.0,1.0,0.0,0.13,0.0,0.0,125.0,92.0,0.0,0.0,4.0,100.0,3.0,100.0,0,21.0,82.0,20.0,3,5,0,0,0,0,0,0,0
313,Dominik Livakovic,18,GK,1,0,0,0,0,0,4.0,17298.0,5.0,30.0,26.9,14319.0,2610.9,282.1,79.6,6.2,44.0,17.0,38.64,2.0,0.0,42.0,44.0,0.0,0.0,0.0,0,0,413,0.0,0.0,0.0,0.0,0.0,0.0,0.0,0.0,0.0,129.0,74.0,0.0,0.0,0.0,0.0,0.0,0.0,0,0.0,0.0,0.0,0,1,0,0,0,0,12,80,68
314,Josip Stanisic,18,DF,2,0,0,0,0,0,4.0,42581.0,196.0,418.0,33.7,16606.8,17540.3,4849.1,2336.2000000000003,1248.4,47.0,32.0,68.09,4.0,21.0,22.0,45.0,1.0,1.0,5.0,0,1,413,0.0,0.0,0.0,0.0,0.0,0.0,0.0,0.0,0.0,162.0,86.0,5.0,20.0,9.0,67.0,3.0,100.0,0,19.0,75.0,17.0,0,3,0,0,0,0,0,0,0
315,Marin Pongracic,18,DF,3,0,0,0,0,0,3.0,28983.0,102.0,280.0,32.4,12337.8,11658.4,3237.7,1325.0,424.2,36.0,27.0,75.0,9.0,13.0,14.0,35.0,0.0,1.0,0.0,0,0,311,0.0,0.0,0.0,0.0,0.0,0.0,0.0,0.0,0.0,200.0,91.0,0.0,0.0,1.0,0.0,1.0,100.0,0,6.0,13.0,7.0,3,0,0,0,0,0,0,0,0
316,Josko Gvardiol,18,DF,4,0,0,0,0,0,4.0,18796.0,88.0,238.0,34.1,7623.7,6435.799999999999,2954.6000000000004,1252.8,529.2,33.0,24.0,72.73,3.0,15.0,15.0,32.0,0.0,1.0,0.0,0,0,177,0.0,0.0,0.0,0.0,0.0,0.0,0.0,0.0,0.0,89.0,87.0,0.0,0.0,7.0,57.0,2.0,50.0,0,2.0,24.0,6.0,2,3,0,0,0,0,0,0,0
317,Duje Caleta-Car,18,DF,5,0,0,0,0,0,0.0,0.0,0.0,0.0,0.0,0.0,0.0,0.0,0.0,0.0,0.0,0.0,0.0,0.0,0.0,0.0,0.0,0.0,0.0,0.0,0,0,0,0.0,0.0,0.0,0.0,0.0,0.0,0.0,0.0,0.0,0.0,0.0,0.0,0.0,0.0,0.0,0.0,0.0,0,0.0,0.0,0.0,0,0,0,0,0,0,0,0,0
318,Josip Sutalo,18,DF,6,0,0,0,0,0,4.0,40955.0,118.0,410.0,32.3,15305.4,19146.8,4525.5,1463.5,513.7,51.0,29.0,56.86,4.0,18.0,29.0,50.0,0.0,1.0,0.0,0,0,413,0.0,0.0,0.0,0.0,0.0,0.0,0.0,0.0,0.0,267.0,90.0,0.0,0.0,4.0,0.0,7.0,71.0,0,4.0,17.0,9.0,2,1,0,0,0,0,0,0,0
319,Nikola Moro,18,MF,7,0,0,0,0,0,0.0,0.0,0.0,0.0,0.0,0.0,0.0,0.0,0.0,0.0,0.0,0.0,0.0,0.0,0.0,0.0,0.0,0.0,0.0,0.0,0,0,0,0.0,0.0,0.0,0.0,0.0,0.0,0.0,0.0,0.0,0.0,0.0,0.0,0.0,0.0,0.0,0.0,0.0,0,0.0,0.0,0.0,0,0,0,0,0,0,0,0,0
320,Mateo Kovacic,18,MF,8,0,0,0,0,0,4.0,32503.0,108.0,354.0,32.2,10966.9,15169.1,4401.7,1445.6,519.7,43.0,39.0,90.7,18.0,20.0,5.0,37.0,0.0,6.0,0.0,0,1,293,4.0,5.0,0.0,1.0,4.0,0.0,0.46,0.0,0.0,208.0,95.0,0.0,0.0,3.0,67.0,2.0,100.0,0,7.0,95.0,16.0,3,3,0,0,0,0,0,0,0
321,Andrej Kramaric,18,FW,9,0,0,0,0,0,3.0,10055.0,50.0,163.0,30.6,3018.0,4199.4,1815.9,787.1,235.0,7.0,5.0,71.43,2.0,3.0,2.0,4.0,2.0,1.0,2.0,0,0,81,0.0,0.0,0.0,0.0,0.0,0.0,0.0,0.0,0.0,20.0,85.0,2.0,0.0,2.0,50.0,0.0,0.0,0,0.0,24.0,1.0,0,0,0,0,0,1,0,0,0
322,Luka Modric,18,MF,10,0,0,0,0,0,4.0,36542.0,122.0,401.0,32.1,13876.6,15752.3,4675.0,1676.9,560.7,69.0,57.0,82.61,18.0,24.0,27.0,66.0,3.0,0.0,2.0,0,1,360,0.0,1.0,0.0,1.0,0.0,1.0,0.05,0.0,7.0,248.0,91.0,9.0,44.0,9.0,44.0,2.0,100.0,0,16.0,48.0,12.0,4,3,1,0,0,0,0,0,0
323,Ante Budimir,18,FW,11,1,1,0,0,1,3.0,18722.0,94.0,180.0,32.1,6964.1,8176.9,1967.6,1180.9,432.9,2.0,0.0,0.0,0.0,1.0,1.0,2.0,0.0,0.0,0.0,1,0,168,0.0,0.0,0.0,0.0,0.0,0.0,0.0,0.0,0.0,10.0,60.0,0.0,0.0,2.0,0.0,0.0,0.0,0,13.0,76.0,13.0,6,4,0,0,0,0,0,0,0
324,Ivor Pandur,18,GK,12,0,0,0,0,0,0.0,0.0,0.0,0.0,0.0,0.0,0.0,0.0,0.0,0.0,0.0,0.0,0.0,0.0,0.0,0.0,0.0,0.0,0.0,0.0,0,0,0,0.0,0.0,0.0,0.0,0.0,0.0,0.0,0.0,0.0,0.0,0.0,0.0,0.0,0.0,0.0,0.0,0.0,0,0.0,0.0,0.0,0,0,0,0,0,0,0,0,0
325,Nikola Vlasic,18,MF,13,1,1,0,0,1,3.0,22011.0,96.0,263.0,32.6,8252.5,8909.1,2961.2000000000003,1350.6,538.1,10.0,6.0,60.0,4.0,4.0,2.0,8.0,1.0,1.0,3.0,1,0,204,0.0,0.0,0.0,0.0,0.0,0.0,0.0,0.0,0.0,40.0,83.0,3.0,67.0,3.0,67.0,0.0,0.0,0,14.0,82.0,9.0,5,0,0,0,0,2,0,0,0
326,Ivan Perisic,18,FW,14,1,1,0,0,1,4.0,41582.0,183.0,452.0,33.5,17935.800000000003,14928.4,5145.0,2267.2,1305.4,35.0,23.0,65.71,3.0,12.0,20.0,30.0,3.0,2.0,17.0,1,1,413,2.0,2.0,50.0,2.0,0.0,1.0,0.32,3.15,2.0,150.0,88.0,19.0,16.0,9.0,56.0,1.0,100.0,0,12.0,88.0,13.0,4,1,2,0,0,0,0,0,0
327,Mario Pasalic,18,MF,15,0,0,0,0,0,4.0,16317.0,78.0,218.0,31.9,6134.4,6305.8,2381.6000000000004,1163.4,332.4,9.0,9.0,100.0,4.0,3.0,2.0,9.0,0.0,0.0,0.0,0,0,158,0.0,0.0,0.0,0.0,0.0,0.0,0.0,0.0,0.0,50.0,90.0,0.0,0.0,1.0,100.0,0.0,0.0,0,7.0,23.0,8.0,2,0,0,0,0,1,0,0,0
328,Martin Baturina,18,MF,16,1,1,0,0,1,4.0,37806.0,175.0,489.0,33.6,12532.0,16578.8,5665.0,2335.9,693.8,20.0,11.0,55.0,4.0,11.0,5.0,13.0,2.0,5.0,8.0,1,0,344,0.0,0.0,0.0,0.0,0.0,0.0,0.0,0.0,0.0,93.0,86.0,10.0,20.0,8.0,50.0,1.0,100.0,0,17.0,119.0,8.0,1,14,0,0,0,0,0,0,0
329,Petar Sucic,18,MF,17,1,1,0,0,1,4.0,39445.0,158.0,548.0,31.8,11609.8,18598.9,6174.4,2391.4,670.2,29.0,19.0,65.52,9.0,13.0,7.0,27.0,1.0,1.0,6.0,1,1,338,2.0,3.0,33.0,1.0,2.0,0.0,0.14,7.07,0.0,127.0,87.0,6.0,17.0,5.0,20.0,1.0,100.0,0,11.0,152.0,25.0,7,6,1,0,0,1,0,0,0
330,Kristijan Jakic,18,DF,18,0,0,0,0,0,0.0,0.0,0.0,0.0,0.0,0.0,0.0,0.0,0.0,0.0,0.0,0.0,0.0,0.0,0.0,0.0,0.0,0.0,0.0,0.0,0,0,0,0.0,0.0,0.0,0.0,0.0,0.0,0.0,0.0,0.0,0.0,0.0,0.0,0.0,0.0,0.0,0.0,0.0,0,0.0,0.0,0.0,0,0,0,0,0,0,0,0,0
331,Toni Fruk,18,MF,19,0,0,0,0,0,0.0,0.0,0.0,0.0,0.0,0.0,0.0,0.0,0.0,0.0,0.0,0.0,0.0,0.0,0.0,0.0,0.0,0.0,0.0,0.0,0,0,0,0.0,0.0,0.0,0.0,0.0,0.0,0.0,0.0,0.0,0.0,0.0,0.0,0.0,0.0,0.0,0.0,0.0,0,0.0,0.0,0.0,0,0,0,0,0,0,0,0,0
332,Igor Matanovic,18,FW,20,0,0,0,0,0,3.0,12767.0,73.0,164.0,30.5,4292.599999999999,5378.5,1913.9,901.5,280.29999999999995,2.0,1.0,50.0,1.0,1.0,0.0,0.0,0.0,2.0,0.0,0,0,125,0.0,0.0,0.0,0.0,0.0,0.0,0.0,0.0,0.0,14.0,79.0,0.0,0.0,0.0,0.0,0.0,0.0,0,6.0,49.0,10.0,4,3,0,0,0,1,0,0,0
333,Luka Sucic,18,MF,21,0,0,0,0,0,1.0,2775.0,17.0,31.0,29.8,832.7,1200.2,419.3,221.4,101.2,1.0,0.0,0.0,0.0,1.0,0.0,1.0,0.0,0.0,0.0,0,0,23,0.0,0.0,0.0,0.0,0.0,0.0,0.0,0.0,0.0,3.0,33.0,0.0,0.0,1.0,0.0,0.0,0.0,0,1.0,7.0,0.0,0,0,0,0,0,0,0,0,0
334,Luka Vuskovic,18,DF,22,0,0,0,0,0,1.0,7008.0,21.0,81.0,29.0,2748.3,2936.6,918.1,269.9,135.2,5.0,3.0,60.0,2.0,1.0,2.0,4.0,0.0,1.0,0.0,0,0,71,0.0,0.0,0.0,0.0,0.0,0.0,0.0,0.0,0.0,43.0,88.0,0.0,0.0,1.0,0.0,0.0,0.0,0,0.0,3.0,2.0,1,1,0,0,0,0,0,0,0
335,Dominik Kotarski,18,GK,23,0,0,0,0,0,0.0,0.0,0.0,0.0,0.0,0.0,0.0,0.0,0.0,0.0,0.0,0.0,0.0,0.0,0.0,0.0,0.0,0.0,0.0,0.0,0,0,0,0.0,0.0,0.0,0.0,0.0,0.0,0.0,0.0,0.0,0.0,0.0,0.0,0.0,0.0,0.0,0.0,0.0,0,0.0,0.0,0.0,0,0,0,0,0,0,0,0,0
336,Marco Pasalic,18,FW,24,0,0,0,0,0,3.0,12958.0,82.0,142.0,33.3,4206.5,5442.4,1748.6999999999998,1088.4,472.6,15.0,10.0,66.67,2.0,8.0,5.0,8.0,1.0,6.0,11.0,0,0,114,0.0,0.0,0.0,0.0,0.0,0.0,0.0,0.0,0.0,37.0,62.0,12.0,8.0,9.0,89.0,2.0,50.0,0,5.0,40.0,7.0,0,2,0,0,0,2,0,0,0
337,Martin Erlic,18,DF,25,0,0,0,0,0,0.0,0.0,0.0,0.0,0.0,0.0,0.0,0.0,0.0,0.0,0.0,0.0,0.0,0.0,0.0,0.0,0.0,0.0,0.0,0.0,0,0,0,0.0,0.0,0.0,0.0,0.0,0.0,0.0,0.0,0.0,0.0,0.0,0.0,0.0,0.0,0.0,0.0,0.0,0,0.0,0.0,0.0,0,0,0,0,0,0,0,0,0
338,Petar Musa,18,FW,26,1,1,0,0,1,2.0,13218.0,61.0,160.0,31.4,4708.4,5588.1,1894.2,850.8,176.3,4.0,2.0,50.0,2.0,0.0,2.0,4.0,0.0,0.0,0.0,1,0,119,0.0,0.0,0.0,0.0,0.0,0.0,0.0,0.0,0.0,11.0,64.0,0.0,0.0,3.0,33.0,0.0,0.0,0,9.0,76.0,11.0,1,1,0,0,0,0,0,0,0
339,Eloy Room,37,GK,1,0,0,0,0,0,3.0,15612.0,1.0,15.0,24.6,13299.4,2110.3,182.2,19.8,0.0,50.0,16.0,32.0,1.0,0.0,49.0,50.0,0.0,0.0,0.0,0,0,300,0.0,0.0,0.0,0.0,0.0,0.0,0.0,0.0,0.0,89.0,54.0,0.0,0.0,1.0,0.0,0.0,0.0,0,0.0,0.0,0.0,0,0,0,0,0,0,21,81,72
340,Shurandy Sambo,37,DF,2,0,0,0,0,0,1.0,726.0,4.0,9.0,24.9,288.2,270.9,112.6,54.7,0.0,0.0,0.0,0.0,0.0,0.0,0.0,0.0,0.0,0.0,0.0,0,0,6,0.0,0.0,0.0,0.0,0.0,0.0,0.0,0.0,0.0,3.0,100.0,0.0,0.0,0.0,0.0,0.0,0.0,0,0.0,0.0,0.0,0,0,0,0,0,0,0,0,0
341,Jurien Gaari,37,DF,3,0,0,0,0,0,2.0,17250.0,71.0,151.0,32.5,7242.8,7065.6,1759.5,739.1,443.4,19.0,12.0,63.16,9.0,3.0,7.0,18.0,0.0,1.0,0.0,0,0,180,0.0,0.0,0.0,0.0,0.0,0.0,0.0,0.0,0.0,54.0,76.0,0.0,0.0,1.0,0.0,0.0,0.0,0,8.0,30.0,14.0,4,1,1,0,0,0,0,0,0
342,Roshon Van Eijma,37,DF,4,0,0,0,0,0,1.0,1852.0,5.0,18.0,26.7,878.0,669.9,233.8,64.9,5.4,0.0,0.0,0.0,0.0,0.0,0.0,0.0,0.0,0.0,0.0,0,0,20,0.0,0.0,0.0,0.0,0.0,0.0,0.0,0.0,0.0,1.0,100.0,0.0,0.0,0.0,0.0,0.0,0.0,0,1.0,5.0,3.0,0,0,0,0,0,0,0,0,0
343,Sherel Floranus,37,DF,5,0,0,0,0,0,3.0,29894.0,116.0,320.0,33.3,11334.8,12556.0,3719.2,1487.5,796.2,43.0,31.0,72.09,6.0,20.0,17.0,42.0,0.0,1.0,0.0,0,0,300,0.0,0.0,0.0,0.0,0.0,0.0,0.0,0.0,0.0,112.0,85.0,0.0,0.0,3.0,33.0,1.0,100.0,0,16.0,95.0,25.0,2,0,0,0,0,1,0,0,0
344,Godfried Roemeratoe,37,MF,6,0,0,0,0,0,1.0,1454.0,6.0,19.0,24.3,465.0,702.0,193.1,94.1,0.0,1.0,0.0,0.0,0.0,0.0,1.0,1.0,0.0,0.0,0.0,0,0,12,0.0,0.0,0.0,0.0,0.0,0.0,0.0,0.0,0.0,3.0,33.0,0.0,0.0,0.0,0.0,0.0,0.0,0,0.0,4.0,0.0,0,0,0,0,0,0,0,0,0
345,Juninho Bacuna,37,MF,7,0,0,0,0,0,3.0,28745.0,142.0,305.0,32.1,11370.5,10980.2,3861.9,1727.4,805.0,27.0,18.0,66.67,10.0,10.0,7.0,21.0,2.0,4.0,3.0,0,0,280,0.0,0.0,0.0,0.0,0.0,0.0,0.0,0.0,0.0,75.0,80.0,5.0,20.0,4.0,25.0,1.0,100.0,0,16.0,148.0,21.0,6,3,2,0,0,0,0,0,0
346,Livano Comenencia,37,MF,8,1,1,0,0,1,3.0,28808.0,117.0,342.0,32.0,9829.1,12905.7,3932.0,1594.4,546.7,17.0,12.0,70.59,9.0,6.0,2.0,15.0,0.0,2.0,1.0,1,0,253,0.0,0.0,0.0,0.0,0.0,0.0,0.0,0.0,0.0,62.0,81.0,1.0,100.0,4.0,50.0,0.0,0.0,0,13.0,102.0,19.0,4,1,1,0,0,0,0,0,0
347,Juergen Locadia,37,FW,9,0,0,0,0,0,3.0,23793.0,92.0,227.0,32.6,9178.6,10510.9,2491.6,1182.7,429.3,5.0,2.0,40.0,2.0,1.0,2.0,5.0,0.0,0.0,0.0,0,0,250,0.0,0.0,0.0,0.0,0.0,0.0,0.0,0.0,0.0,48.0,77.0,0.0,0.0,1.0,100.0,1.0,100.0,0,7.0,76.0,4.0,3,4,0,0,0,2,0,0,0
348,Leandro Bacuna,37,MF,10,0,0,0,0,0,3.0,29456.0,88.0,315.0,31.8,11417.6,12948.1,3400.1000000000004,1235.5,454.6,36.0,25.0,69.44,13.0,13.0,10.0,33.0,2.0,1.0,2.0,0,0,300,0.0,0.0,0.0,0.0,0.0,0.0,0.0,0.0,0.0,125.0,86.0,4.0,0.0,4.0,25.0,1.0,100.0,0,18.0,110.0,17.0,3,3,1,0,0,0,0,0,0
349,Jeremy Antonisse,37,FW,11,0,0,0,0,0,2.0,10361.0,55.0,145.0,31.3,2917.0,4532.3,1735.1,799.4,377.5,12.0,7.0,58.33,2.0,4.0,6.0,10.0,2.0,0.0,2.0,0,0,85,0.0,0.0,0.0,0.0,0.0,0.0,0.0,0.0,0.0,35.0,71.0,6.0,50.0,2.0,0.0,1.0,100.0,0,1.0,39.0,3.0,0,0,0,0,0,0,0,0,0
350,Sontje Hansen,37,FW,12,0,0,0,0,0,1.0,4911.0,26.0,59.0,33.1,1974.0,1828.5,613.8,358.0,136.4,1.0,0.0,0.0,0.0,1.0,0.0,1.0,0.0,0.0,0.0,0,0,50,0.0,0.0,0.0,0.0,0.0,0.0,0.0,0.0,0.0,6.0,83.0,0.0,0.0,0.0,0.0,0.0,0.0,0,2.0,31.0,1.0,0,0,0,0,0,0,0,0,0
351,Tyrese Noslin,37,FW,13,0,0,0,0,0,1.0,2453.0,19.0,42.0,30.7,713.8,891.3,479.2,281.9,86.9,2.0,0.0,0.0,0.0,0.0,2.0,1.0,1.0,0.0,3.0,0,0,19,0.0,0.0,0.0,0.0,0.0,0.0,0.0,0.0,0.0,9.0,56.0,3.0,33.0,1.0,0.0,0.0,0.0,0,0.0,7.0,2.0,0,2,0,0,0,0,0,0,0
352,Kenji Gorre,37,FW,14,0,0,0,0,0,1.0,2257.0,8.0,32.0,28.0,829.2,851.0,442.8,98.2,35.9,0.0,0.0,0.0,0.0,0.0,0.0,0.0,0.0,0.0,0.0,0,0,20,0.0,0.0,0.0,0.0,0.0,0.0,0.0,0.0,0.0,2.0,0.0,0.0,0.0,0.0,0.0,0.0,0.0,0,0.0,8.0,1.0,0,0,0,0,0,0,0,0,0
353,Arjany Martha,37,MF,15,0,0,0,0,0,0.0,0.0,0.0,0.0,0.0,0.0,0.0,0.0,0.0,0.0,0.0,0.0,0.0,0.0,0.0,0.0,0.0,0.0,0.0,0.0,0,0,0,0.0,0.0,0.0,0.0,0.0,0.0,0.0,0.0,0.0,0.0,0.0,0.0,0.0,0.0,0.0,0.0,0.0,0,0.0,0.0,0.0,0,0,0,0,0,0,0,0,0
354,Jearl Margaritha,37,FW,16,0,0,0,0,0,2.0,5686.0,36.0,62.0,30.7,1851.1,2495.9,750.7,435.9,151.89999999999998,0.0,0.0,0.0,0.0,0.0,0.0,0.0,0.0,0.0,0.0,0,0,50,0.0,0.0,0.0,0.0,0.0,0.0,0.0,0.0,0.0,8.0,100.0,0.0,0.0,0.0,0.0,0.0,0.0,0,3.0,23.0,1.0,0,0,0,0,0,0,0,0,0
355,Brandley Kuwas,37,FW,17,0,0,0,0,0,1.0,840.0,7.0,16.0,29.2,282.8,282.1,158.3,101.5,14.9,1.0,0.0,0.0,0.0,0.0,1.0,0.0,1.0,0.0,1.0,0,0,6,0.0,0.0,0.0,0.0,0.0,0.0,0.0,0.0,0.0,4.0,75.0,1.0,0.0,1.0,0.0,0.0,0.0,0,0.0,2.0,0.0,0,0,0,0,0,0,0,0,0
356,Armando Obispo,37,DF,18,0,0,0,0,0,3.0,26714.0,65.0,189.0,33.2,12927.8,10472.2,2222.5,760.2,331.0,31.0,25.0,80.65,6.0,11.0,14.0,31.0,0.0,0.0,0.0,0,0,300,0.0,0.0,0.0,0.0,0.0,0.0,0.0,0.0,0.0,97.0,90.0,0.0,0.0,1.0,100.0,1.0,100.0,0,4.0,24.0,9.0,1,0,0,0,0,1,0,0,0
357,Gervane Kastaneer,37,FW,19,0,0,0,0,0,3.0,4460.0,21.0,44.0,28.4,1885.4,1748.0,520.5999999999999,250.6,55.99999999999999,3.0,2.0,66.67,1.0,1.0,1.0,3.0,0.0,0.0,0.0,0,0,45,0.0,0.0,0.0,0.0,0.0,0.0,0.0,0.0,0.0,9.0,78.0,0.0,0.0,0.0,0.0,0.0,0.0,0,0.0,17.0,3.0,2,0,2,0,0,0,0,0,0
358,Joshua Brenet,37,DF,20,0,0,0,0,0,2.0,19154.0,97.0,191.0,32.5,7897.900000000001,7400.799999999999,2250.5,1199.3000000000002,405.7,30.0,19.0,63.33,8.0,7.0,15.0,28.0,0.0,2.0,1.0,0,0,193,0.0,0.0,0.0,0.0,0.0,0.0,0.0,0.0,0.0,63.0,78.0,1.0,0.0,3.0,33.0,0.0,0.0,0,17.0,65.0,6.0,0,1,0,0,0,1,0,0,0
359,Tahith Chong,37,MF,21,0,0,0,0,0,3.0,27318.0,107.0,293.0,34.0,12786.5,8895.5,3368.1,1477.1999999999998,790.8000000000001,22.0,15.0,68.18,7.0,11.0,4.0,18.0,0.0,4.0,0.0,0,0,267,0.0,0.0,0.0,0.0,0.0,0.0,0.0,0.0,0.0,61.0,84.0,0.0,0.0,11.0,64.0,0.0,0.0,0,5.0,113.0,9.0,3,13,0,0,0,0,0,0,0
360,Kevin Felida,37,MF,22,0,0,0,0,0,0.0,0.0,0.0,0.0,0.0,0.0,0.0,0.0,0.0,0.0,0.0,0.0,0.0,0.0,0.0,0.0,0.0,0.0,0.0,0.0,0,0,0,0.0,0.0,0.0,0.0,0.0,0.0,0.0,0.0,0.0,0.0,0.0,0.0,0.0,0.0,0.0,0.0,0.0,0,0.0,0.0,0.0,0,0,0,0,0,0,0,0,0
361,Riechedly Bazoer,37,DF,23,0,0,0,0,0,1.0,8507.0,15.0,60.0,27.8,4265.0,3211.0,724.9,220.6,85.3,11.0,9.0,81.82,0.0,5.0,6.0,11.0,0.0,0.0,0.0,0,0,100,0.0,0.0,0.0,0.0,0.0,0.0,0.0,0.0,0.0,36.0,86.0,0.0,0.0,0.0,0.0,1.0,100.0,0,1.0,11.0,3.0,2,0,0,0,0,0,0,0,0
362,Deveron Fonville,37,DF,24,0,0,0,0,0,3.0,25517.0,132.0,239.0,34.7,10496.1,9812.3,2916.0,1453.6,838.7,20.0,16.0,80.0,4.0,8.0,8.0,16.0,0.0,4.0,0.0,0,0,260,0.0,0.0,0.0,0.0,0.0,0.0,0.0,0.0,0.0,66.0,83.0,0.0,0.0,3.0,33.0,0.0,0.0,0,9.0,73.0,19.0,2,3,0,0,0,0,0,0,0
363,Tyrick Bodak,37,GK,25,0,0,0,0,0,0.0,0.0,0.0,0.0,0.0,0.0,0.0,0.0,0.0,0.0,0.0,0.0,0.0,0.0,0.0,0.0,0.0,0.0,0.0,0.0,0,0,0,0.0,0.0,0.0,0.0,0.0,0.0,0.0,0.0,0.0,0.0,0.0,0.0,0.0,0.0,0.0,0.0,0.0,0,0.0,0.0,0.0,0,0,0,0,0,0,0,0,0
364,Trevor Doornbusch,37,GK,26,0,0,0,0,0,0.0,0.0,0.0,0.0,0.0,0.0,0.0,0.0,0.0,0.0,0.0,0.0,0.0,0.0,0.0,0.0,0.0,0.0,0.0,0.0,0,0,0,0.0,0.0,0.0,0.0,0.0,0.0,0.0,0.0,0.0,0.0,0.0,0.0,0.0,0.0,0.0,0.0,0.0,0,0.0,0.0,0.0,0,0,0,0,0,0,0,0,0
365,Matej Kovar,38,GK,1,0,0,0,0,0,3.0,14358.0,2.0,19.0,23.4,11250.4,2914.0,168.0,26.200000000000003,0.0,48.0,17.0,35.42,1.0,1.0,46.0,48.0,0.0,0.0,0.0,0,0,301,0.0,0.0,0.0,0.0,0.0,0.0,0.0,0.0,0.0,97.0,64.0,0.0,0.0,3.0,33.0,0.0,0.0,0,0.0,0.0,0.0,0,0,0,0,0,0,11,60,52
366,David Zima,38,DF,2,0,0,0,0,0,1.0,2312.0,9.0,23.0,24.6,787.3,1062.9,349.4,111.8,0.0,4.0,4.0,100.0,1.0,2.0,1.0,4.0,0.0,0.0,0.0,0,0,19,0.0,0.0,0.0,0.0,0.0,0.0,0.0,0.0,0.0,7.0,86.0,0.0,0.0,0.0,0.0,0.0,0.0,0,0.0,4.0,1.0,0,0,0,0,0,0,0,0,0
367,Tomas Holes,38,DF,3,0,0,0,0,0,2.0,17483.0,58.0,203.0,32.5,6355.9,7686.7,2429.0,744.1,267.6,22.0,16.0,72.73,6.0,8.0,8.0,22.0,0.0,0.0,0.0,0,0,169,0.0,0.0,0.0,0.0,0.0,0.0,0.0,0.0,0.0,66.0,83.0,0.0,0.0,1.0,0.0,3.0,100.0,0,8.0,37.0,7.0,2,2,0,0,0,0,0,0,0
368,Robin Hranac,38,DF,4,0,0,0,0,0,3.0,29418.0,94.0,311.0,32.0,11673.2,12686.500000000002,3635.3,1141.7,281.7,23.0,12.0,52.17,3.0,5.0,15.0,22.0,1.0,0.0,1.0,0,0,301,0.0,0.0,0.0,0.0,0.0,0.0,0.0,0.0,0.0,116.0,90.0,1.0,0.0,2.0,0.0,0.0,0.0,0,15.0,37.0,15.0,6,0,0,0,0,0,0,0,0
369,Vladimir Coufal,38,DF,5,0,0,0,0,0,3.0,34225.0,154.0,443.0,30.6,11645.6,14500.2,5458.6,1957.6,662.9,46.0,23.0,50.0,8.0,6.0,32.0,39.0,5.0,2.0,9.0,0,1,301,0.0,1.0,0.0,1.0,0.0,1.0,0.02,0.0,9.0,110.0,72.0,20.0,30.0,10.0,60.0,1.0,0.0,0,5.0,49.0,10.0,4,3,0,0,0,1,0,0,0
370,Stepan Chaloupek,38,DF,6,0,0,0,0,0,1.0,10874.0,46.0,141.0,34.0,4076.3,4497.6,1553.7,536.0,210.1,10.0,6.0,60.0,2.0,4.0,4.0,10.0,0.0,0.0,0.0,0,0,99,0.0,0.0,0.0,0.0,0.0,0.0,0.0,0.0,0.0,22.0,68.0,0.0,0.0,1.0,0.0,1.0,100.0,0,1.0,22.0,15.0,1,0,0,0,0,0,0,0,0
371,Ladislav Krejci,38,DF,7,1,1,0,0,1,3.0,32408.0,81.0,373.0,29.8,12010.6,14535.2,4501.7,1216.6999999999998,143.4,63.0,48.0,76.19,16.0,28.0,19.0,61.0,2.0,0.0,2.0,1,0,301,1.0,5.0,20.0,5.0,0.0,5.0,0.54,1.85,0.0,160.0,84.0,2.0,50.0,2.0,50.0,1.0,100.0,0,2.0,30.0,10.0,6,2,1,0,0,0,0,0,0
372,Vladimir Darida,38,MF,8,0,0,0,0,0,1.0,7508.0,49.0,135.0,29.5,1986.0,3176.5,1477.1,676.8,191.1,7.0,5.0,71.43,3.0,2.0,2.0,5.0,0.0,2.0,0.0,0,0,58,0.0,1.0,0.0,1.0,0.0,0.0,0.01,0.0,0.0,18.0,78.0,0.0,0.0,1.0,0.0,0.0,0.0,0,10.0,34.0,1.0,0,1,0,0,0,0,0,0,0
373,Adam Hlozek,38,FW,9,0,0,0,0,0,3.0,19420.0,94.0,251.0,32.7,6876.299999999999,8423.2,2690.3,1051.5,379.3,6.0,4.0,66.67,4.0,2.0,0.0,4.0,0.0,2.0,1.0,0,0,172,1.0,3.0,0.0,2.0,1.0,0.0,0.31,0.0,0.0,26.0,69.0,1.0,100.0,1.0,100.0,0.0,0.0,0,6.0,92.0,7.0,4,4,0,0,0,0,0,0,0
374,Patrik Schick,38,FW,10,0,0,0,0,0,3.0,22837.0,76.0,251.0,29.0,7025.7,11627.1,2983.1,1044.1,156.7,4.0,2.0,50.0,3.0,0.0,1.0,4.0,0.0,0.0,0.0,0,0,199,1.0,2.0,0.0,2.0,0.0,2.0,0.27,0.0,0.0,28.0,86.0,0.0,0.0,3.0,33.0,0.0,0.0,0,7.0,74.0,4.0,1,3,0,0,0,0,0,0,0
375,Jan Kuchta,38,FW,11,0,0,0,0,0,0.0,0.0,0.0,0.0,0.0,0.0,0.0,0.0,0.0,0.0,0.0,0.0,0.0,0.0,0.0,0.0,0.0,0.0,0.0,0.0,0,0,0,0.0,0.0,0.0,0.0,0.0,0.0,0.0,0.0,0.0,0.0,0.0,0.0,0.0,0.0,0.0,0.0,0.0,0,0.0,0.0,0.0,0,0,0,0,0,0,0,0,0
376,Lukas Cerv,38,MF,12,0,0,0,0,0,2.0,18226.0,53.0,204.0,28.7,6129.7,8678.5,2561.1,767.0999999999999,89.80000000000001,12.0,8.0,66.67,4.0,3.0,5.0,8.0,0.0,4.0,1.0,0,0,172,2.0,3.0,0.0,1.0,2.0,0.0,0.06,0.0,0.0,42.0,86.0,1.0,0.0,2.0,0.0,1.0,100.0,0,6.0,27.0,11.0,3,3,0,0,0,0,0,0,0
377,Mojmir Chytil,38,FW,13,0,0,0,0,0,1.0,1627.0,8.0,17.0,29.7,535.6,719.4,191.3,118.2,62.7,1.0,1.0,100.0,1.0,0.0,0.0,1.0,0.0,0.0,0.0,0,0,12,0.0,0.0,0.0,0.0,0.0,0.0,0.0,0.0,0.0,2.0,100.0,0.0,0.0,1.0,100.0,0.0,0.0,0,1.0,4.0,1.0,1,0,0,0,0,0,0,0,0
378,David Jurasek,38,DF,14,0,0,0,0,0,0.0,0.0,0.0,0.0,0.0,0.0,0.0,0.0,0.0,0.0,0.0,0.0,0.0,0.0,0.0,0.0,0.0,0.0,0.0,0.0,0,0,0,0.0,0.0,0.0,0.0,0.0,0.0,0.0,0.0,0.0,0.0,0.0,0.0,0.0,0.0,0.0,0.0,0.0,0,0.0,0.0,0.0,0,0,0,0,0,0,0,0,0
379,Pavel Sulc,38,FW,15,0,0,0,0,0,3.0,22857.0,102.0,338.0,33.0,8172.200000000001,9052.5,3755.3,1271.6,605.1,9.0,2.0,22.22,3.0,4.0,2.0,8.0,0.0,1.0,1.0,0,0,209,0.0,2.0,0.0,0.0,2.0,0.0,0.03,0.0,0.0,51.0,76.0,1.0,100.0,3.0,0.0,0.0,0.0,0,6.0,104.0,12.0,2,1,0,0,0,1,0,0,0
380,Jindrich Stanek,38,GK,16,0,0,0,0,0,0.0,0.0,0.0,0.0,0.0,0.0,0.0,0.0,0.0,0.0,0.0,0.0,0.0,0.0,0.0,0.0,0.0,0.0,0.0,0.0,0,0,0,0.0,0.0,0.0,0.0,0.0,0.0,0.0,0.0,0.0,0.0,0.0,0.0,0.0,0.0,0.0,0.0,0.0,0,0.0,0.0,0.0,0,0,0,0,0,0,0,0,0
381,Lukas Provod,38,MF,17,0,0,0,0,0,3.0,16011.0,88.0,228.0,33.3,4832.799999999999,6749.299999999999,2914.4,1102.6,412.2000000000001,12.0,10.0,83.33,3.0,7.0,2.0,11.0,0.0,1.0,2.0,0,0,137,0.0,1.0,0.0,0.0,1.0,0.0,0.05,0.0,0.0,48.0,77.0,2.0,50.0,3.0,100.0,0.0,0.0,0,9.0,49.0,5.0,2,1,0,0,0,1,0,0,0
382,Michal Sadilek,38,MF,18,1,1,0,0,1,3.0,24213.0,125.0,385.0,29.8,6536.500000000001,11258.4,4412.3,1527.5,477.8,26.0,17.0,65.38,7.0,5.0,14.0,24.0,2.0,0.0,3.0,1,0,204,3.0,7.0,14.0,5.0,2.0,1.0,0.7,1.42,5.0,84.0,82.0,11.0,18.0,4.0,50.0,2.0,100.0,0,10.0,75.0,4.0,0,3,0,0,0,0,0,0,0
383,Tomas Chory,38,FW,19,0,0,0,0,0,2.0,4558.0,28.0,55.0,28.3,1733.1,1694.6,690.9,335.29999999999995,104.0,3.0,2.0,66.67,0.0,2.0,1.0,3.0,0.0,0.0,0.0,0,0,43,0.0,0.0,0.0,0.0,0.0,0.0,0.0,0.0,0.0,8.0,88.0,0.0,0.0,1.0,0.0,0.0,0.0,0,0.0,14.0,1.0,2,1,0,0,0,0,0,0,0
384,Jaroslav Zeleny,38,DF,20,0,0,0,0,0,2.0,15482.0,69.0,162.0,30.4,5666.299999999999,6645.5,1956.3,943.7,269.7,12.0,9.0,75.0,5.0,2.0,5.0,9.0,1.0,2.0,2.0,0,0,142,0.0,1.0,0.0,1.0,0.0,1.0,0.02,0.0,0.0,47.0,74.0,2.0,50.0,1.0,0.0,0.0,0.0,0,6.0,36.0,3.0,0,2,0,0,0,0,0,0,0
385,David Doudera,38,DF,21,0,0,0,0,0,1.0,10487.0,34.0,114.0,29.2,4054.0,4606.6,1309.3,428.2,88.3,17.0,11.0,64.71,6.0,3.0,8.0,15.0,0.0,2.0,4.0,0,0,100,0.0,4.0,0.0,1.0,3.0,0.0,0.05,0.0,0.0,47.0,72.0,4.0,25.0,3.0,0.0,0.0,0.0,0,1.0,23.0,0.0,0,1,0,0,0,0,0,0,0
386,Tomas Soucek,38,MF,22,0,0,0,0,0,3.0,17939.0,57.0,264.0,28.5,4919.799999999999,8710.5,3169.8,941.7,196.9,12.0,10.0,83.33,7.0,2.0,3.0,12.0,0.0,0.0,0.0,0,0,152,0.0,1.0,0.0,1.0,0.0,0.0,0.12,0.0,0.0,44.0,80.0,0.0,0.0,2.0,50.0,0.0,0.0,0,4.0,42.0,5.0,3,1,0,0,0,2,0,0,0
387,Lukas Hornicek,38,GK,23,0,0,0,0,0,0.0,0.0,0.0,0.0,0.0,0.0,0.0,0.0,0.0,0.0,0.0,0.0,0.0,0.0,0.0,0.0,0.0,0.0,0.0,0.0,0,0,0,0.0,0.0,0.0,0.0,0.0,0.0,0.0,0.0,0.0,0.0,0.0,0.0,0.0,0.0,0.0,0.0,0.0,0,0.0,0.0,0.0,0,0,0,0,0,0,0,0,0
388,Alexandr Sojka,38,MF,24,0,0,0,0,0,3.0,19628.0,108.0,321.0,29.9,5676.6,8333.2,3755.2,1528.3,334.8,21.0,14.0,66.67,5.0,9.0,7.0,17.0,2.0,2.0,4.0,0,1,155,0.0,0.0,0.0,0.0,0.0,0.0,0.0,0.0,1.0,65.0,80.0,5.0,40.0,1.0,0.0,3.0,33.0,0,18.0,84.0,9.0,0,2,0,0,0,0,0,0,0
389,Hugo Sochurek,38,MF,25,0,0,0,0,0,0.0,0.0,0.0,0.0,0.0,0.0,0.0,0.0,0.0,0.0,0.0,0.0,0.0,0.0,0.0,0.0,0.0,0.0,0.0,0.0,0,0,0,0.0,0.0,0.0,0.0,0.0,0.0,0.0,0.0,0.0,0.0,0.0,0.0,0.0,0.0,0.0,0.0,0.0,0,0.0,0.0,0.0,0,0,0,0,0,0,0,0,0
390,Denis Visinsky,38,FW,26,0,0,0,0,0,1.0,6957.0,46.0,92.0,32.1,2517.8,2790.5,1040.7,479.5,128.2,2.0,2.0,100.0,0.0,2.0,0.0,2.0,0.0,0.0,0.0,0,0,59,0.0,3.0,0.0,2.0,1.0,0.0,0.26,0.0,0.0,14.0,100.0,0.0,0.0,0.0,0.0,0.0,0.0,0,4.0,20.0,0.0,0,1,0,0,0,0,0,0,0
391,Hernan Galindez,28,GK,1,0,0,0,0,0,4.0,17029.0,3.0,25.0,21.6,13872.7,2872.5000000000005,258.7,25.0,0.0,53.0,21.0,39.62,3.0,3.0,47.0,53.0,0.0,0.0,0.0,0,0,407,0.0,0.0,0.0,0.0,0.0,0.0,0.0,0.0,0.0,105.0,67.0,0.0,0.0,5.0,60.0,0.0,0.0,0,0.0,0.0,0.0,0,0,0,0,0,0,12,68,63
392,Felix Torres,28,DF,2,0,0,0,0,0,1.0,989.0,0.0,5.0,20.5,554.3,394.8,36.1,4.0,0.0,0.0,0.0,0.0,0.0,0.0,0.0,0.0,0.0,0.0,0.0,0,0,12,0.0,0.0,0.0,0.0,0.0,0.0,0.0,0.0,0.0,0.0,0.0,0.0,0.0,0.0,0.0,0.0,0.0,0,0.0,1.0,1.0,0,0,0,0,0,0,0,0,0
393,Piero Hincapie,28,DF,3,0,0,0,0,0,4.0,39831.0,192.0,420.0,33.6,14744.6,15856.9,5290.800000000001,2506.2,1432.6999999999998,54.0,30.0,55.56,1.0,30.0,23.0,43.0,7.0,4.0,15.0,0,0,376,0.0,3.0,0.0,3.0,0.0,3.0,0.4,0.0,1.0,189.0,85.0,15.0,13.0,13.0,31.0,0.0,0.0,0,11.0,80.0,29.0,5,4,1,1,0,0,0,0,0
394,Joel Ordonez,28,DF,4,0,0,0,0,0,3.0,23577.0,82.0,227.0,30.9,10289.8,9342.2,2571.8,1118.2,254.7,23.0,14.0,60.87,3.0,7.0,13.0,23.0,0.0,0.0,0.0,0,0,253,0.0,2.0,0.0,2.0,0.0,1.0,0.26,0.0,0.0,113.0,89.0,0.0,0.0,2.0,50.0,1.0,100.0,0,7.0,18.0,5.0,1,1,0,0,0,0,0,0,0
395,Jordy Alcivar,28,MF,5,0,0,0,0,0,1.0,5065.0,23.0,63.0,30.3,1827.1,2129.7,660.5,296.7,151.4,7.0,6.0,85.71,3.0,3.0,1.0,7.0,0.0,0.0,1.0,0,0,49,0.0,1.0,0.0,1.0,0.0,0.0,0.04,0.0,0.0,33.0,94.0,1.0,0.0,1.0,100.0,0.0,0.0,0,1.0,12.0,7.0,1,0,1,0,0,0,0,0,0
396,Willian Pacho,28,DF,6,0,0,0,0,0,4.0,35347.0,119.0,284.0,32.9,17682.4,12247.0,3288.3,1424.9,704.4,46.0,32.0,69.57,8.0,23.0,15.0,43.0,0.0,3.0,0.0,0,0,407,1.0,1.0,0.0,1.0,0.0,1.0,0.11,0.0,0.0,238.0,91.0,0.0,0.0,2.0,0.0,0.0,0.0,0,10.0,51.0,12.0,3,2,0,0,0,0,0,0,0
397,Pervis Estupinan,28,DF,7,0,0,0,0,0,2.0,11017.0,70.0,144.0,30.8,3929.9,4044.4,1722.4,914.0,406.5,18.0,11.0,61.11,4.0,8.0,6.0,17.0,1.0,0.0,3.0,0,0,100,0.0,0.0,0.0,0.0,0.0,0.0,0.0,0.0,0.0,61.0,90.0,3.0,0.0,3.0,0.0,0.0,0.0,0,2.0,25.0,3.0,3,0,0,0,0,0,0,0,0
398,Anthony Valencia,28,MF,8,0,0,0,0,0,0.0,0.0,0.0,0.0,0.0,0.0,0.0,0.0,0.0,0.0,0.0,0.0,0.0,0.0,0.0,0.0,0.0,0.0,0.0,0.0,0,0,0,0.0,0.0,0.0,0.0,0.0,0.0,0.0,0.0,0.0,0.0,0.0,0.0,0.0,0.0,0.0,0.0,0.0,0,0.0,0.0,0.0,0,0,0,0,0,0,0,0,0
399,John Yeboah,28,FW,9,0,0,0,0,0,4.0,31501.0,169.0,395.0,33.9,12321.3,12046.7,4266.9,1967.2,898.7,26.0,16.0,61.54,8.0,10.0,8.0,19.0,3.0,4.0,6.0,0,0,330,3.0,8.0,0.0,4.0,4.0,0.0,0.72,0.0,3.0,104.0,82.0,9.0,44.0,9.0,67.0,1.0,0.0,0,44.0,73.0,20.0,0,4,0,0,0,0,0,0,0
400,Kendry Paez,28,MF,10,0,0,0,0,0,1.0,2320.0,15.0,33.0,29.6,855.6,822.6,420.9,150.0,70.5,5.0,3.0,60.0,2.0,2.0,1.0,4.0,0.0,1.0,0.0,0,0,20,0.0,0.0,0.0,0.0,0.0,0.0,0.0,0.0,0.0,10.0,90.0,0.0,0.0,0.0,0.0,0.0,0.0,0,2.0,7.0,3.0,1,0,1,0,0,0,0,0,0
401,Kevin Rodriguez,28,FW,11,0,0,0,0,0,4.0,15138.0,89.0,187.0,33.4,5893.4,5477.9,2383.2,1004.3,378.8,5.0,4.0,80.0,2.0,1.0,2.0,4.0,0.0,1.0,1.0,0,1,146,1.0,6.0,0.0,6.0,0.0,2.0,0.68,0.0,0.0,27.0,85.0,1.0,0.0,3.0,67.0,0.0,0.0,0,2.0,26.0,6.0,3,1,0,0,0,0,0,0,0
402,Moises Ramirez,28,GK,12,0,0,0,0,0,0.0,0.0,0.0,0.0,0.0,0.0,0.0,0.0,0.0,0.0,0.0,0.0,0.0,0.0,0.0,0.0,0.0,0.0,0.0,0.0,0,0,0,0.0,0.0,0.0,0.0,0.0,0.0,0.0,0.0,0.0,0.0,0.0,0.0,0.0,0.0,0.0,0.0,0.0,0,0.0,0.0,0.0,0,0,0,0,0,0,0,0,0
403,Enner Valencia,28,FW,13,0,0,0,0,0,4.0,29490.0,108.0,233.0,33.1,12695.5,12350.7,2575.1000000000004,1345.2999999999995,523.4,5.0,3.0,60.0,3.0,1.0,1.0,3.0,0.0,2.0,1.0,0,0,311,6.0,10.0,0.0,9.0,1.0,2.0,1.53,0.0,0.0,40.0,83.0,1.0,0.0,1.0,0.0,0.0,0.0,0,8.0,91.0,11.0,4,7,0,0,0,2,0,0,0
404,Alan Minda,28,MF,14,0,0,0,0,0,1.0,6171.0,31.0,80.0,35.5,2404.0,2437.2,844.3,377.1,108.1,2.0,1.0,50.0,0.0,1.0,1.0,1.0,1.0,0.0,2.0,0,0,59,0.0,2.0,0.0,1.0,1.0,0.0,0.44,0.0,0.0,16.0,75.0,2.0,0.0,1.0,0.0,0.0,0.0,0,1.0,28.0,1.0,0,1,0,0,0,0,0,0,0
405,Pedro Vite,28,MF,15,0,0,0,0,0,4.0,43375.0,177.0,648.0,30.9,15290.7,17603.6,7556.5,2599.3,324.3,85.0,75.0,88.24,24.0,38.0,23.0,81.0,3.0,1.0,5.0,0,1,407,1.0,4.0,0.0,1.0,3.0,0.0,0.23,0.0,2.0,297.0,91.0,7.0,43.0,9.0,56.0,2.0,100.0,0,34.0,119.0,29.0,2,5,0,0,0,0,0,0,0
406,Jordy Caicedo,28,FW,16,0,0,0,0,0,3.0,4109.0,22.0,44.0,30.4,1638.4,1605.1,570.7,205.0,89.4,0.0,0.0,0.0,0.0,0.0,0.0,0.0,0.0,0.0,0.0,0,0,40,0.0,1.0,0.0,1.0,0.0,0.0,0.05,0.0,0.0,6.0,100.0,0.0,0.0,0.0,0.0,0.0,0.0,0,1.0,12.0,1.0,2,0,0,0,0,0,0,0,0
407,Angelo Preciado,28,DF,17,0,0,0,0,0,4.0,14041.0,61.0,144.0,33.2,5366.200000000001,5702.799999999999,1707.8000000000002,677.0999999999999,586.8,13.0,7.0,53.85,0.0,7.0,6.0,12.0,0.0,1.0,8.0,0,0,137,0.0,0.0,0.0,0.0,0.0,0.0,0.0,0.0,0.0,47.0,68.0,8.0,13.0,5.0,20.0,1.0,100.0,0,4.0,29.0,3.0,0,1,0,0,0,0,0,0,0
408,Denil Castillo,28,MF,18,0,0,0,0,0,0.0,0.0,0.0,0.0,0.0,0.0,0.0,0.0,0.0,0.0,0.0,0.0,0.0,0.0,0.0,0.0,0.0,0.0,0.0,0.0,0,0,0,0.0,0.0,0.0,0.0,0.0,0.0,0.0,0.0,0.0,0.0,0.0,0.0,0.0,0.0,0.0,0.0,0.0,0,0.0,0.0,0.0,0,0,0,0,0,0,0,0,0
409,Gonzalo Plata,28,FW,19,1,1,0,0,1,4.0,44302.0,187.0,494.0,32.2,16020.6,19192.6,5806.3,2532.0,750.7,39.0,22.0,56.41,16.0,14.0,9.0,28.0,3.0,8.0,3.0,1,0,407,5.0,8.0,13.0,4.0,4.0,1.0,1.16,0.86,4.0,147.0,80.0,9.0,11.0,8.0,38.0,1.0,100.0,0,14.0,135.0,11.0,5,4,1,0,0,0,0,0,0
410,Nilson Angulo,28,FW,20,1,1,0,0,1,4.0,25147.0,136.0,274.0,33.8,10096.8,8879.400000000001,3541.1000000000004,1600.5,1029.4,25.0,18.0,72.0,5.0,18.0,2.0,14.0,0.0,11.0,4.0,1,0,240,2.0,2.0,50.0,0.0,2.0,0.0,0.04,25.98,7.0,78.0,81.0,8.0,38.0,14.0,50.0,0.0,0.0,0,7.0,83.0,18.0,4,3,0,0,0,0,0,0,0
411,Alan Franco,28,MF,21,0,0,0,0,0,4.0,27469.0,134.0,307.0,32.2,11203.9,10647.1,3362.8,1648.8000000000002,606.2,45.0,39.0,86.67,4.0,27.0,14.0,43.0,1.0,1.0,4.0,0,0,270,0.0,0.0,0.0,0.0,0.0,0.0,0.0,0.0,0.0,148.0,95.0,4.0,0.0,3.0,33.0,0.0,0.0,0,9.0,40.0,14.0,7,0,2,0,0,0,0,0,0
412,Gonzalo Valle,28,GK,22,0,0,0,0,0,0.0,0.0,0.0,0.0,0.0,0.0,0.0,0.0,0.0,0.0,0.0,0.0,0.0,0.0,0.0,0.0,0.0,0.0,0.0,0.0,0,0,0,0.0,0.0,0.0,0.0,0.0,0.0,0.0,0.0,0.0,0.0,0.0,0.0,0.0,0.0,0.0,0.0,0.0,0,0.0,0.0,0.0,0,0,0,0,0,0,0,0,0
413,Moises Caicedo,28,MF,23,0,0,0,0,0,4.0,42353.0,134.0,505.0,34.5,15710.9,18144.7,6032.7,1910.1,554.9000000000001,75.0,56.0,74.67,25.0,24.0,26.0,69.0,4.0,2.0,2.0,0,0,407,1.0,4.0,0.0,1.0,3.0,1.0,0.19,0.0,8.0,295.0,89.0,16.0,44.0,13.0,54.0,3.0,100.0,0,16.0,83.0,28.0,5,4,1,0,0,0,0,0,0
414,Jeremy Arevalo,28,FW,24,0,0,0,0,0,0.0,0.0,0.0,0.0,0.0,0.0,0.0,0.0,0.0,0.0,0.0,0.0,0.0,0.0,0.0,0.0,0.0,0.0,0.0,0.0,0,0,0,0.0,0.0,0.0,0.0,0.0,0.0,0.0,0.0,0.0,0.0,0.0,0.0,0.0,0.0,0.0,0.0,0.0,0,0.0,0.0,0.0,0,0,0,0,0,0,0,0,0
415,Jackson Porozo,28,DF,25,0,0,0,0,0,1.0,3226.0,13.0,28.0,32.7,1345.1,1344.2,306.6,136.5,94.0,0.0,0.0,0.0,0.0,0.0,0.0,0.0,0.0,0.0,0.0,0,0,36,0.0,0.0,0.0,0.0,0.0,0.0,0.0,0.0,0.0,12.0,100.0,0.0,0.0,0.0,0.0,0.0,0.0,0,2.0,2.0,0.0,2,0,1,0,0,0,0,0,0
416,Yaimar Medina,28,DF,26,0,0,0,0,0,1.0,5486.0,28.0,58.0,30.5,2215.7,2031.7,697.7,341.0,200.1,4.0,3.0,75.0,0.0,3.0,1.0,4.0,0.0,0.0,4.0,0,0,53,0.0,1.0,0.0,1.0,0.0,1.0,0.04,0.0,0.0,19.0,89.0,4.0,25.0,1.0,0.0,1.0,100.0,0,1.0,10.0,3.0,1,0,0,0,0,0,0,0,0
417,Mohamed Elshenawy,19,GK,1,0,0,0,0,0,0.0,0.0,0.0,0.0,0.0,0.0,0.0,0.0,0.0,0.0,0.0,0.0,0.0,0.0,0.0,0.0,0.0,0.0,0.0,0.0,0,0,0,0.0,0.0,0.0,0.0,0.0,0.0,0.0,0.0,0.0,0.0,0.0,0.0,0.0,0.0,0.0,0.0,0.0,0,0.0,0.0,0.0,0,0,0,0,0,0,0,0,0
418,Yasser Ibrahim,19,DF,2,1,1,0,0,1,5.0,51489.0,181.0,514.0,33.4,20263.800000000003,22069.4,6095.9,2347.3,712.9000000000001,45.0,31.0,68.89,3.0,20.0,22.0,45.0,0.0,0.0,0.0,1,0,533,1.0,1.0,100.0,1.0,0.0,1.0,0.12,8.42,0.0,260.0,92.0,0.0,0.0,1.0,0.0,1.0,100.0,0,21.0,46.0,24.0,6,3,2,0,0,0,0,0,0
419,Mohamed Hany,19,DF,3,0,0,0,2,2,5.0,52140.0,201.0,516.0,31.2,21414.4,21627.800000000003,5733.5,2478.4,886.4999999999999,77.0,55.0,71.43,15.0,35.0,27.0,71.0,3.0,3.0,17.0,0,1,546,0.0,4.0,0.0,0.0,4.0,0.0,0.09,0.0,0.0,282.0,87.0,17.0,24.0,9.0,56.0,1.0,100.0,2,10.0,90.0,11.0,2,1,0,0,0,0,0,0,0
420,Hossam Abdelmaguid,19,DF,4,0,0,0,0,0,2.0,6752.0,26.0,62.0,29.1,2849.9,2713.5,752.1,318.3,117.9,4.0,1.0,25.0,0.0,2.0,2.0,4.0,0.0,0.0,0.0,0,0,73,0.0,0.0,0.0,0.0,0.0,0.0,0.0,0.0,0.0,32.0,88.0,0.0,0.0,0.0,0.0,0.0,0.0,0,4.0,11.0,3.0,1,0,0,0,0,0,0,0,0
421,Ramy Rabia,19,DF,5,0,0,0,0,0,5.0,40932.0,128.0,435.0,31.4,16392.6,17363.0,5106.5,1568.7,501.3,52.0,37.0,71.15,10.0,17.0,25.0,51.0,0.0,1.0,0.0,0,0,431,0.0,0.0,0.0,0.0,0.0,0.0,0.0,0.0,0.0,244.0,92.0,0.0,0.0,2.0,50.0,8.0,50.0,0,12.0,31.0,11.0,3,2,0,0,0,0,0,0,0
422,Mohamed Abdelmoneim,19,DF,6,0,0,0,0,0,2.0,1531.0,10.0,26.0,27.9,444.6,666.4,278.70000000000005,113.9,27.1,3.0,3.0,100.0,0.0,3.0,0.0,3.0,0.0,0.0,0.0,0,0,15,0.0,0.0,0.0,0.0,0.0,0.0,0.0,0.0,0.0,14.0,100.0,0.0,0.0,0.0,0.0,1.0,100.0,0,0.0,0.0,0.0,1,0,0,0,0,0,0,0,0
423,Trezeguet,19,FW,7,1,1,0,0,1,4.0,23438.0,136.0,331.0,32.7,8605.8,8760.4,3844.4,1682.6,544.4,17.0,7.0,41.18,7.0,3.0,7.0,14.0,1.0,2.0,3.0,1,1,204,3.0,8.0,13.0,6.0,2.0,3.0,0.71,1.4,0.0,81.0,84.0,3.0,0.0,5.0,40.0,1.0,100.0,0,6.0,46.0,4.0,3,2,0,0,0,0,0,0,0
424,Emam Ashour,19,MF,8,2,2,0,0,2,5.0,42841.0,185.0,522.0,33.5,15189.499999999998,18351.4,6050.6,2493.9,755.3000000000001,44.0,27.0,61.36,8.0,25.0,11.0,36.0,0.0,8.0,2.0,2,0,395,2.0,10.0,20.0,5.0,5.0,1.0,1.06,1.89,4.0,207.0,85.0,3.0,0.0,7.0,57.0,3.0,100.0,0,19.0,72.0,12.0,2,13,0,0,0,0,0,0,0
425,Hamza Abdelkarim,19,FW,9,0,0,0,0,0,4.0,9336.0,56.0,120.0,31.7,3021.6000000000004,3739.5,1521.8000000000002,676.5,376.3,3.0,1.0,33.33,1.0,0.0,2.0,2.0,1.0,0.0,1.0,0,0,83,0.0,0.0,0.0,0.0,0.0,0.0,0.0,0.0,0.0,10.0,70.0,1.0,0.0,2.0,0.0,0.0,0.0,0,8.0,36.0,6.0,2,0,0,0,0,0,0,0,0
426,Mohamed Salah,19,FW,10,1,1,0,0,1,5.0,49162.0,201.0,493.0,33.6,17867.3,22245.0,5572.0,2463.0,1014.6,32.0,21.0,65.62,14.0,9.0,9.0,25.0,3.0,4.0,8.0,1,2,469,4.0,9.0,11.0,7.0,2.0,1.0,0.95,1.05,15.0,136.0,82.0,16.0,19.0,9.0,44.0,0.0,0.0,0,18.0,150.0,9.0,5,13,0,0,0,1,0,0,0
427,Mostafa Zico,19,MF,11,2,2,0,0,2,5.0,49154.0,225.0,726.0,32.4,13948.7,22693.1,8625.199999999999,2933.8,953.8,21.0,13.0,61.9,6.0,8.0,7.0,18.0,1.0,2.0,2.0,2,1,398,3.0,8.0,25.0,7.0,1.0,2.0,1.1,1.82,0.0,83.0,69.0,2.0,50.0,7.0,43.0,1.0,100.0,0,15.0,192.0,31.0,6,5,0,0,0,2,0,0,0
428,Haissem Hassan,19,FW,12,0,0,0,0,0,2.0,15397.0,62.0,184.0,32.9,6077.6,5857.1,2307.7,867.8,286.5,27.0,23.0,85.19,4.0,16.0,7.0,14.0,1.0,12.0,9.0,0,1,138,0.0,1.0,0.0,1.0,0.0,0.0,0.09,0.0,0.0,41.0,85.0,9.0,22.0,13.0,92.0,4.0,100.0,0,0.0,44.0,0.0,2,2,2,0,0,0,0,0,0
429,Ahmed Fatouh,19,DF,13,0,0,0,0,0,3.0,32856.0,166.0,408.0,30.7,11011.5,14309.3,4754.799999999999,2242.1000000000004,538.5999999999999,60.0,47.0,78.33,13.0,25.0,22.0,57.0,1.0,2.0,7.0,0,0,301,1.0,1.0,0.0,1.0,0.0,0.0,0.13,0.0,0.0,182.0,90.0,7.0,14.0,11.0,64.0,0.0,0.0,0,24.0,49.0,9.0,2,3,1,0,0,0,0,0,0
430,Hamdy Fathy,19,MF,14,0,0,0,0,0,4.0,27078.0,96.0,328.0,31.4,9668.5,11856.4,3967.1,1204.0,381.9,22.0,15.0,68.18,4.0,10.0,8.0,20.0,1.0,1.0,1.0,0,0,260,0.0,0.0,0.0,0.0,0.0,0.0,0.0,0.0,0.0,130.0,92.0,1.0,0.0,3.0,0.0,3.0,100.0,0,6.0,82.0,18.0,3,2,1,0,0,1,0,0,0
431,Karim Hafez,19,DF,15,0,0,0,0,0,3.0,20427.0,76.0,252.0,31.2,7371.6,8904.5,2711.2000000000003,1099.6,340.20000000000005,27.0,19.0,70.37,5.0,7.0,15.0,25.0,1.0,1.0,2.0,0,1,198,0.0,1.0,0.0,0.0,1.0,0.0,0.01,0.0,0.0,113.0,88.0,2.0,0.0,2.0,50.0,1.0,100.0,0,4.0,36.0,13.0,1,2,0,0,0,0,0,0,0
432,Mahdy Soliman,19,GK,16,0,0,0,0,0,0.0,0.0,0.0,0.0,0.0,0.0,0.0,0.0,0.0,0.0,0.0,0.0,0.0,0.0,0.0,0.0,0.0,0.0,0.0,0.0,0,0,0,0.0,0.0,0.0,0.0,0.0,0.0,0.0,0.0,0.0,0.0,0.0,0.0,0.0,0.0,0.0,0.0,0.0,0,0.0,0.0,0.0,0,0,0,0,0,0,0,0,0
433,Mohanad Lashin,19,MF,17,0,0,0,0,0,4.0,44289.0,161.0,538.0,31.6,16400.9,18726.2,6351.200000000001,2124.6000000000004,686.1,51.0,36.0,70.59,5.0,16.0,30.0,50.0,1.0,0.0,2.0,0,0,409,0.0,2.0,0.0,1.0,1.0,1.0,0.12,0.0,0.0,191.0,88.0,2.0,0.0,7.0,29.0,6.0,100.0,0,23.0,156.0,42.0,5,3,2,0,0,0,0,0,0
434,Nabil Donga,19,MF,18,0,0,0,0,0,0.0,0.0,0.0,0.0,0.0,0.0,0.0,0.0,0.0,0.0,0.0,0.0,0.0,0.0,0.0,0.0,0.0,0.0,0.0,0.0,0,0,0,0.0,0.0,0.0,0.0,0.0,0.0,0.0,0.0,0.0,0.0,0.0,0.0,0.0,0.0,0.0,0.0,0.0,0,0.0,0.0,0.0,0,0,0,0,0,0,0,0,0
435,Marawan Attia,19,MF,19,0,0,0,0,0,5.0,56580.0,260.0,829.0,33.0,18329.4,24072.2,9897.6,3215.8,1065.3,127.0,91.0,71.65,33.0,47.0,47.0,122.0,4.0,1.0,8.0,0,1,495,1.0,4.0,0.0,1.0,3.0,0.0,0.05,0.0,0.0,357.0,88.0,8.0,38.0,15.0,47.0,8.0,100.0,0,18.0,182.0,29.0,8,1,2,0,0,0,0,0,0
436,Ibrahim Adel,19,FW,20,0,0,0,0,0,1.0,1006.0,8.0,18.0,27.9,228.1,431.0,188.8,125.7,32.9,3.0,3.0,100.0,1.0,2.0,0.0,3.0,0.0,0.0,0.0,0,0,7,0.0,0.0,0.0,0.0,0.0,0.0,0.0,0.0,0.0,6.0,67.0,0.0,0.0,2.0,100.0,0.0,0.0,0,2.0,4.0,2.0,0,0,0,0,0,0,0,0,0
437,Mahmoud Saber,19,MF,21,1,1,0,0,1,2.0,6590.0,30.0,123.0,29.5,1672.6,3063.4,1397.7,390.2000000000001,65.8,8.0,6.0,75.0,2.0,3.0,3.0,6.0,1.0,1.0,1.0,1,0,51,1.0,3.0,33.0,1.0,2.0,0.0,0.16,6.15,0.0,34.0,88.0,1.0,100.0,1.0,0.0,0.0,0.0,0,3.0,10.0,1.0,2,1,1,0,0,0,0,0,0
438,Omar Marmoush,19,FW,22,0,0,0,0,0,5.0,35476.0,165.0,321.0,35.2,15430.7,13495.2,3728.2,1770.8000000000002,1051.1,24.0,17.0,70.83,11.0,8.0,5.0,17.0,1.0,6.0,3.0,0,0,369,1.0,11.0,0.0,8.0,3.0,0.0,0.91,0.0,3.0,77.0,84.0,5.0,0.0,12.0,75.0,3.0,100.0,0,27.0,109.0,11.0,3,8,0,0,0,0,0,0,0
439,Mostafa Shoubir,19,GK,23,0,0,0,0,0,5.0,29415.0,14.0,60.0,26.2,23046.1,5546.699999999999,623.4,192.9,5.9,43.0,21.0,48.84,3.0,2.0,38.0,43.0,0.0,0.0,0.0,0,0,546,0.0,0.0,0.0,0.0,0.0,0.0,0.0,0.0,0.0,147.0,78.0,0.0,0.0,3.0,0.0,0.0,0.0,0,0.0,0.0,0.0,0,5,1,0,0,0,14,119,105
440,Tarek Alaa,19,DF,24,0,0,0,0,0,0.0,0.0,0.0,0.0,0.0,0.0,0.0,0.0,0.0,0.0,0.0,0.0,0.0,0.0,0.0,0.0,0.0,0.0,0.0,0.0,0,0,0,0.0,0.0,0.0,0.0,0.0,0.0,0.0,0.0,0.0,0.0,0.0,0.0,0.0,0.0,0.0,0.0,0.0,0,0.0,0.0,0.0,0,0,0,0,0,0,0,0,0
441,Zizo,19,FW,25,0,0,0,0,0,4.0,9318.0,50.0,101.0,32.7,2658.5,4067.0,1336.6999999999998,787.7,467.5,7.0,4.0,57.14,3.0,1.0,3.0,7.0,0.0,0.0,2.0,0,0,84,0.0,0.0,0.0,0.0,0.0,0.0,0.0,0.0,0.0,27.0,85.0,6.0,33.0,1.0,0.0,0.0,0.0,0,4.0,14.0,2.0,2,1,0,0,0,0,0,0,0
442,Mohamed Alaa,19,GK,26,0,0,0,0,0,0.0,0.0,0.0,0.0,0.0,0.0,0.0,0.0,0.0,0.0,0.0,0.0,0.0,0.0,0.0,0.0,0.0,0.0,0.0,0.0,0,0,0,0.0,0.0,0.0,0.0,0.0,0.0,0.0,0.0,0.0,0.0,0.0,0.0,0.0,0.0,0.0,0.0,0.0,0,0.0,0.0,0.0,0,0,0,0,0,0,0,0,0
443,Jordan Pickford,5,GK,1,0,0,0,0,0,7.0,41775.0,27.0,118.0,30.2,29828.4,10361.1,1240.1999999999998,283.5,62.2,113.0,53.0,46.9,9.0,6.0,98.0,113.0,0.0,0.0,0.0,0,0,756,0.0,0.0,0.0,0.0,0.0,0.0,0.0,0.0,0.0,265.0,72.0,0.0,0.0,12.0,42.0,3.0,33.0,0,0.0,0.0,0.0,0,4,0,0,0,0,19,133,110
444,Ezri Konsa,5,DF,2,1,1,0,0,1,8.0,69849.0,195.0,666.0,32.5,32480.0,26477.5,7577.799999999999,2474.4,839.3,95.0,84.0,88.42,22.0,58.0,15.0,94.0,0.0,1.0,3.0,1,0,739,0.0,0.0,0.0,0.0,0.0,0.0,0.0,0.0,0.0,488.0,96.0,3.0,0.0,3.0,100.0,3.0,67.0,0,15.0,77.0,22.0,8,11,0,0,0,0,0,0,0
445,Nico Oreilly,5,DF,3,0,0,0,0,0,7.0,54499.0,236.0,596.0,34.2,21112.0,22056.8,6958.400000000001,3094.0,1277.9,46.0,41.0,89.13,7.0,24.0,15.0,42.0,2.0,2.0,6.0,0,0,523,0.0,0.0,0.0,0.0,0.0,0.0,0.0,0.0,0.0,216.0,93.0,6.0,50.0,6.0,67.0,2.0,100.0,0,19.0,119.0,25.0,6,4,1,0,0,0,0,0,0
446,Declan Rice,5,MF,4,1,1,0,0,1,7.0,66755.0,233.0,709.0,33.1,24066.9,29733.0,8534.800000000001,3106.2000000000003,1313.6,98.0,80.0,81.63,31.0,37.0,30.0,87.0,7.0,4.0,5.0,1,2,622,3.0,6.0,17.0,3.0,3.0,1.0,0.31,3.23,30.0,340.0,92.0,40.0,38.0,12.0,50.0,4.0,75.0,0,11.0,120.0,18.0,4,0,2,0,0,1,0,0,0
447,John Stones,5,DF,5,0,0,0,0,0,5.0,34212.0,93.0,345.0,30.0,14931.3,13959.4,3876.1,1198.1,246.9,30.0,28.0,93.33,6.0,15.0,9.0,29.0,0.0,1.0,0.0,0,0,380,0.0,0.0,0.0,0.0,0.0,0.0,0.0,0.0,0.0,184.0,97.0,0.0,0.0,1.0,100.0,3.0,100.0,0,5.0,17.0,3.0,1,1,0,0,0,0,0,0,0
448,Marc Guehi,5,DF,6,0,0,0,0,0,8.0,70982.0,203.0,660.0,32.9,28476.4,31544.1,7420.199999999999,2583.6,957.2,102.0,91.0,89.22,20.0,57.0,25.0,98.0,0.0,4.0,0.0,0,0,761,0.0,0.0,0.0,0.0,0.0,0.0,0.0,0.0,0.0,532.0,97.0,0.0,0.0,10.0,70.0,4.0,75.0,0,8.0,32.0,7.0,4,13,1,0,0,0,0,0,0
449,Bukayo Saka,5,FW,7,3,2,1,0,3,7.0,42011.0,213.0,518.0,33.0,16702.0,15510.8,5968.3,2655.6,1174.0,22.0,15.0,68.18,7.0,8.0,7.0,16.0,3.0,3.0,18.0,3,3,411,7.0,13.0,23.0,11.0,2.0,1.0,1.72,1.74,5.0,101.0,80.0,23.0,22.0,11.0,73.0,2.0,100.0,0,7.0,85.0,21.0,4,9,0,0,0,4,0,0,0
450,Elliot Anderson,5,MF,8,0,0,0,0,0,8.0,78698.0,282.0,1006.0,29.9,26107.9,36039.5,11896.2,3870.1,784.0000000000001,112.0,89.0,79.46,44.0,34.0,34.0,106.0,2.0,4.0,3.0,0,1,713,1.0,7.0,0.0,3.0,4.0,2.0,0.38,0.0,3.0,445.0,89.0,6.0,50.0,17.0,71.0,10.0,90.0,0,34.0,191.0,60.0,9,13,1,0,0,0,0,0,0
451,Harry Kane,5,FW,9,6,4,2,0,6,7.0,78565.0,260.0,859.0,32.4,30358.0,32799.7,10316.8,4078.3,1011.8,36.0,24.0,66.67,13.0,10.0,13.0,34.0,0.0,2.0,3.0,6,1,732,11.0,23.0,26.0,18.0,5.0,5.0,3.69,1.63,0.0,99.0,74.0,3.0,33.0,11.0,55.0,2.0,100.0,0,25.0,262.0,22.0,8,9,0,0,0,2,0,0,0
452,Jude Bellingham,5,MF,10,7,7,0,0,7,8.0,73255.0,403.0,947.0,32.4,29881.1,24808.9,11589.7,5170.900000000001,1803.8,63.0,43.0,68.25,23.0,25.0,15.0,51.0,3.0,9.0,9.0,7,1,698,13.0,19.0,37.0,16.0,3.0,4.0,3.92,1.79,0.0,231.0,83.0,9.0,11.0,21.0,48.0,6.0,100.0,0,22.0,234.0,31.0,9,17,1,0,0,1,0,0,0
453,Marcus Rashford,5,FW,11,1,1,0,0,1,6.0,28790.0,147.0,285.0,35.2,10470.0,12068.100000000002,3247.2000000000003,1703.6,1301.3000000000002,39.0,24.0,61.54,5.0,14.0,20.0,23.0,8.0,8.0,19.0,1,1,258,5.0,12.0,8.0,9.0,3.0,2.0,1.03,0.97,0.0,104.0,88.0,19.0,11.0,19.0,79.0,1.0,100.0,0,2.0,60.0,3.0,5,1,0,0,0,1,0,0,0
454,Trevoh Chalobah,5,DF,12,0,0,0,0,0,1.0,626.0,2.0,11.0,26.2,274.1,214.8,112.7,18.8,6.2,0.0,0.0,0.0,0.0,0.0,0.0,0.0,0.0,0.0,0.0,0,0,6,0.0,0.0,0.0,0.0,0.0,0.0,0.0,0.0,0.0,0.0,0.0,0.0,0.0,0.0,0.0,0.0,0.0,0,0.0,1.0,0.0,0,0,0,0,0,0,0,0,0
455,Dean Henderson,5,GK,13,0,0,0,0,0,1.0,5505.0,1.0,7.0,22.7,4381.9,992.6,119.8,10.3,0.0,18.0,10.0,55.56,6.0,0.0,12.0,18.0,0.0,0.0,0.0,0,0,102,0.0,0.0,0.0,0.0,0.0,0.0,0.0,0.0,0.0,41.0,78.0,0.0,0.0,0.0,0.0,0.0,0.0,0,0.0,0.0,0.0,0,0,0,0,0,0,6,26,22
456,Jordan Henderson,5,MF,14,0,0,0,0,0,2.0,1791.0,6.0,35.0,28.3,396.4,693.3,579.4,108.2,13.4,3.0,3.0,100.0,1.0,1.0,1.0,3.0,0.0,0.0,0.0,0,0,12,0.0,0.0,0.0,0.0,0.0,0.0,0.0,0.0,0.0,13.0,92.0,1.0,0.0,0.0,0.0,0.0,0.0,0,0.0,4.0,0.0,0,1,1,0,0,0,0,0,0
457,Dan Burn,5,DF,15,0,0,0,0,0,3.0,5765.0,14.0,48.0,30.8,2414.3,2626.8,528.3,132.9,62.8,2.0,0.0,0.0,0.0,0.0,2.0,2.0,0.0,0.0,0.0,0,0,59,0.0,0.0,0.0,0.0,0.0,0.0,0.0,0.0,0.0,4.0,50.0,0.0,0.0,2.0,0.0,0.0,0.0,0,1.0,1.0,0.0,1,0,0,0,0,0,0,0,0
458,Kobbie Mainoo,5,MF,16,0,0,0,0,0,0.0,0.0,0.0,0.0,0.0,0.0,0.0,0.0,0.0,0.0,0.0,0.0,0.0,0.0,0.0,0.0,0.0,0.0,0.0,0.0,0,0,0,0.0,0.0,0.0,0.0,0.0,0.0,0.0,0.0,0.0,0.0,0.0,0.0,0.0,0.0,0.0,0.0,0.0,0,0.0,0.0,0.0,0,0,0,0,0,0,0,0,0
459,Morgan Rogers,5,MF,17,0,0,0,0,0,7.0,47046.0,227.0,608.0,33.6,16120.4,19488.1,7386.799999999999,2887.8,1162.9,27.0,23.0,85.19,12.0,11.0,4.0,22.0,2.0,3.0,6.0,0,1,411,1.0,3.0,0.0,1.0,2.0,0.0,0.13,0.0,0.0,121.0,84.0,6.0,17.0,13.0,77.0,3.0,100.0,0,20.0,162.0,24.0,5,5,0,0,0,2,0,0,0
460,Anthony Gordon,5,FW,18,1,1,0,0,1,6.0,43687.0,232.0,474.0,35.8,19838.2,13832.2,5669.099999999999,2660.0,1687.4,42.0,29.0,69.05,9.0,24.0,9.0,29.0,2.0,11.0,10.0,1,3,442,4.0,6.0,17.0,6.0,0.0,2.0,0.7,1.43,0.0,113.0,85.0,10.0,20.0,18.0,72.0,0.0,0.0,0,27.0,151.0,15.0,4,10,0,0,0,0,0,0,0
461,Ollie Watkins,5,FW,19,0,0,0,0,0,2.0,7079.0,39.0,83.0,34.2,2639.3,2535.5,978.8,508.3,417.0,4.0,3.0,75.0,0.0,3.0,1.0,1.0,2.0,1.0,3.0,0,0,65,0.0,0.0,0.0,0.0,0.0,0.0,0.0,0.0,0.0,10.0,90.0,3.0,33.0,2.0,100.0,0.0,0.0,0,1.0,16.0,3.0,1,0,0,0,0,0,0,0,0
462,Noni Madueke,5,FW,20,0,0,0,0,0,5.0,30578.0,147.0,335.0,34.3,13478.1,10296.8,3925.2,1718.8000000000002,1159.2,32.0,23.0,71.88,6.0,20.0,6.0,17.0,7.0,8.0,22.0,0,0,315,0.0,0.0,0.0,0.0,0.0,0.0,0.0,0.0,0.0,94.0,87.0,22.0,41.0,14.0,79.0,0.0,0.0,0,9.0,80.0,16.0,2,3,0,0,0,1,0,0,0
463,Eberechi Eze,5,MF,21,0,0,0,0,0,5.0,25575.0,106.0,325.0,32.3,9240.1,10762.4,3797.6,1423.9,351.3,20.0,18.0,90.0,7.0,8.0,5.0,17.0,1.0,2.0,2.0,0,1,247,0.0,5.0,0.0,2.0,3.0,0.0,0.28,0.0,1.0,97.0,92.0,3.0,33.0,7.0,100.0,1.0,100.0,0,6.0,59.0,0.0,2,4,0,0,0,1,0,0,0
464,Ivan Toney,5,FW,22,0,0,0,0,0,2.0,9130.0,40.0,94.0,28.3,3885.6,3498.7,1101.9,542.8,100.7,5.0,5.0,100.0,1.0,2.0,2.0,5.0,0.0,0.0,0.0,0,0,89,0.0,0.0,0.0,0.0,0.0,0.0,0.0,0.0,0.0,21.0,71.0,0.0,0.0,1.0,100.0,0.0,0.0,0,2.0,21.0,4.0,0,3,0,0,0,2,0,0,0
465,James Trafford,5,GK,23,0,0,0,0,0,0.0,0.0,0.0,0.0,0.0,0.0,0.0,0.0,0.0,0.0,0.0,0.0,0.0,0.0,0.0,0.0,0.0,0.0,0.0,0.0,0,0,0,0.0,0.0,0.0,0.0,0.0,0.0,0.0,0.0,0.0,0.0,0.0,0.0,0.0,0.0,0.0,0.0,0.0,0,0.0,0.0,0.0,0,0,0,0,0,0,0,0,0
466,Reece James,5,DF,24,0,0,0,0,0,5.0,36393.0,131.0,333.0,33.6,15356.8,14568.1,4194.0,1643.1,631.1,47.0,32.0,68.09,10.0,17.0,20.0,39.0,7.0,1.0,10.0,0,0,368,0.0,0.0,0.0,0.0,0.0,0.0,0.0,0.0,0.0,188.0,92.0,11.0,27.0,8.0,38.0,3.0,33.0,0,5.0,66.0,18.0,3,1,0,0,0,0,0,0,0
467,Djed Spence,5,DF,25,0,0,0,0,0,8.0,45631.0,214.0,417.0,36.2,20078.4,16595.399999999998,4839.400000000001,2317.5,1799.7000000000005,70.0,53.0,75.71,12.0,43.0,15.0,58.0,2.0,10.0,9.0,0,0,476,0.0,0.0,0.0,0.0,0.0,0.0,0.0,0.0,0.0,201.0,88.0,9.0,0.0,17.0,65.0,0.0,0.0,0,25.0,135.0,28.0,3,5,0,0,0,0,0,0,0
468,Jarell Quansah,5,DF,26,0,0,0,0,0,3.0,20672.0,86.0,220.0,34.1,8461.5,8361.1,2427.5,1094.7,327.70000000000005,28.0,20.0,71.43,4.0,15.0,9.0,27.0,1.0,0.0,1.0,0,0,208,0.0,0.0,0.0,0.0,0.0,0.0,0.0,0.0,0.0,106.0,87.0,1.0,0.0,2.0,50.0,1.0,0.0,0,30.0,38.0,18.0,2,2,1,1,0,0,0,0,0
469,Brice Samba,6,GK,1,0,0,0,0,0,0.0,0.0,0.0,0.0,0.0,0.0,0.0,0.0,0.0,0.0,0.0,0.0,0.0,0.0,0.0,0.0,0.0,0.0,0.0,0.0,0,0,0,0.0,0.0,0.0,0.0,0.0,0.0,0.0,0.0,0.0,0.0,0.0,0.0,0.0,0.0,0.0,0.0,0.0,0,0.0,0.0,0.0,0,0,0,0,0,0,0,0,0
470,Malo Gusto,6,DF,2,0,0,0,0,0,5.0,15038.0,78.0,166.0,33.5,5266.7,6324.2,1915.5,1018.2,513.4,20.0,17.0,85.0,3.0,17.0,0.0,19.0,0.0,1.0,3.0,0,0,143,0.0,0.0,0.0,0.0,0.0,0.0,0.0,0.0,0.0,76.0,91.0,3.0,33.0,0.0,0.0,1.0,100.0,0,4.0,31.0,13.0,4,2,0,0,0,0,0,0,0
471,Lucas Digne,6,DF,3,0,0,0,0,0,6.0,52628.0,211.0,588.0,31.2,24419.1,17935.4,6828.0,2617.0,828.0,81.0,67.0,82.72,13.0,47.0,21.0,76.0,4.0,1.0,17.0,0,0,513,0.0,0.0,0.0,0.0,0.0,0.0,0.0,0.0,0.0,283.0,89.0,17.0,6.0,8.0,50.0,1.0,100.0,0,27.0,59.0,10.0,7,2,0,0,0,0,0,0,0
472,Dayot Upamecano,6,DF,4,0,0,0,0,0,8.0,73611.0,228.0,598.0,35.4,31258.5,30935.599999999995,7105.400000000001,2889.6,1422.3,126.0,112.0,88.89,26.0,75.0,25.0,126.0,0.0,0.0,0.0,0,1,740,2.0,4.0,0.0,3.0,1.0,2.0,0.54,0.0,0.0,443.0,92.0,0.0,0.0,6.0,67.0,4.0,100.0,0,17.0,73.0,32.0,7,4,0,0,0,0,0,0,0
473,Jules Kounde,6,DF,5,0,0,0,0,0,8.0,69981.0,323.0,834.0,32.8,26411.2,28285.5,9381.0,4360.900000000001,1542.8,108.0,82.0,75.93,10.0,73.0,25.0,105.0,0.0,3.0,15.0,0,0,666,0.0,0.0,0.0,0.0,0.0,0.0,0.0,0.0,0.0,353.0,89.0,15.0,13.0,7.0,43.0,0.0,0.0,0,33.0,132.0,25.0,6,5,0,0,0,1,0,0,0
474,Manu Kone,6,MF,6,0,0,0,0,0,5.0,45337.0,110.0,590.0,30.3,15917.0,19970.9,7491.4,1599.8000000000002,358.0,49.0,43.0,87.76,21.0,24.0,4.0,45.0,0.0,4.0,1.0,0,0,426,0.0,0.0,0.0,0.0,0.0,0.0,0.0,0.0,0.0,263.0,92.0,1.0,0.0,3.0,100.0,2.0,50.0,0,24.0,91.0,23.0,6,7,1,0,0,0,0,0,0
475,Ousmane Dembele,6,FW,7,6,6,0,0,6,8.0,67503.0,274.0,817.0,30.5,26792.000000000004,25952.5,9652.2,4281.1,825.3,80.0,49.0,61.25,31.0,29.0,20.0,67.0,6.0,7.0,22.0,6,2,648,10.0,20.0,30.0,13.0,7.0,1.0,2.1,2.86,17.0,297.0,79.0,36.0,17.0,29.0,62.0,6.0,83.0,0,28.0,257.0,16.0,0,4,0,0,0,3,0,0,0
476,Aurelien Tchouameni,6,MF,8,0,0,0,0,0,4.0,45083.0,155.0,637.0,31.4,16789.7,18125.2,7620.3,2070.7,477.1,46.0,41.0,89.13,22.0,19.0,5.0,45.0,1.0,0.0,2.0,0,1,407,0.0,3.0,0.0,1.0,2.0,0.0,0.11,0.0,0.0,254.0,94.0,2.0,0.0,1.0,100.0,2.0,100.0,0,23.0,68.0,20.0,4,3,1,0,0,0,0,0,0
477,Marcus Thuram,6,FW,9,0,0,0,0,0,1.0,296.0,2.0,5.0,22.1,87.7,113.1,74.0,21.0,0.0,0.0,0.0,0.0,0.0,0.0,0.0,0.0,0.0,0.0,0.0,0,0,2,0.0,0.0,0.0,0.0,0.0,0.0,0.0,0.0,0.0,0.0,0.0,0.0,0.0,0.0,0.0,0.0,0.0,0,0.0,0.0,0.0,0,0,0,0,0,0,0,0,0
478,Kylian Mbappe,6,FW,10,10,9,1,0,10,8.0,66727.0,250.0,529.0,37.6,33200.7,22441.2,6312.499999999999,2811.8,1960.5,76.0,63.0,82.89,19.0,40.0,17.0,56.0,0.0,20.0,10.0,10,4,769,23.0,41.0,24.0,27.0,14.0,0.0,6.54,1.53,5.0,232.0,87.0,10.0,10.0,31.0,81.0,12.0,92.0,0,18.0,166.0,15.0,6,9,1,0,0,7,0,0,0
479,Michael Olise,6,FW,11,0,0,0,0,0,8.0,84500.0,388.0,1054.0,34.7,26863.1,37368.0,12546.8,5484.8,2237.0,133.0,103.0,77.44,52.0,56.0,25.0,117.0,3.0,13.0,4.0,0,7,719,5.0,20.0,0.0,10.0,10.0,0.0,2.34,0.0,25.0,417.0,87.0,20.0,25.0,28.0,75.0,3.0,100.0,0,50.0,289.0,32.0,5,16,1,0,0,0,0,0,0
480,Bradley Barcola,6,FW,12,3,3,0,0,3,8.0,42771.0,165.0,340.0,36.3,18848.2,16086.2,4252.400000000001,1988.1,1596.0,25.0,19.0,76.0,5.0,20.0,0.0,16.0,0.0,9.0,7.0,3,1,432,5.0,10.0,30.0,7.0,3.0,1.0,1.99,1.51,0.0,117.0,91.0,7.0,14.0,11.0,73.0,0.0,0.0,0,21.0,134.0,25.0,5,1,1,0,0,1,0,0,0
481,Ngolo Kante,6,MF,13,0,0,0,0,0,0.0,0.0,0.0,0.0,0.0,0.0,0.0,0.0,0.0,0.0,0.0,0.0,0.0,0.0,0.0,0.0,0.0,0.0,0.0,0.0,0,0,0,0.0,0.0,0.0,0.0,0.0,0.0,0.0,0.0,0.0,0.0,0.0,0.0,0.0,0.0,0.0,0.0,0.0,0,0.0,0.0,0.0,0,0,0,0,0,0,0,0,0
482,Adrien Rabiot,6,MF,14,0,0,0,0,0,7.0,71263.0,248.0,816.0,30.8,28461.6,29072.0,9515.7,3485.2000000000003,728.6,98.0,88.0,89.8,30.0,51.0,17.0,93.0,1.0,4.0,2.0,0,1,657,1.0,9.0,0.0,4.0,5.0,2.0,0.96,0.0,0.0,351.0,92.0,2.0,0.0,13.0,77.0,1.0,100.0,0,14.0,143.0,38.0,13,4,1,0,0,1,0,0,0
483,Ibrahima Konate,6,DF,15,0,0,0,0,0,2.0,6464.0,23.0,57.0,30.6,3096.0,2220.3,696.9,307.2,144.1,10.0,10.0,100.0,6.0,4.0,0.0,9.0,0.0,1.0,0.0,0,0,69,0.0,0.0,0.0,0.0,0.0,0.0,0.0,0.0,0.0,34.0,94.0,0.0,0.0,0.0,0.0,0.0,0.0,0,2.0,12.0,5.0,2,1,0,0,0,0,0,0,0
484,Mike Maignan,6,GK,16,0,0,0,0,0,8.0,42479.0,14.0,110.0,29.6,31789.0,9406.7,1106.5,153.90000000000003,22.9,61.0,31.0,50.82,4.0,9.0,48.0,61.0,0.0,0.0,0.0,0,0,810,0.0,0.0,0.0,0.0,0.0,0.0,0.0,0.0,0.0,225.0,80.0,0.0,0.0,3.0,33.0,1.0,100.0,0,0.0,0.0,0.0,0,2,0,0,0,0,15,108,86
485,William Saliba,6,DF,17,0,0,0,0,0,6.0,49525.0,157.0,407.0,34.1,22747.4,19196.6,4707.3,1991.5,882.1999999999999,32.0,28.0,87.5,10.0,17.0,5.0,31.0,0.0,1.0,0.0,0,0,533,0.0,0.0,0.0,0.0,0.0,0.0,0.0,0.0,0.0,315.0,97.0,0.0,0.0,1.0,0.0,2.0,100.0,0,14.0,28.0,14.0,4,0,0,0,0,0,0,0,0
486,Warren Zaire-Emery,6,MF,18,0,0,0,0,0,2.0,14041.0,63.0,182.0,33.0,4797.8,5957.400000000001,2287.5,780.2,218.3,15.0,14.0,93.33,7.0,8.0,0.0,15.0,0.0,0.0,1.0,0,0,128,0.0,0.0,0.0,0.0,0.0,0.0,0.0,0.0,0.0,70.0,94.0,1.0,0.0,1.0,0.0,0.0,0.0,0,2.0,49.0,14.0,1,0,0,0,0,0,0,0,0
487,Theo Hernandez,6,DF,19,0,0,0,0,0,5.0,29720.0,134.0,288.0,36.2,12004.8,11659.4,3386.5,1740.2000000000005,929.3,48.0,42.0,87.5,6.0,31.0,11.0,44.0,2.0,2.0,5.0,0,0,296,0.0,0.0,0.0,0.0,0.0,0.0,0.0,0.0,0.0,149.0,93.0,5.0,20.0,3.0,33.0,1.0,100.0,0,26.0,57.0,11.0,2,4,0,0,0,0,0,0,0
488,Desire Doue,6,FW,20,1,1,0,0,1,8.0,49084.0,269.0,587.0,33.5,17528.800000000003,19550.9,7095.1,3391.9999999999995,1518.0,51.0,35.0,68.63,21.0,24.0,6.0,43.0,2.0,6.0,5.0,1,1,449,8.0,13.0,8.0,4.0,9.0,1.0,0.71,1.41,2.0,196.0,85.0,5.0,40.0,15.0,47.0,3.0,100.0,0,14.0,202.0,23.0,4,8,0,0,0,0,0,0,0
489,Lucas Hernandez,6,DF,21,0,0,0,0,0,0.0,0.0,0.0,0.0,0.0,0.0,0.0,0.0,0.0,0.0,0.0,0.0,0.0,0.0,0.0,0.0,0.0,0.0,0.0,0.0,0,0,0,0.0,0.0,0.0,0.0,0.0,0.0,0.0,0.0,0.0,0.0,0.0,0.0,0.0,0.0,0.0,0.0,0.0,0,0.0,0.0,0.0,0,0,0,0,0,0,0,0,0
490,Jean-Philippe Mateta,6,FW,22,0,0,0,0,0,3.0,4718.0,23.0,44.0,30.3,1488.4,2186.8,564.4000000000001,300.8,178.0,0.0,0.0,0.0,0.0,0.0,0.0,0.0,0.0,0.0,0.0,0,0,38,0.0,0.0,0.0,0.0,0.0,0.0,0.0,0.0,0.0,2.0,100.0,0.0,0.0,0.0,0.0,0.0,0.0,0,1.0,23.0,2.0,1,0,0,0,0,0,0,0,0
491,Robin Risser,6,GK,23,0,0,0,0,0,0.0,0.0,0.0,0.0,0.0,0.0,0.0,0.0,0.0,0.0,0.0,0.0,0.0,0.0,0.0,0.0,0.0,0.0,0.0,0.0,0,0,0,0.0,0.0,0.0,0.0,0.0,0.0,0.0,0.0,0.0,0.0,0.0,0.0,0.0,0.0,0.0,0.0,0.0,0,0.0,0.0,0.0,0,0,0,0,0,0,0,0,0
492,Rayan Cherki,6,MF,24,0,0,0,0,0,7.0,20751.0,105.0,300.0,30.8,6309.0,8917.4,3520.0,1444.6999999999998,560.1,23.0,17.0,73.91,5.0,13.0,5.0,21.0,0.0,2.0,2.0,0,0,169,0.0,0.0,0.0,0.0,0.0,0.0,0.0,0.0,0.0,104.0,86.0,3.0,0.0,10.0,60.0,1.0,100.0,0,11.0,119.0,10.0,2,2,0,0,0,0,0,0,0
493,Maghnes Akliouche,6,MF,25,0,0,0,0,0,1.0,1370.0,5.0,24.0,26.6,322.8,678.5,283.9,70.2,14.3,3.0,0.0,0.0,0.0,1.0,2.0,2.0,1.0,0.0,2.0,0,0,10,0.0,0.0,0.0,0.0,0.0,0.0,0.0,0.0,0.0,7.0,71.0,2.0,0.0,0.0,0.0,0.0,0.0,0,0.0,8.0,2.0,0,0,0,0,0,0,0,0,0
494,Maxence Lacroix,6,DF,26,0,0,0,0,0,3.0,26506.0,93.0,280.0,33.7,11230.3,10595.1,3109.6,1117.5,453.1,29.0,24.0,82.76,13.0,15.0,1.0,29.0,0.0,0.0,0.0,0,0,276,0.0,0.0,0.0,0.0,0.0,0.0,0.0,0.0,0.0,130.0,96.0,0.0,0.0,0.0,0.0,1.0,100.0,0,1.0,31.0,13.0,5,0,0,0,0,1,0,0,0
495,Manuel Neuer,7,GK,1,0,0,0,0,0,4.0,25682.0,19.0,82.0,28.1,19128.8,5409.9,852.0999999999999,233.3,57.7,36.0,26.0,72.22,4.0,7.0,25.0,36.0,0.0,0.0,0.0,0,0,442,0.0,0.0,0.0,0.0,0.0,0.0,0.0,0.0,0.0,129.0,91.0,0.0,0.0,1.0,0.0,0.0,0.0,0,0.0,0.0,0.0,0,2,0,0,0,0,7,61,45
496,Antonio Ruediger,7,DF,2,0,0,0,0,0,4.0,28802.0,72.0,258.0,33.1,12840.3,11644.3,2829.7,1040.9,447.0,52.0,43.0,82.69,1.0,36.0,15.0,50.0,1.0,1.0,1.0,0,0,300,0.0,0.0,0.0,0.0,0.0,0.0,0.0,0.0,0.0,246.0,93.0,1.0,0.0,4.0,25.0,0.0,0.0,0,5.0,14.0,4.0,1,0,0,0,0,0,0,0,0
497,Waldemar Anton,7,DF,3,0,0,0,0,0,2.0,7335.0,35.0,98.0,33.3,2407.1,3194.0,1092.9,484.1,156.6,14.0,13.0,92.86,0.0,12.0,2.0,13.0,1.0,0.0,2.0,0,0,66,0.0,0.0,0.0,0.0,0.0,0.0,0.0,0.0,0.0,30.0,97.0,2.0,0.0,0.0,0.0,0.0,0.0,0,1.0,13.0,3.0,3,1,0,0,0,1,0,0,0
498,Jonathan Tah,7,DF,4,0,0,0,0,0,4.0,42610.0,119.0,392.0,32.9,16013.2,19712.5,4639.900000000001,1527.7,716.7,70.0,64.0,91.43,30.0,30.0,10.0,69.0,1.0,0.0,1.0,0,0,419,0.0,0.0,0.0,0.0,0.0,0.0,0.0,0.0,0.0,375.0,97.0,1.0,0.0,3.0,100.0,1.0,100.0,0,5.0,27.0,9.0,5,1,0,0,0,0,0,0,0
499,Aleksandar Pavlovic,7,MF,5,0,0,0,0,0,4.0,38018.0,165.0,597.0,31.4,9821.7,18120.6,7095.800000000001,2406.8,573.3000000000001,62.0,56.0,90.32,24.0,31.0,7.0,59.0,0.0,3.0,1.0,0,0,300,0.0,0.0,0.0,0.0,0.0,0.0,0.0,0.0,0.0,260.0,92.0,1.0,0.0,1.0,0.0,1.0,100.0,0,27.0,76.0,20.0,13,4,1,0,0,0,0,0,0
500,Joshua Kimmich,7,DF,6,0,0,0,0,0,4.0,44639.0,157.0,518.0,31.4,14747.6,21033.1,5999.4,2020.3,838.3,133.0,107.0,80.45,18.0,71.0,44.0,126.0,7.0,0.0,7.0,0,2,392,1.0,5.0,0.0,1.0,4.0,0.0,0.15,0.0,15.0,368.0,91.0,25.0,20.0,9.0,56.0,2.0,100.0,0,26.0,55.0,9.0,0,7,0,0,0,0,0,0,0
501,Kai Havertz,7,FW,7,3,2,1,0,3,4.0,44897.0,202.0,577.0,32.9,15934.8,18215.1,6891.6,2780.1,1075.4,9.0,6.0,66.67,4.0,5.0,0.0,8.0,0.0,1.0,3.0,3,0,392,0.0,0.0,0.0,0.0,0.0,0.0,0.0,0.0,0.0,117.0,86.0,3.0,67.0,2.0,0.0,0.0,0.0,0,19.0,99.0,14.0,3,4,1,0,0,1,0,0,0
502,Leon Goretzka,7,MF,8,0,0,0,0,0,3.0,12495.0,49.0,140.0,33.7,5217.3,4456.8,1766.6999999999998,613.4,440.7,7.0,6.0,85.71,3.0,3.0,1.0,6.0,0.0,1.0,1.0,0,0,122,0.0,0.0,0.0,0.0,0.0,0.0,0.0,0.0,0.0,30.0,77.0,1.0,0.0,1.0,100.0,1.0,0.0,0,3.0,20.0,2.0,0,0,0,0,0,0,0,0,0
503,Jamie Leweling,7,MF,9,0,0,0,0,0,1.0,4276.0,20.0,55.0,31.2,1572.4,1611.6,658.7,259.0,174.3,3.0,1.0,33.33,1.0,1.0,1.0,2.0,0.0,1.0,3.0,0,0,37,0.0,0.0,0.0,0.0,0.0,0.0,0.0,0.0,0.0,14.0,79.0,3.0,0.0,1.0,0.0,0.0,0.0,0,2.0,15.0,4.0,0,0,0,0,0,0,0,0,0
504,Jamal Musiala,7,MF,10,1,1,0,0,1,4.0,33547.0,140.0,412.0,32.3,11628.7,14592.3,4875.200000000001,1819.0,631.4,23.0,19.0,82.61,8.0,12.0,3.0,19.0,1.0,3.0,8.0,1,0,305,0.0,0.0,0.0,0.0,0.0,0.0,0.0,0.0,0.0,104.0,83.0,8.0,0.0,9.0,67.0,0.0,0.0,0,13.0,107.0,19.0,5,11,1,0,0,0,0,0,0
505,Nick Woltemade,7,FW,11,0,0,0,0,0,1.0,4199.0,13.0,37.0,31.4,1863.5,1643.1,394.0,193.0,105.5,0.0,0.0,0.0,0.0,0.0,0.0,0.0,0.0,0.0,0.0,0,0,44,0.0,0.0,0.0,0.0,0.0,0.0,0.0,0.0,0.0,1.0,100.0,0.0,0.0,0.0,0.0,0.0,0.0,0,0.0,6.0,1.0,0,0,0,0,0,0,0,0,0
506,Oliver Baumann,7,GK,12,0,0,0,0,0,0.0,0.0,0.0,0.0,0.0,0.0,0.0,0.0,0.0,0.0,0.0,0.0,0.0,0.0,0.0,0.0,0.0,0.0,0.0,0.0,0,0,0,0.0,0.0,0.0,0.0,0.0,0.0,0.0,0.0,0.0,0.0,0.0,0.0,0.0,0.0,0.0,0.0,0.0,0,0.0,0.0,0.0,0,0,0,0,0,0,0,0,0
507,Pascal Gross,7,MF,13,0,0,0,0,0,1.0,3218.0,15.0,58.0,30.7,759.9,1491.6,696.1,239.1,31.8,5.0,5.0,100.0,5.0,0.0,0.0,5.0,0.0,0.0,1.0,0,0,24,0.0,0.0,0.0,0.0,0.0,0.0,0.0,0.0,0.0,14.0,100.0,1.0,0.0,1.0,100.0,0.0,0.0,0,1.0,15.0,1.0,1,0,0,0,0,0,0,0,0
508,Maximilian Beier,7,FW,14,0,0,0,0,0,1.0,3574.0,16.0,46.0,32.7,1059.7,1611.4,521.5,203.4,177.9,6.0,2.0,33.33,1.0,1.0,4.0,6.0,0.0,0.0,0.0,0,0,33,0.0,0.0,0.0,0.0,0.0,0.0,0.0,0.0,0.0,13.0,46.0,0.0,0.0,1.0,0.0,0.0,0.0,0,1.0,9.0,1.0,1,1,0,0,0,0,0,0,0
509,Nico Schlotterbeck,7,DF,15,1,1,0,0,1,2.0,15444.0,40.0,158.0,31.9,5777.0,7158.700000000001,1821.0,477.3,209.4,34.0,30.0,88.24,7.0,17.0,10.0,33.0,0.0,1.0,0.0,1,0,152,0.0,0.0,0.0,0.0,0.0,0.0,0.0,0.0,0.0,123.0,89.0,0.0,0.0,3.0,67.0,4.0,75.0,0,18.0,7.0,6.0,2,1,0,0,0,0,0,0,0
510,Angelo Stiller,7,MF,16,0,0,0,0,0,1.0,5947.0,18.0,85.0,26.6,1701.6,2886.2,1050.2,255.4,53.9,10.0,8.0,80.0,3.0,5.0,2.0,10.0,0.0,0.0,0.0,0,0,52,0.0,0.0,0.0,0.0,0.0,0.0,0.0,0.0,0.0,34.0,91.0,0.0,0.0,1.0,0.0,0.0,0.0,0,1.0,7.0,1.0,0,0,0,0,0,0,0,0,0
511,Florian Wirtz,7,MF,17,0,0,0,0,0,4.0,46416.0,229.0,653.0,33.0,14242.3,20910.3,7143.900000000001,3165.4,954.1,70.0,49.0,70.0,29.0,29.0,12.0,56.0,3.0,11.0,10.0,0,3,405,1.0,10.0,0.0,5.0,5.0,0.0,0.97,0.0,5.0,271.0,82.0,12.0,42.0,15.0,67.0,2.0,100.0,0,17.0,123.0,18.0,1,3,0,0,0,1,0,0,0
512,Nathaniel Brown,7,DF,18,1,1,0,0,1,3.0,34795.0,129.0,354.0,33.8,12390.1,15598.2,4239.700000000001,1743.4,823.2,27.0,22.0,81.48,2.0,22.0,3.0,26.0,0.0,1.0,9.0,1,1,319,2.0,3.0,33.0,3.0,0.0,0.0,0.21,4.87,11.0,131.0,88.0,19.0,32.0,6.0,67.0,0.0,0.0,0,3.0,64.0,21.0,4,1,0,0,0,0,0,0,0
513,Leroy Sane,7,MF,19,1,1,0,0,1,4.0,38060.0,221.0,477.0,34.4,14325.8,13005.1,6099.1,2896.4,1733.9,36.0,19.0,52.78,8.0,22.0,6.0,25.0,4.0,7.0,11.0,1,0,360,0.0,0.0,0.0,0.0,0.0,0.0,0.0,0.0,0.0,189.0,85.0,11.0,18.0,9.0,44.0,0.0,0.0,0,10.0,84.0,15.0,3,2,0,0,0,1,0,0,0
514,Nadiem Amiri,7,MF,20,0,0,0,0,0,2.0,5439.0,26.0,80.0,29.6,1695.2,2256.1,911.1,397.2,179.1,6.0,5.0,83.33,1.0,2.0,3.0,4.0,2.0,0.0,2.0,0,1,50,1.0,2.0,0.0,1.0,1.0,0.0,0.26,0.0,0.0,20.0,85.0,2.0,50.0,2.0,50.0,1.0,100.0,0,1.0,11.0,0.0,0,0,0,0,0,0,0,0,0
515,Alexander Nuebel,7,GK,21,0,0,0,0,0,0.0,0.0,0.0,0.0,0.0,0.0,0.0,0.0,0.0,0.0,0.0,0.0,0.0,0.0,0.0,0.0,0.0,0.0,0.0,0.0,0,0,0,0.0,0.0,0.0,0.0,0.0,0.0,0.0,0.0,0.0,0.0,0.0,0.0,0.0,0.0,0.0,0.0,0.0,0,0.0,0.0,0.0,0,0,0,0,0,0,0,0,0
516,David Raum,7,DF,22,0,0,0,0,0,2.0,13698.0,85.0,198.0,33.7,4922.7,4736.6,2370.8,1084.6,583.0999999999999,18.0,10.0,55.56,5.0,4.0,9.0,15.0,2.0,1.0,10.0,0,0,123,0.0,0.0,0.0,0.0,0.0,0.0,0.0,0.0,0.0,52.0,85.0,14.0,21.0,4.0,50.0,1.0,0.0,0,18.0,29.0,8.0,2,0,0,0,0,0,0,0,0
517,Felix Nmecha,7,MF,23,1,1,0,0,1,4.0,33325.0,141.0,442.0,35.0,11955.6,13835.999999999998,4995.700000000001,1878.1,659.6999999999999,31.0,28.0,90.32,18.0,9.0,4.0,29.0,0.0,2.0,2.0,1,1,299,3.0,8.0,13.0,3.0,5.0,0.0,0.49,2.04,0.0,131.0,92.0,2.0,0.0,4.0,75.0,1.0,0.0,0,9.0,74.0,21.0,3,3,0,0,0,0,0,0,0
518,Malick Thiaw,7,DF,24,0,0,0,0,0,2.0,5108.0,20.0,69.0,32.2,1599.9,2336.1,826.5999999999999,273.6,71.9,16.0,12.0,75.0,6.0,7.0,3.0,16.0,0.0,0.0,0.0,0,0,50,0.0,0.0,0.0,0.0,0.0,0.0,0.0,0.0,0.0,38.0,87.0,0.0,0.0,0.0,0.0,0.0,0.0,0,3.0,7.0,3.0,1,1,0,0,0,0,0,0,0
519,Assan Ouedraogo,7,MF,25,0,0,0,0,0,0.0,0.0,0.0,0.0,0.0,0.0,0.0,0.0,0.0,0.0,0.0,0.0,0.0,0.0,0.0,0.0,0.0,0.0,0.0,0.0,0,0,0,0.0,0.0,0.0,0.0,0.0,0.0,0.0,0.0,0.0,0.0,0.0,0.0,0.0,0.0,0.0,0.0,0.0,0,0.0,0.0,0.0,0,0,0,0,0,0,0,0,0
520,Deniz Undav,7,FW,26,3,3,0,0,3,4.0,17404.0,59.0,205.0,28.9,6379.9,7739.1,2348.7,809.4000000000001,127.1,5.0,2.0,40.0,3.0,1.0,1.0,4.0,1.0,0.0,2.0,3,2,174,4.0,6.0,50.0,5.0,1.0,0.0,1.43,2.1,0.0,31.0,74.0,2.0,0.0,4.0,50.0,0.0,0.0,0,6.0,53.0,7.0,3,0,0,0,0,0,0,0,0
521,Lawrence Ati Zigi,29,GK,1,0,0,0,0,0,2.0,7025.0,1.0,7.0,22.3,5712.9,1230.6,69.39999999999999,12.4,0.0,15.0,5.0,33.33,0.0,0.0,15.0,15.0,0.0,0.0,0.0,0,0,155,0.0,0.0,0.0,0.0,0.0,0.0,0.0,0.0,0.0,52.0,75.0,0.0,0.0,2.0,0.0,0.0,0.0,0,0.0,0.0,0.0,0,1,0,0,0,0,8,31,30
522,Alidu Seidu,29,DF,2,0,0,0,0,0,1.0,8379.0,34.0,73.0,33.8,3831.6,3118.7,858.8,380.8,189.1,6.0,5.0,83.33,2.0,4.0,0.0,5.0,0.0,1.0,1.0,0,0,92,0.0,0.0,0.0,0.0,0.0,0.0,0.0,0.0,0.0,27.0,93.0,1.0,0.0,0.0,0.0,0.0,0.0,0,0.0,16.0,6.0,1,0,1,0,0,0,0,0,0
523,Caleb Yirenkyi,29,MF,3,1,1,0,0,1,4.0,34221.0,136.0,460.0,31.8,10977.0,15480.7,5219.2,1825.1,718.4000000000001,12.0,7.0,58.33,4.0,3.0,5.0,12.0,0.0,0.0,1.0,1,0,307,0.0,0.0,0.0,0.0,0.0,0.0,0.0,0.0,0.0,70.0,89.0,1.0,0.0,4.0,25.0,0.0,0.0,0,12.0,128.0,14.0,7,3,2,0,0,0,0,0,0
524,Jonas Adjetey,29,DF,4,0,0,0,0,0,3.0,26259.0,87.0,260.0,31.0,10633.7,11379.0,2973.8,987.2,285.0,23.0,14.0,60.87,6.0,6.0,11.0,23.0,0.0,0.0,0.0,0,0,257,1.0,2.0,0.0,2.0,0.0,2.0,0.1,0.0,0.0,120.0,88.0,0.0,0.0,0.0,0.0,4.0,75.0,0,3.0,19.0,6.0,1,0,0,0,0,0,0,0,0
525,Thomas Partey,29,MF,5,0,0,0,0,0,3.0,31029.0,77.0,359.0,28.5,11631.9,14205.1,3945.9,1107.2,138.89999999999998,43.0,30.0,69.77,18.0,10.0,15.0,39.0,0.0,4.0,0.0,0,0,307,0.0,0.0,0.0,0.0,0.0,0.0,0.0,0.0,0.0,152.0,88.0,0.0,0.0,4.0,50.0,0.0,0.0,0,5.0,52.0,14.0,2,5,0,0,0,0,0,0,0
526,Abdul Mumin,29,DF,6,0,0,0,0,0,0.0,0.0,0.0,0.0,0.0,0.0,0.0,0.0,0.0,0.0,0.0,0.0,0.0,0.0,0.0,0.0,0.0,0.0,0.0,0.0,0,0,0,0.0,0.0,0.0,0.0,0.0,0.0,0.0,0.0,0.0,0.0,0.0,0.0,0.0,0.0,0.0,0.0,0.0,0,0.0,0.0,0.0,0,0,0,0,0,0,0,0,0
527,Abdul Fatawu,29,FW,7,0,0,0,0,0,4.0,16817.0,93.0,211.0,32.9,6309.6,6320.0,2578.7,1156.7,451.7,18.0,10.0,55.56,3.0,11.0,4.0,6.0,2.0,10.0,5.0,0,0,163,0.0,3.0,0.0,1.0,2.0,0.0,0.1,0.0,2.0,22.0,82.0,7.0,14.0,8.0,50.0,1.0,100.0,0,11.0,50.0,5.0,1,8,1,0,0,0,0,0,0
528,Kwasi Sibo,29,MF,8,0,0,0,0,0,4.0,31123.0,96.0,447.0,30.0,9468.0,14970.4,5053.0,1379.8000000000002,251.6,16.0,14.0,87.5,9.0,5.0,2.0,16.0,0.0,0.0,0.0,0,0,282,0.0,0.0,0.0,0.0,0.0,0.0,0.0,0.0,0.0,93.0,95.0,0.0,0.0,1.0,100.0,2.0,100.0,0,5.0,114.0,15.0,7,1,0,0,0,0,0,0,0
529,Jordan Ayew,29,FW,9,0,0,0,0,0,4.0,34883.0,167.0,416.0,31.0,12147.6,15614.6,4400.5,2156.7000000000003,564.0,11.0,1.0,9.09,0.0,3.0,8.0,6.0,3.0,2.0,1.0,0,0,323,0.0,0.0,0.0,0.0,0.0,0.0,0.0,0.0,0.0,47.0,70.0,9.0,11.0,3.0,0.0,1.0,0.0,0,23.0,212.0,19.0,7,7,0,0,0,1,0,0,0
530,Brandon Thomas-Asante,29,FW,10,0,0,0,0,0,2.0,7441.0,49.0,102.0,33.2,2502.8,2936.0,1210.3000000000002,567.9,223.9,2.0,1.0,50.0,1.0,0.0,1.0,1.0,0.0,1.0,1.0,0,1,70,0.0,0.0,0.0,0.0,0.0,0.0,0.0,0.0,0.0,6.0,50.0,2.0,50.0,0.0,0.0,0.0,0.0,0,3.0,28.0,0.0,0,1,0,0,0,1,0,0,0
531,Antoine Semenyo,29,MF,11,0,0,0,0,0,4.0,39934.0,167.0,285.0,35.1,19444.3,13653.9,3455.9,1929.4,1450.4,16.0,12.0,75.0,6.0,9.0,1.0,8.0,1.0,7.0,5.0,0,0,414,0.0,0.0,0.0,0.0,0.0,0.0,0.0,0.0,0.0,68.0,76.0,5.0,0.0,5.0,60.0,0.0,0.0,0,26.0,123.0,20.0,6,4,0,0,0,4,0,0,0
532,Joseph Anang,29,GK,12,0,0,0,0,0,0.0,0.0,0.0,0.0,0.0,0.0,0.0,0.0,0.0,0.0,0.0,0.0,0.0,0.0,0.0,0.0,0.0,0.0,0.0,0.0,0,0,0,0.0,0.0,0.0,0.0,0.0,0.0,0.0,0.0,0.0,0.0,0.0,0.0,0.0,0.0,0.0,0.0,0.0,0,0.0,0.0,0.0,0,0,0,0,0,0,0,0,0
533,Christopher Bonsu Baah,29,FW,13,0,0,0,0,0,0.0,0.0,0.0,0.0,0.0,0.0,0.0,0.0,0.0,0.0,0.0,0.0,0.0,0.0,0.0,0.0,0.0,0.0,0.0,0.0,0,0,0,0.0,0.0,0.0,0.0,0.0,0.0,0.0,0.0,0.0,0.0,0.0,0.0,0.0,0.0,0.0,0.0,0.0,0,0.0,0.0,0.0,0,0,0,0,0,0,0,0,0
534,Gideon Mensah,29,DF,14,0,0,0,0,0,4.0,39698.0,158.0,365.0,33.2,16833.8,16024.899999999998,4165.2,1946.4,727.5,57.0,41.0,71.93,12.0,16.0,29.0,56.0,0.0,1.0,3.0,0,0,414,0.0,0.0,0.0,0.0,0.0,0.0,0.0,0.0,0.0,182.0,86.0,3.0,0.0,6.0,33.0,2.0,100.0,0,10.0,63.0,18.0,2,2,0,0,0,0,0,0,0
535,Elisha Owusu,29,MF,15,0,0,0,0,0,3.0,18829.0,74.0,262.0,29.2,5852.299999999999,8671.6,3028.0999999999995,1063.0,214.0,9.0,6.0,66.67,3.0,2.0,4.0,9.0,0.0,0.0,4.0,0,0,166,0.0,0.0,0.0,0.0,0.0,0.0,0.0,0.0,0.0,58.0,86.0,4.0,25.0,1.0,0.0,0.0,0.0,0,5.0,55.0,10.0,2,0,0,0,0,0,0,0,0
536,Benjamin Asare,29,GK,16,0,0,0,0,0,3.0,10835.0,2.0,8.0,26.6,9084.0,1623.0,97.9,21.7,8.4,29.0,14.0,48.28,2.0,0.0,27.0,29.0,0.0,0.0,0.0,0,0,259,0.0,0.0,0.0,0.0,0.0,0.0,0.0,0.0,0.0,59.0,69.0,0.0,0.0,4.0,25.0,0.0,0.0,0,0.0,0.0,0.0,0,1,0,0,0,0,8,55,47
537,Baba Rahman,29,DF,17,0,0,0,0,0,1.0,169.0,1.0,2.0,23.7,58.0,50.8,27.9,32.4,0.0,0.0,0.0,0.0,0.0,0.0,0.0,0.0,0.0,0.0,0.0,0,0,1,0.0,0.0,0.0,0.0,0.0,0.0,0.0,0.0,0.0,0.0,0.0,0.0,0.0,0.0,0.0,0.0,0.0,0,0.0,0.0,0.0,0,0,0,0,0,0,0,0,0
538,Jerome Opoku,29,DF,18,0,0,0,0,0,3.0,29366.0,74.0,230.0,32.7,13191.4,12268.0,2859.4,859.6999999999999,187.4,28.0,14.0,50.0,1.0,7.0,20.0,28.0,0.0,0.0,0.0,0,0,313,0.0,0.0,0.0,0.0,0.0,0.0,0.0,0.0,0.0,115.0,83.0,0.0,0.0,7.0,43.0,7.0,57.0,0,8.0,10.0,7.0,2,4,0,0,0,0,0,0,0
539,Inaki Williams,29,FW,19,0,0,0,0,0,2.0,12857.0,64.0,117.0,33.5,6039.700000000001,4269.0,1337.9,830.7,379.4,5.0,4.0,80.0,1.0,4.0,0.0,4.0,0.0,1.0,4.0,0,0,140,0.0,3.0,0.0,1.0,2.0,0.0,0.06,0.0,0.0,23.0,65.0,4.0,25.0,3.0,67.0,0.0,0.0,0,3.0,43.0,3.0,2,1,1,0,0,1,0,0,0
540,Augustine Boakye,29,MF,20,0,0,0,0,0,0.0,0.0,0.0,0.0,0.0,0.0,0.0,0.0,0.0,0.0,0.0,0.0,0.0,0.0,0.0,0.0,0.0,0.0,0.0,0.0,0,0,0,0.0,0.0,0.0,0.0,0.0,0.0,0.0,0.0,0.0,0.0,0.0,0.0,0.0,0.0,0.0,0.0,0.0,0,0.0,0.0,0.0,0,0,0,0,0,0,0,0,0
541,Kojo Peprah Oppong,29,DF,21,0,0,0,0,0,2.0,5661.0,16.0,63.0,30.6,2041.6,2690.7,710.1999999999999,169.5,48.9,3.0,2.0,66.67,0.0,0.0,3.0,3.0,0.0,0.0,0.0,0,0,61,0.0,0.0,0.0,0.0,0.0,0.0,0.0,0.0,0.0,22.0,95.0,0.0,0.0,0.0,0.0,0.0,0.0,0,1.0,5.0,0.0,1,0,1,0,0,0,0,0,0
542,Kamaldeen Sulemana,29,FW,22,0,0,0,0,0,2.0,14796.0,75.0,172.0,33.2,5964.6,5701.299999999999,2024.6,835.2,270.3,12.0,9.0,75.0,2.0,7.0,3.0,8.0,1.0,3.0,4.0,0,0,136,0.0,0.0,0.0,0.0,0.0,0.0,0.0,0.0,0.0,31.0,87.0,4.0,75.0,4.0,75.0,3.0,100.0,0,3.0,62.0,8.0,2,1,0,0,0,1,0,0,0
543,Derrick Luckassen,29,DF,23,1,1,0,0,1,2.0,18060.0,39.0,147.0,31.8,8483.4,7267.1,1655.7,499.9,153.7,28.0,19.0,67.86,10.0,7.0,11.0,28.0,0.0,0.0,0.0,1,0,205,0.0,0.0,0.0,0.0,0.0,0.0,0.0,0.0,0.0,125.0,87.0,0.0,0.0,3.0,0.0,1.0,100.0,0,2.0,8.0,4.0,1,2,0,0,0,0,0,0,0
544,Ernest Nuamah,29,FW,24,0,0,0,0,0,3.0,12051.0,60.0,148.0,33.3,4694.700000000001,4529.4,1844.1,744.2,238.90000000000003,6.0,4.0,66.67,3.0,2.0,1.0,3.0,0.0,3.0,0.0,0,1,109,0.0,0.0,0.0,0.0,0.0,0.0,0.0,0.0,0.0,29.0,69.0,0.0,0.0,2.0,50.0,1.0,100.0,0,2.0,58.0,6.0,2,2,0,0,0,0,0,0,0
545,Prince Adu,29,FW,25,0,0,0,0,0,3.0,6266.0,31.0,70.0,33.7,2242.7,2520.7000000000003,895.0999999999999,425.1,182.8,1.0,1.0,100.0,1.0,0.0,0.0,1.0,0.0,0.0,0.0,0,0,62,0.0,1.0,0.0,1.0,0.0,0.0,0.25,0.0,0.0,5.0,80.0,0.0,0.0,0.0,0.0,0.0,0.0,0,0.0,25.0,4.0,4,0,0,0,0,0,0,0,0
546,Marvin Senaya,29,DF,26,0,0,0,0,0,4.0,31108.0,171.0,285.0,31.6,11826.8,13386.5,3360.8,1843.7,690.8000000000001,31.0,20.0,64.52,3.0,18.0,10.0,26.0,3.0,2.0,8.0,0,0,312,0.0,0.0,0.0,0.0,0.0,0.0,0.0,0.0,0.0,91.0,82.0,8.0,25.0,4.0,75.0,1.0,100.0,0,34.0,89.0,24.0,6,4,0,0,0,0,0,0,0
547,Johny Placide,39,GK,1,0,0,0,0,0,3.0,12869.0,4.0,16.0,23.6,10398.7,2248.6,179.0,42.400000000000006,0.0,51.0,18.0,35.29,0.0,2.0,49.0,51.0,0.0,0.0,0.0,0,0,306,0.0,0.0,0.0,0.0,0.0,0.0,0.0,0.0,0.0,105.0,64.0,0.0,0.0,2.0,0.0,0.0,0.0,0,0.0,0.0,0.0,0,0,1,0,0,0,13,56,48
548,Carlens Arcus,39,DF,2,0,0,0,0,0,3.0,18006.0,86.0,247.0,30.2,6494.4,7234.1,2673.6000000000004,1253.8,350.79999999999995,13.0,9.0,69.23,0.0,7.0,6.0,12.0,0.0,1.0,2.0,0,0,171,0.0,0.0,0.0,0.0,0.0,0.0,0.0,0.0,0.0,61.0,89.0,2.0,50.0,1.0,0.0,0.0,0.0,0,12.0,34.0,11.0,5,3,1,0,0,2,0,0,0
549,Keeto Thermoncy,39,DF,3,0,0,0,0,0,0.0,0.0,0.0,0.0,0.0,0.0,0.0,0.0,0.0,0.0,0.0,0.0,0.0,0.0,0.0,0.0,0.0,0.0,0.0,0.0,0,0,0,0.0,0.0,0.0,0.0,0.0,0.0,0.0,0.0,0.0,0.0,0.0,0.0,0.0,0.0,0.0,0.0,0.0,0,0.0,0.0,0.0,0,0,0,0,0,0,0,0,0
550,Ricardo Ade,39,DF,4,0,0,0,0,0,3.0,28827.0,95.0,310.0,30.7,11648.0,11908.6,3731.6,1160.6,378.30000000000007,41.0,31.0,75.61,11.0,11.0,19.0,40.0,0.0,1.0,0.0,0,0,306,1.0,4.0,0.0,2.0,2.0,2.0,0.17,0.0,0.0,136.0,89.0,0.0,0.0,5.0,40.0,1.0,100.0,0,3.0,24.0,5.0,6,4,0,0,0,0,0,0,0
551,Hannes Delcroix,39,DF,5,0,0,0,0,0,3.0,30006.0,89.0,298.0,32.2,11424.5,13647.4,3404.9,1049.1999999999998,480.2000000000001,40.0,37.0,92.5,8.0,29.0,3.0,39.0,0.0,1.0,1.0,0,0,306,0.0,0.0,0.0,0.0,0.0,0.0,0.0,0.0,0.0,151.0,97.0,1.0,0.0,2.0,50.0,1.0,100.0,0,9.0,21.0,9.0,1,2,0,0,0,0,0,0,0
552,Carl Sainte,39,MF,6,0,0,0,0,0,0.0,0.0,0.0,0.0,0.0,0.0,0.0,0.0,0.0,0.0,0.0,0.0,0.0,0.0,0.0,0.0,0.0,0.0,0.0,0.0,0,0,0,0.0,0.0,0.0,0.0,0.0,0.0,0.0,0.0,0.0,0.0,0.0,0.0,0.0,0.0,0.0,0.0,0.0,0,0.0,0.0,0.0,0,0,0,0,0,0,0,0,0
553,Derrick Etienne,39,FW,7,0,0,0,0,0,1.0,1842.0,8.0,26.0,33.7,601.6,706.4,306.1,118.6,109.2,2.0,0.0,0.0,1.0,1.0,0.0,2.0,0.0,0.0,1.0,0,0,14,0.0,0.0,0.0,0.0,0.0,0.0,0.0,0.0,1.0,8.0,50.0,2.0,50.0,2.0,0.0,0.0,0.0,0,0.0,2.0,0.0,0,0,0,0,0,0,0,0,0
554,Martin Experience,39,DF,8,0,0,0,0,0,3.0,33997.0,187.0,447.0,32.9,10666.8,14860.4,5235.200000000001,2295.2,939.3,29.0,19.0,65.52,7.0,15.0,7.0,26.0,0.0,3.0,6.0,0,0,306,0.0,1.0,0.0,0.0,1.0,0.0,0.01,0.0,0.0,111.0,84.0,6.0,0.0,6.0,33.0,3.0,100.0,0,26.0,91.0,26.0,7,6,0,0,0,0,0,0,0
555,Duckens Nazon,39,FW,9,0,0,0,0,0,1.0,2597.0,8.0,27.0,27.7,1243.3,929.3,308.0,65.6,50.8,1.0,0.0,0.0,1.0,0.0,0.0,1.0,0.0,0.0,0.0,0,0,31,0.0,0.0,0.0,0.0,0.0,0.0,0.0,0.0,0.0,3.0,33.0,0.0,0.0,0.0,0.0,0.0,0.0,0,1.0,6.0,0.0,0,1,1,0,0,0,0,0,0
556,Jean-Ricner Bellegarde,39,MF,10,0,0,0,0,0,3.0,32370.0,112.0,431.0,34.2,10798.9,14816.0,5145.5,1333.0,276.7,45.0,30.0,66.67,18.0,9.0,18.0,34.0,6.0,5.0,2.0,0,0,292,0.0,6.0,0.0,1.0,5.0,1.0,0.29,0.0,5.0,130.0,86.0,12.0,25.0,5.0,60.0,4.0,100.0,0,13.0,89.0,17.0,4,5,1,0,0,0,0,0,0
557,Louicius Deedson,39,FW,11,0,0,0,0,0,3.0,13277.0,67.0,145.0,32.0,5202.4,5025.0,1775.1,914.9,359.4,9.0,5.0,55.56,2.0,5.0,2.0,4.0,2.0,3.0,4.0,0,0,129,0.0,2.0,0.0,1.0,1.0,0.0,0.05,0.0,1.0,15.0,87.0,5.0,20.0,5.0,60.0,0.0,0.0,0,3.0,30.0,4.0,3,1,0,0,0,1,0,0,0
558,Alexandre Pierre,39,GK,12,0,0,0,0,0,0.0,0.0,0.0,0.0,0.0,0.0,0.0,0.0,0.0,0.0,0.0,0.0,0.0,0.0,0.0,0.0,0.0,0.0,0.0,0.0,0,0,0,0.0,0.0,0.0,0.0,0.0,0.0,0.0,0.0,0.0,0.0,0.0,0.0,0.0,0.0,0.0,0.0,0.0,0,0.0,0.0,0.0,0,0,0,0,0,0,0,0,0
559,Markhus Lacroix,39,DF,13,0,0,0,0,0,0.0,0.0,0.0,0.0,0.0,0.0,0.0,0.0,0.0,0.0,0.0,0.0,0.0,0.0,0.0,0.0,0.0,0.0,0.0,0.0,0,0,0,0.0,0.0,0.0,0.0,0.0,0.0,0.0,0.0,0.0,0.0,0.0,0.0,0.0,0.0,0.0,0.0,0.0,0,0.0,0.0,0.0,0,0,0,0,0,0,0,0,0
560,Garven Metusala,39,DF,14,0,0,0,0,0,0.0,0.0,0.0,0.0,0.0,0.0,0.0,0.0,0.0,0.0,0.0,0.0,0.0,0.0,0.0,0.0,0.0,0.0,0.0,0.0,0,0,0,0.0,0.0,0.0,0.0,0.0,0.0,0.0,0.0,0.0,0.0,0.0,0.0,0.0,0.0,0.0,0.0,0.0,0,0.0,0.0,0.0,0,0,0,0,0,0,0,0,0
561,Ruben Providence,39,FW,15,0,0,0,0,0,3.0,24005.0,115.0,312.0,34.0,8824.4,9584.3,3467.5,1489.1,640.1,7.0,5.0,71.43,2.0,4.0,1.0,4.0,1.0,2.0,6.0,0,0,237,1.0,4.0,0.0,4.0,0.0,0.0,0.19,0.0,1.0,48.0,88.0,7.0,29.0,3.0,67.0,0.0,0.0,0,7.0,100.0,9.0,3,4,0,0,0,0,0,0,0
562,Lenny Joseph,39,FW,16,0,0,0,0,0,3.0,12923.0,60.0,120.0,32.2,5494.2,5025.7,1365.3,750.9000000000001,286.3,5.0,2.0,40.0,4.0,1.0,0.0,4.0,0.0,1.0,0.0,0,0,134,0.0,2.0,0.0,2.0,0.0,0.0,0.33,0.0,0.0,20.0,65.0,0.0,0.0,3.0,33.0,1.0,100.0,0,4.0,43.0,5.0,6,1,0,0,0,0,0,0,0
563,Danley Jean Jacques,39,MF,17,0,0,0,0,0,3.0,33150.0,138.0,470.0,33.3,10608.7,14311.3,5811.1,1868.2,550.6,29.0,27.0,93.1,9.0,15.0,5.0,27.0,1.0,1.0,2.0,0,0,288,0.0,0.0,0.0,0.0,0.0,0.0,0.0,0.0,0.0,116.0,88.0,2.0,0.0,1.0,0.0,3.0,100.0,0,11.0,78.0,25.0,5,3,1,0,0,0,0,0,0
564,Wilson Isidor,39,FW,18,1,1,0,0,1,3.0,22700.0,110.0,287.0,33.7,8681.1,8665.1,3298.6000000000004,1430.1,624.5999999999999,7.0,6.0,85.71,2.0,2.0,3.0,7.0,0.0,0.0,0.0,1,0,201,0.0,0.0,0.0,0.0,0.0,0.0,0.0,0.0,0.0,21.0,86.0,0.0,0.0,1.0,100.0,0.0,0.0,0,7.0,88.0,1.0,3,2,0,0,0,1,0,0,0
565,Yassin Fortune,39,FW,19,0,0,0,0,0,1.0,1501.0,5.0,24.0,28.2,501.2,602.8,302.8,59.7,34.8,2.0,1.0,50.0,0.0,2.0,0.0,1.0,0.0,1.0,0.0,0,0,13,0.0,0.0,0.0,0.0,0.0,0.0,0.0,0.0,0.0,5.0,100.0,0.0,0.0,0.0,0.0,0.0,0.0,0,0.0,0.0,0.0,0,1,0,0,0,0,0,0,0
566,Frantzdy Pierrot,39,FW,20,0,0,0,0,0,3.0,17983.0,61.0,210.0,30.5,5662.8,8910.099999999999,2255.5,897.1,257.1,0.0,0.0,0.0,0.0,0.0,0.0,0.0,0.0,0.0,0.0,0,0,168,0.0,0.0,0.0,0.0,0.0,0.0,0.0,0.0,0.0,17.0,76.0,0.0,0.0,0.0,0.0,0.0,0.0,0,3.0,41.0,3.0,5,4,1,0,0,2,0,0,0
567,Josue Casimir,39,FW,21,0,0,0,0,0,3.0,20981.0,113.0,246.0,34.4,8704.5,7327.7,2690.9,1522.9,734.9000000000001,11.0,8.0,72.73,2.0,6.0,3.0,9.0,0.0,2.0,2.0,0,0,208,0.0,1.0,0.0,0.0,1.0,0.0,0.01,0.0,0.0,52.0,83.0,2.0,0.0,3.0,33.0,0.0,0.0,0,9.0,81.0,13.0,4,4,1,0,0,0,0,0,0
568,Jean-Kevin Duverne,39,DF,22,0,0,0,0,0,2.0,19174.0,82.0,209.0,33.5,7607.5,7763.6,2221.6000000000004,1075.0,506.7,20.0,15.0,75.0,3.0,8.0,9.0,16.0,0.0,4.0,2.0,0,1,186,0.0,1.0,0.0,1.0,0.0,0.0,0.03,0.0,0.0,69.0,86.0,2.0,50.0,1.0,100.0,0.0,0.0,0,3.0,56.0,9.0,2,1,0,0,0,1,0,0,0
569,Josue Duverger,39,GK,23,0,0,0,0,0,0.0,0.0,0.0,0.0,0.0,0.0,0.0,0.0,0.0,0.0,0.0,0.0,0.0,0.0,0.0,0.0,0.0,0.0,0.0,0.0,0,0,0,0.0,0.0,0.0,0.0,0.0,0.0,0.0,0.0,0.0,0.0,0.0,0.0,0.0,0.0,0.0,0.0,0.0,0,0.0,0.0,0.0,0,0,0,0,0,0,0,0,0
570,Wilguens Paugain,39,DF,24,0,0,0,0,0,0.0,0.0,0.0,0.0,0.0,0.0,0.0,0.0,0.0,0.0,0.0,0.0,0.0,0.0,0.0,0.0,0.0,0.0,0.0,0.0,0,0,0,0.0,0.0,0.0,0.0,0.0,0.0,0.0,0.0,0.0,0.0,0.0,0.0,0.0,0.0,0.0,0.0,0.0,0,0.0,0.0,0.0,0,0,0,0,0,0,0,0,0
571,Dominique Simon,39,MF,25,0,0,0,0,0,2.0,7878.0,36.0,150.0,30.5,2315.7,3195.6000000000004,1774.8000000000002,509.1,83.2,10.0,4.0,40.0,2.0,5.0,3.0,9.0,0.0,1.0,0.0,0,0,68,1.0,1.0,0.0,0.0,1.0,0.0,0.01,0.0,1.0,30.0,73.0,1.0,100.0,2.0,0.0,0.0,0.0,0,2.0,26.0,6.0,1,1,0,0,0,0,0,0,0
572,Woodensky Pierre,39,MF,26,0,0,0,0,0,0.0,0.0,0.0,0.0,0.0,0.0,0.0,0.0,0.0,0.0,0.0,0.0,0.0,0.0,0.0,0.0,0.0,0.0,0.0,0.0,0,0,0,0.0,0.0,0.0,0.0,0.0,0.0,0.0,0.0,0.0,0.0,0.0,0.0,0.0,0.0,0.0,0.0,0.0,0,0.0,0.0,0.0,0,0,0,0,0,0,0,0,0
573,Alireza Beiranvand,30,GK,1,0,0,0,0,0,3.0,13336.0,0.0,19.0,21.5,11776.7,1378.8,171.0,9.3,0.0,49.0,24.0,48.98,2.0,4.0,43.0,49.0,0.0,0.0,0.0,0,0,309,0.0,0.0,0.0,0.0,0.0,0.0,0.0,0.0,0.0,93.0,67.0,0.0,0.0,2.0,0.0,1.0,100.0,0,0.0,0.0,0.0,0,1,0,0,0,0,15,75,65
574,Saleh Hardani,30,DF,2,0,0,0,0,0,2.0,10102.0,37.0,105.0,31.7,4423.200000000001,3998.7,1086.3,408.7,184.8,17.0,9.0,52.94,2.0,5.0,10.0,17.0,0.0,0.0,1.0,0,0,107,0.0,0.0,0.0,0.0,0.0,0.0,0.0,0.0,0.0,29.0,72.0,1.0,0.0,0.0,0.0,0.0,0.0,0,5.0,46.0,6.0,0,2,0,0,0,0,0,0,0
575,Ehsan Hajisafi,30,DF,3,0,0,0,0,0,2.0,11464.0,48.0,134.0,28.2,4099.4,5065.2,1563.6999999999998,606.8,129.2,8.0,2.0,25.0,1.0,2.0,5.0,7.0,0.0,1.0,2.0,0,0,104,0.0,0.0,0.0,0.0,0.0,0.0,0.0,0.0,0.0,20.0,55.0,2.0,0.0,2.0,0.0,1.0,100.0,0,1.0,27.0,2.0,2,1,1,0,0,0,0,0,0
576,Shoja Khalilzadeh,30,DF,4,0,0,0,0,0,3.0,28815.0,78.0,255.0,32.0,13749.6,11019.3,2865.3,917.9,262.6,33.0,17.0,51.52,9.0,5.0,19.0,33.0,0.0,0.0,0.0,0,0,309,0.0,0.0,0.0,0.0,0.0,0.0,0.0,0.0,0.0,141.0,84.0,0.0,0.0,1.0,0.0,2.0,100.0,0,8.0,26.0,12.0,4,0,1,0,0,1,0,0,0
577,Milad Mohammadi,30,DF,5,0,0,0,0,0,3.0,26001.0,142.0,299.0,30.7,9372.2,10445.8,3581.8,1958.9,641.8000000000001,28.0,17.0,60.71,0.0,9.0,19.0,25.0,0.0,3.0,4.0,0,0,235,0.0,0.0,0.0,0.0,0.0,0.0,0.0,0.0,0.0,80.0,83.0,4.0,0.0,4.0,75.0,0.0,0.0,0,23.0,62.0,22.0,1,1,0,0,0,2,0,0,0
578,Saeid Ezatolahi,30,MF,6,0,0,0,0,0,3.0,32836.0,65.0,406.0,26.7,11953.0,15067.5,4763.099999999999,988.8,64.0,35.0,24.0,68.57,12.0,8.0,15.0,33.0,0.0,2.0,0.0,0,0,298,0.0,0.0,0.0,0.0,0.0,0.0,0.0,0.0,0.0,99.0,79.0,0.0,0.0,4.0,50.0,0.0,0.0,0,22.0,96.0,22.0,7,4,2,0,0,0,0,0,0
579,Alireza Jahanbakhsh,30,MF,7,0,0,0,0,0,2.0,6517.0,30.0,84.0,30.1,2454.0,2513.4,1049.2,360.9,139.6,2.0,1.0,50.0,0.0,0.0,2.0,2.0,0.0,0.0,2.0,0,0,58,0.0,0.0,0.0,0.0,0.0,0.0,0.0,0.0,0.0,11.0,64.0,2.0,50.0,1.0,100.0,0.0,0.0,0,2.0,20.0,0.0,2,0,0,0,0,0,0,0,0
580,Mohammad Mohebbi,30,MF,8,1,1,0,0,1,3.0,30776.0,170.0,470.0,32.3,11105.5,10345.8,6036.8,2424.7,862.9,14.0,6.0,42.86,0.0,7.0,7.0,14.0,0.0,0.0,1.0,1,0,271,0.0,0.0,0.0,0.0,0.0,0.0,0.0,0.0,0.0,69.0,71.0,1.0,0.0,3.0,33.0,1.0,0.0,0,8.0,133.0,15.0,1,1,0,0,0,0,0,0,0
581,Mehdi Taremi,30,FW,9,0,0,0,0,0,3.0,30405.0,156.0,345.0,34.0,11427.2,12374.7,3893.3,1935.8,774.4,10.0,4.0,40.0,3.0,2.0,5.0,7.0,1.0,2.0,2.0,0,0,293,0.0,0.0,0.0,0.0,0.0,0.0,0.0,0.0,0.0,71.0,82.0,2.0,0.0,4.0,25.0,0.0,0.0,0,17.0,100.0,7.0,3,5,0,0,0,2,0,0,0
582,Mehdi Ghayedi,30,FW,10,0,0,0,0,0,1.0,4683.0,24.0,50.0,30.2,1961.9,1649.6,624.5,287.8,159.4,2.0,2.0,100.0,0.0,1.0,1.0,2.0,0.0,0.0,2.0,0,0,50,0.0,0.0,0.0,0.0,0.0,0.0,0.0,0.0,0.0,9.0,67.0,3.0,33.0,1.0,100.0,0.0,0.0,0,3.0,13.0,2.0,2,1,0,0,0,0,0,0,0
583,Ali Alipour,30,FW,11,0,0,0,0,0,1.0,4656.0,27.0,51.0,29.9,1651.0,1981.4,601.7,328.4,93.3,2.0,2.0,100.0,0.0,1.0,1.0,1.0,0.0,1.0,0.0,0,0,42,0.0,0.0,0.0,0.0,0.0,0.0,0.0,0.0,0.0,8.0,50.0,0.0,0.0,1.0,100.0,0.0,0.0,0,2.0,13.0,4.0,1,1,0,0,0,0,0,0,0
584,Payam Niazmand,30,GK,12,0,0,0,0,0,0.0,0.0,0.0,0.0,0.0,0.0,0.0,0.0,0.0,0.0,0.0,0.0,0.0,0.0,0.0,0.0,0.0,0.0,0.0,0.0,0,0,0,0.0,0.0,0.0,0.0,0.0,0.0,0.0,0.0,0.0,0.0,0.0,0.0,0.0,0.0,0.0,0.0,0.0,0,0.0,0.0,0.0,0,0,0,0,0,0,0,0,0
585,Hossein Kanani,30,DF,13,0,0,0,0,0,2.0,14749.0,27.0,123.0,28.1,6518.7,6383.299999999999,1384.1,383.6,79.5,10.0,9.0,90.0,2.0,3.0,5.0,8.0,0.0,2.0,0.0,0,0,154,0.0,0.0,0.0,0.0,0.0,0.0,0.0,0.0,0.0,34.0,97.0,0.0,0.0,0.0,0.0,3.0,67.0,0,2.0,17.0,5.0,1,0,1,0,0,0,0,0,0
586,Saman Ghoddos,30,MF,14,0,0,0,0,0,3.0,26207.0,99.0,338.0,29.4,7650.0,12870.5,4151.6,1311.6999999999998,223.3,21.0,12.0,57.14,5.0,6.0,10.0,20.0,0.0,1.0,1.0,0,0,228,0.0,0.0,0.0,0.0,0.0,0.0,0.0,0.0,0.0,64.0,70.0,1.0,100.0,6.0,50.0,2.0,100.0,0,9.0,102.0,18.0,3,0,0,0,0,1,0,0,0
587,Roozbeh Cheshmi,30,MF,15,0,0,0,0,0,0.0,0.0,0.0,0.0,0.0,0.0,0.0,0.0,0.0,0.0,0.0,0.0,0.0,0.0,0.0,0.0,0.0,0.0,0.0,0.0,0,0,0,0.0,0.0,0.0,0.0,0.0,0.0,0.0,0.0,0.0,0.0,0.0,0.0,0.0,0.0,0.0,0.0,0.0,0,0.0,0.0,0.0,0,0,0,0,0,0,0,0,0
588,Mehdi Torabi,30,MF,16,0,0,0,0,0,1.0,3462.0,18.0,65.0,27.6,1254.6,1237.8,699.0,256.6,13.7,7.0,4.0,57.14,3.0,3.0,1.0,6.0,1.0,0.0,2.0,0,0,29,0.0,0.0,0.0,0.0,0.0,0.0,0.0,0.0,0.0,20.0,85.0,2.0,0.0,1.0,100.0,0.0,0.0,0,1.0,13.0,1.0,0,0,0,0,0,0,0,0,0
589,Arya Yousefi,30,DF,17,0,0,0,0,0,1.0,5813.0,31.0,84.0,30.6,1962.9,2347.1,980.3,431.9,91.1,3.0,2.0,66.67,1.0,1.0,1.0,3.0,0.0,0.0,0.0,0,0,51,0.0,0.0,0.0,0.0,0.0,0.0,0.0,0.0,0.0,18.0,89.0,0.0,0.0,0.0,0.0,0.0,0.0,0,1.0,12.0,2.0,0,1,0,0,0,0,0,0,0
590,Amirhossein Hosseinzadeh,30,FW,18,0,0,0,0,0,2.0,3200.0,17.0,47.0,29.0,879.1,1448.4,564.7,240.5,67.3,5.0,3.0,60.0,3.0,2.0,0.0,4.0,0.0,1.0,0.0,0,0,26,0.0,0.0,0.0,0.0,0.0,0.0,0.0,0.0,0.0,14.0,71.0,0.0,0.0,3.0,67.0,1.0,100.0,0,3.0,13.0,3.0,0,0,0,0,0,0,0,0,0
591,Ali Nemati,30,DF,19,0,0,0,0,0,3.0,31614.0,108.0,369.0,32.9,13016.3,12632.1,4032.1,1326.6,606.7,28.0,15.0,53.57,1.0,9.0,18.0,27.0,1.0,0.0,3.0,0,0,309,0.0,0.0,0.0,0.0,0.0,0.0,0.0,0.0,0.0,129.0,88.0,3.0,33.0,3.0,0.0,2.0,100.0,0,5.0,24.0,10.0,3,0,1,0,0,1,0,0,0
592,Shahriyar Moghanloo,30,FW,20,0,0,0,0,0,3.0,12254.0,47.0,168.0,28.9,4240.5,5223.0,1950.0,691.2,149.60000000000002,4.0,1.0,25.0,1.0,1.0,2.0,4.0,0.0,0.0,2.0,0,0,108,0.0,0.0,0.0,0.0,0.0,0.0,0.0,0.0,0.0,25.0,60.0,2.0,0.0,2.0,50.0,1.0,0.0,0,6.0,52.0,4.0,1,1,0,0,0,1,0,0,0
593,Mohammad Ghorbani,30,MF,21,0,0,0,0,0,1.0,12482.0,53.0,191.0,28.1,3799.0,5706.0,2110.4,763.9,102.5,6.0,3.0,50.0,3.0,2.0,1.0,6.0,0.0,0.0,0.0,0,0,104,0.0,0.0,0.0,0.0,0.0,0.0,0.0,0.0,0.0,19.0,84.0,0.0,0.0,0.0,0.0,0.0,0.0,0,5.0,23.0,3.0,2,1,0,0,0,0,0,0,0
594,Hossein Hosseini,30,GK,22,0,0,0,0,0,0.0,0.0,0.0,0.0,0.0,0.0,0.0,0.0,0.0,0.0,0.0,0.0,0.0,0.0,0.0,0.0,0.0,0.0,0.0,0.0,0,0,0,0.0,0.0,0.0,0.0,0.0,0.0,0.0,0.0,0.0,0.0,0.0,0.0,0.0,0.0,0.0,0.0,0.0,0,0.0,0.0,0.0,0,0,0,0,0,0,0,0,0
595,Ramin Rezaeian,30,DF,23,2,2,0,0,2,3.0,34995.0,170.0,458.0,31.6,11850.6,14875.2,5429.9,2264.0,575.0999999999999,50.0,31.0,62.0,6.0,15.0,29.0,42.0,5.0,3.0,8.0,2,1,309,2.0,4.0,50.0,4.0,0.0,0.0,0.97,2.06,7.0,98.0,69.0,17.0,29.0,12.0,50.0,0.0,0.0,0,9.0,82.0,10.0,2,3,0,0,0,1,0,0,0
596,Dennis Dargahi,30,FW,24,0,0,0,0,0,0.0,0.0,0.0,0.0,0.0,0.0,0.0,0.0,0.0,0.0,0.0,0.0,0.0,0.0,0.0,0.0,0.0,0.0,0.0,0.0,0,0,0,0.0,0.0,0.0,0.0,0.0,0.0,0.0,0.0,0.0,0.0,0.0,0.0,0.0,0.0,0.0,0.0,0.0,0,0.0,0.0,0.0,0,0,0,0,0,0,0,0,0
597,Danial Iri,30,DF,25,0,0,0,0,0,0.0,0.0,0.0,0.0,0.0,0.0,0.0,0.0,0.0,0.0,0.0,0.0,0.0,0.0,0.0,0.0,0.0,0.0,0.0,0.0,0,0,0,0.0,0.0,0.0,0.0,0.0,0.0,0.0,0.0,0.0,0.0,0.0,0.0,0.0,0.0,0.0,0.0,0.0,0,0.0,0.0,0.0,0,0,0,0,0,0,0,0,0
598,Amirmohammad Razaghinia,30,MF,26,0,0,0,0,0,0.0,0.0,0.0,0.0,0.0,0.0,0.0,0.0,0.0,0.0,0.0,0.0,0.0,0.0,0.0,0.0,0.0,0.0,0.0,0.0,0,0,0,0.0,0.0,0.0,0.0,0.0,0.0,0.0,0.0,0.0,0.0,0.0,0.0,0.0,0.0,0.0,0.0,0.0,0,0.0,0.0,0.0,0,0,0,0,0,0,0,0,0
599,Fahad Talib,40,GK,1,0,0,0,0,0,0.0,0.0,0.0,0.0,0.0,0.0,0.0,0.0,0.0,0.0,0.0,0.0,0.0,0.0,0.0,0.0,0.0,0.0,0.0,0.0,0,0,0,0.0,0.0,0.0,0.0,0.0,0.0,0.0,0.0,0.0,0.0,0.0,0.0,0.0,0.0,0.0,0.0,0.0,0,0.0,0.0,0.0,0,0,0,0,0,0,0,0,0
600,Rebin Sulaka,40,DF,2,0,0,0,0,0,2.0,4424.0,15.0,41.0,30.7,1616.3000000000002,2038.0,522.7,192.0,54.5,8.0,3.0,37.5,1.0,3.0,4.0,8.0,0.0,0.0,0.0,0,0,41,0.0,0.0,0.0,0.0,0.0,0.0,0.0,0.0,0.0,29.0,79.0,0.0,0.0,0.0,0.0,3.0,33.0,0,2.0,1.0,1.0,1,0,0,1,0,0,0,0,0
601,Hussein Ali,40,DF,3,0,0,0,0,0,2.0,18211.0,71.0,179.0,32.1,7272.099999999999,7472.700000000001,2126.9,840.5999999999999,499.1,14.0,9.0,64.29,2.0,6.0,6.0,11.0,0.0,3.0,2.0,0,0,174,0.0,0.0,0.0,0.0,0.0,0.0,0.0,0.0,0.0,40.0,80.0,2.0,0.0,2.0,100.0,0.0,0.0,0,9.0,20.0,3.0,1,0,0,0,0,1,0,0,0
602,Zaid Tahseen,40,DF,4,0,0,0,0,0,2.0,16808.0,49.0,179.0,31.9,6375.9,7566.3,2074.2,516.2,275.4,21.0,13.0,61.9,6.0,1.0,14.0,21.0,0.0,0.0,0.0,0,0,165,0.0,0.0,0.0,0.0,0.0,0.0,0.0,0.0,0.0,64.0,83.0,0.0,0.0,3.0,0.0,1.0,100.0,0,1.0,6.0,2.0,3,2,1,0,0,0,0,0,0
603,Akam Hashim,40,DF,5,0,0,0,0,0,3.0,28098.0,79.0,270.0,33.7,11881.0,11615.3,3315.0,911.2,375.4,35.0,21.0,60.0,8.0,11.0,16.0,35.0,0.0,0.0,0.0,0,0,303,0.0,0.0,0.0,0.0,0.0,0.0,0.0,0.0,0.0,148.0,85.0,0.0,0.0,3.0,33.0,1.0,100.0,0,3.0,16.0,7.0,0,3,0,0,0,0,0,0,0
604,Munaf Younus,40,DF,6,0,0,0,0,0,1.0,8750.0,22.0,63.0,30.1,3899.6,3733.8,740.5,297.6,78.2,5.0,4.0,80.0,2.0,2.0,1.0,5.0,0.0,0.0,0.0,0,0,89,0.0,0.0,0.0,0.0,0.0,0.0,0.0,0.0,0.0,19.0,89.0,0.0,0.0,0.0,0.0,0.0,0.0,0,2.0,11.0,5.0,0,0,0,0,0,0,0,0,0
605,Youssef Amyn,40,MF,7,0,0,0,0,0,1.0,3955.0,18.0,52.0,28.3,1088.9,2050.6,578.5,207.0,29.9,1.0,1.0,100.0,0.0,1.0,0.0,0.0,0.0,1.0,0.0,0,0,32,0.0,0.0,0.0,0.0,0.0,0.0,0.0,0.0,0.0,6.0,83.0,0.0,0.0,0.0,0.0,0.0,0.0,0,2.0,25.0,4.0,0,0,0,0,0,0,0,0,0
606,Ibrahim Bayesh,40,MF,8,0,0,0,0,0,3.0,27586.0,112.0,331.0,31.9,10729.7,11082.4,3930.4,1351.0,492.4,14.0,7.0,50.0,3.0,6.0,5.0,10.0,0.0,4.0,1.0,0,0,259,0.0,0.0,0.0,0.0,0.0,0.0,0.0,0.0,0.0,48.0,83.0,1.0,0.0,3.0,33.0,0.0,0.0,0,14.0,120.0,14.0,3,5,0,0,0,0,0,0,0
607,Ali Alhamadi,40,FW,9,0,0,0,0,0,3.0,22671.0,112.0,258.0,33.5,7445.4,10700.5,2786.1,1332.6,406.9,2.0,2.0,100.0,1.0,1.0,0.0,2.0,0.0,0.0,0.0,0,0,201,0.0,0.0,0.0,0.0,0.0,0.0,0.0,0.0,0.0,35.0,74.0,0.0,0.0,0.0,0.0,0.0,0.0,0,13.0,71.0,11.0,1,5,0,0,0,0,0,0,0
608,Mohanad Ali,40,FW,10,0,0,0,0,0,1.0,2368.0,16.0,36.0,28.9,775.2,979.7,368.1,198.6,46.3,0.0,0.0,0.0,0.0,0.0,0.0,0.0,0.0,0.0,0.0,0,0,20,0.0,0.0,0.0,0.0,0.0,0.0,0.0,0.0,0.0,2.0,50.0,0.0,0.0,0.0,0.0,0.0,0.0,0,1.0,14.0,1.0,0,0,0,0,0,0,0,0,0
609,Ahmed Qasem,40,FW,11,0,0,0,0,0,3.0,15459.0,78.0,215.0,32.0,5475.200000000001,6387.299999999999,2293.8,992.8,310.1,2.0,2.0,100.0,1.0,1.0,0.0,2.0,0.0,0.0,1.0,0,0,135,0.0,0.0,0.0,0.0,0.0,0.0,0.0,0.0,0.0,16.0,81.0,1.0,0.0,1.0,100.0,0.0,0.0,0,3.0,81.0,6.0,0,1,0,0,0,0,0,0,0
610,Jalal Hassan,40,GK,12,0,0,0,0,0,2.0,7079.0,2.0,9.0,24.2,5811.9,1166.6,77.3,22.8,0.0,27.0,14.0,51.85,6.0,0.0,21.0,27.0,0.0,0.0,0.0,0,0,154,0.0,0.0,0.0,0.0,0.0,0.0,0.0,0.0,0.0,51.0,65.0,0.0,0.0,0.0,0.0,0.0,0.0,0,0.0,0.0,0.0,0,1,0,0,0,0,7,51,45
611,Ali Yousif,40,FW,13,0,0,0,0,0,1.0,4540.0,22.0,69.0,32.4,1549.7,1786.3,715.4,338.1,150.2,0.0,0.0,0.0,0.0,0.0,0.0,0.0,0.0,0.0,0.0,0,0,38,0.0,0.0,0.0,0.0,0.0,0.0,0.0,0.0,0.0,4.0,100.0,0.0,0.0,0.0,0.0,0.0,0.0,0,2.0,17.0,1.0,1,0,0,0,0,0,0,0,0
612,Zidane Iqbal,40,MF,14,0,0,0,0,0,3.0,24228.0,61.0,352.0,30.2,7356.6,11539.7,4255.0,882.0,194.7,32.0,26.0,81.25,13.0,10.0,9.0,29.0,0.0,3.0,0.0,0,0,210,0.0,0.0,0.0,0.0,0.0,0.0,0.0,0.0,0.0,128.0,92.0,1.0,100.0,2.0,50.0,5.0,100.0,0,6.0,59.0,10.0,1,2,0,0,0,0,0,0,0
613,Ahmed Maknazi,40,DF,15,0,0,0,0,0,1.0,4276.0,16.0,55.0,29.7,1621.4,1782.9,548.5,227.8,95.7,2.0,1.0,50.0,1.0,1.0,0.0,2.0,0.0,0.0,0.0,0,0,38,0.0,0.0,0.0,0.0,0.0,0.0,0.0,0.0,0.0,5.0,60.0,0.0,0.0,0.0,0.0,0.0,0.0,0,2.0,23.0,5.0,0,0,0,0,0,0,0,0,0
614,Amir Alammari,40,MF,16,0,0,0,0,0,3.0,30575.0,104.0,383.0,31.4,10958.3,13145.899999999998,4514.0,1421.8,535.1,43.0,28.0,65.12,13.0,15.0,15.0,42.0,1.0,0.0,3.0,0,1,279,0.0,0.0,0.0,0.0,0.0,0.0,0.0,0.0,3.0,125.0,79.0,7.0,43.0,7.0,57.0,0.0,0.0,0,19.0,64.0,19.0,3,0,2,0,0,0,0,0,0
615,Ali Jasim,40,FW,17,0,0,0,0,0,2.0,15704.0,92.0,252.0,29.6,4532.700000000001,6645.3,3034.3,1244.2,247.1,9.0,7.0,77.78,2.0,4.0,3.0,8.0,1.0,0.0,3.0,0,0,144,0.0,0.0,0.0,0.0,0.0,0.0,0.0,0.0,0.0,36.0,81.0,5.0,0.0,4.0,75.0,1.0,100.0,0,27.0,58.0,8.0,1,0,0,0,0,0,0,0,0
616,Aymen Hussein,40,FW,18,1,1,0,1,2,2.0,12558.0,54.0,126.0,31.2,5731.6,4519.5,1424.6,573.5,308.8,3.0,2.0,66.67,1.0,0.0,2.0,3.0,0.0,0.0,0.0,1,0,128,0.0,0.0,0.0,0.0,0.0,0.0,0.0,0.0,0.0,16.0,75.0,0.0,0.0,3.0,67.0,0.0,0.0,1,5.0,60.0,3.0,2,1,0,0,0,0,0,0,0
617,Kevin Yakob,40,MF,19,0,0,0,0,0,1.0,3609.0,15.0,47.0,27.8,1131.9,1706.4,551.4,190.1,29.3,3.0,2.0,66.67,1.0,1.0,1.0,3.0,0.0,0.0,0.0,0,0,29,0.0,0.0,0.0,0.0,0.0,0.0,0.0,0.0,0.0,12.0,75.0,0.0,0.0,1.0,0.0,0.0,0.0,0,1.0,18.0,2.0,1,0,0,0,0,0,0,0,0
618,Aimar Sher,40,MF,20,0,0,0,0,0,1.0,3139.0,6.0,41.0,24.6,900.6,1715.7,432.0,90.8,0.0,5.0,4.0,80.0,3.0,0.0,2.0,5.0,0.0,0.0,1.0,0,0,24,0.0,0.0,0.0,0.0,0.0,0.0,0.0,0.0,0.0,22.0,91.0,1.0,0.0,0.0,0.0,0.0,0.0,0,0.0,4.0,2.0,0,0,0,0,0,0,0,0,0
619,Marko Farji,40,FW,21,0,0,0,0,0,2.0,6976.0,30.0,96.0,31.9,2513.9,2954.8,1047.1,349.3,110.5,4.0,1.0,25.0,2.0,0.0,2.0,1.0,1.0,2.0,2.0,0,0,62,0.0,0.0,0.0,0.0,0.0,0.0,0.0,0.0,0.0,11.0,64.0,2.0,50.0,1.0,100.0,0.0,0.0,0,2.0,34.0,2.0,0,2,0,0,0,0,0,0,0
620,Ahmed Basil,40,GK,22,0,0,0,0,0,2.0,7048.0,2.0,10.0,25.5,5824.9,1106.6,89.0,23.700000000000003,4.1,29.0,8.0,27.59,1.0,0.0,28.0,29.0,0.0,0.0,0.0,0,0,149,0.0,0.0,0.0,0.0,0.0,0.0,0.0,0.0,0.0,71.0,59.0,0.0,0.0,3.0,0.0,0.0,0.0,0,0.0,0.0,0.0,0,1,0,0,0,0,3,43,36
621,Merchas Doski,40,DF,23,0,0,0,0,0,3.0,31441.0,128.0,307.0,32.1,11322.7,14234.2,3452.2,1723.4,708.7,52.0,33.0,63.46,13.0,16.0,23.0,46.0,2.0,4.0,3.0,0,0,303,0.0,0.0,0.0,0.0,0.0,0.0,0.0,0.0,0.0,141.0,82.0,3.0,67.0,13.0,23.0,1.0,100.0,0,4.0,65.0,25.0,3,8,1,0,0,0,0,0,0
622,Zaid Ismael,40,MF,24,0,0,0,0,0,2.0,16240.0,58.0,243.0,30.8,4294.1,7898.099999999999,2966.3,779.9,302.3,15.0,9.0,60.0,11.0,2.0,2.0,14.0,0.0,1.0,0.0,0,0,126,0.0,0.0,0.0,0.0,0.0,0.0,0.0,0.0,0.0,71.0,89.0,0.0,0.0,0.0,0.0,1.0,0.0,0,3.0,52.0,17.0,2,0,0,0,0,0,0,0,0
623,Mustafa Saadoon,40,DF,25,0,0,0,0,0,1.0,2483.0,15.0,26.0,31.6,1059.9,863.5,289.0,190.1,80.4,0.0,0.0,0.0,0.0,0.0,0.0,0.0,0.0,0.0,0.0,0,0,24,0.0,0.0,0.0,0.0,0.0,0.0,0.0,0.0,0.0,1.0,100.0,0.0,0.0,0.0,0.0,0.0,0.0,0,0.0,6.0,2.0,2,0,0,0,0,0,0,0,0
624,Frans Putros,40,DF,26,0,0,0,0,0,1.0,10283.0,32.0,106.0,28.6,4286.1,4212.7,1154.7,495.0,134.7,16.0,14.0,87.5,3.0,7.0,6.0,16.0,0.0,0.0,1.0,0,0,105,0.0,0.0,0.0,0.0,0.0,0.0,0.0,0.0,0.0,28.0,93.0,1.0,0.0,2.0,100.0,1.0,100.0,0,1.0,26.0,5.0,2,0,0,0,0,0,0,0,0
625,Zion Suzuki,20,GK,1,0,0,0,0,0,4.0,20433.0,5.0,38.0,25.7,14563.1,5453.4,350.20000000000005,59.3,7.2,48.0,21.0,43.75,8.0,1.0,39.0,48.0,0.0,0.0,0.0,0,0,405,0.0,0.0,0.0,0.0,0.0,0.0,0.0,0.0,0.0,109.0,70.0,0.0,0.0,6.0,17.0,0.0,0.0,0,0.0,0.0,0.0,0,1,0,0,0,0,17,78,64
626,Yukinari Sugawara,20,DF,2,0,0,0,0,0,4.0,18768.0,72.0,195.0,32.6,7438.0,7867.0,2227.6,968.9,266.1,26.0,11.0,42.31,7.0,4.0,15.0,24.0,2.0,0.0,5.0,0,0,181,0.0,0.0,0.0,0.0,0.0,0.0,0.0,0.0,0.0,73.0,71.0,5.0,20.0,4.0,25.0,2.0,50.0,0,5.0,36.0,4.0,3,1,0,0,0,0,0,0,0
627,Shogo Taniguchi,20,DF,3,0,0,0,0,0,3.0,24757.0,56.0,189.0,30.8,10289.0,11410.8,2265.3,638.0,153.8,21.0,17.0,80.95,6.0,10.0,5.0,21.0,0.0,0.0,1.0,0,0,267,0.0,0.0,0.0,0.0,0.0,0.0,0.0,0.0,0.0,127.0,96.0,1.0,0.0,1.0,0.0,0.0,0.0,0,3.0,11.0,4.0,2,1,1,0,0,0,0,0,0
628,Kou Itakura,20,DF,4,0,0,0,0,0,2.0,13382.0,34.0,116.0,30.9,5460.1,5970.700000000001,1410.0,389.4,151.9,9.0,7.0,77.78,2.0,3.0,4.0,9.0,0.0,0.0,0.0,0,1,138,0.0,0.0,0.0,0.0,0.0,0.0,0.0,0.0,0.0,110.0,97.0,0.0,0.0,1.0,100.0,0.0,0.0,0,4.0,4.0,2.0,1,0,0,0,0,0,0,0,0
629,Yuto Nagatomo,20,DF,5,0,0,0,0,0,1.0,2552.0,9.0,38.0,28.6,896.4,1071.0,384.8,121.2,78.3,2.0,1.0,50.0,2.0,0.0,0.0,2.0,0.0,0.0,1.0,0,0,0,0.0,0.0,0.0,0.0,0.0,0.0,0.0,0.0,0.0,0.0,0.0,0.0,0.0,0.0,0.0,0.0,0.0,0,0.0,0.0,0.0,0,0,0,0,0,0,0,0,0
630,Shuto Machino,20,FW,6,0,0,0,0,0,1.0,2488.0,8.0,27.0,32.6,903.7,1128.8,290.8,94.5,69.9,2.0,1.0,50.0,0.0,0.0,2.0,2.0,0.0,0.0,1.0,0,0,23,0.0,0.0,0.0,0.0,0.0,0.0,0.0,0.0,0.0,4.0,75.0,1.0,0.0,0.0,0.0,1.0,100.0,0,1.0,4.0,1.0,1,0,0,0,0,0,0,0,0
631,Ao Tanaka,20,MF,7,0,0,0,0,0,3.0,23492.0,67.0,285.0,32.0,8475.3,10801.1,3131.5,853.4000000000001,230.9,33.0,27.0,81.82,16.0,13.0,4.0,31.0,0.0,2.0,0.0,0,0,225,0.0,0.0,0.0,0.0,0.0,0.0,0.0,0.0,0.0,160.0,91.0,0.0,0.0,1.0,0.0,0.0,0.0,0,12.0,89.0,34.0,6,2,0,0,0,0,0,0,0
632,Takefusa Kubo,20,MF,8,0,0,0,0,0,1.0,7809.0,32.0,85.0,31.2,3160.2,2971.3,1104.2,391.8,181.4,9.0,6.0,66.67,2.0,3.0,4.0,8.0,0.0,1.0,0.0,0,1,77,0.0,1.0,0.0,0.0,1.0,0.0,0.01,0.0,0.0,16.0,75.0,0.0,0.0,2.0,50.0,0.0,0.0,0,0.0,49.0,3.0,1,1,0,0,0,0,0,0,0
633,Keisuke Goto,20,FW,9,0,0,0,0,0,1.0,1396.0,10.0,15.0,31.1,497.1,454.9,180.4,126.1,137.8,1.0,1.0,100.0,1.0,0.0,0.0,1.0,0.0,0.0,0.0,0,0,11,0.0,0.0,0.0,0.0,0.0,0.0,0.0,0.0,0.0,1.0,100.0,0.0,0.0,1.0,100.0,0.0,0.0,0,1.0,6.0,3.0,0,1,0,0,0,0,0,0,0
634,Ritsu Doan,20,MF,10,0,0,0,0,0,4.0,32576.0,152.0,346.0,31.3,11809.6,13701.6,4344.1,2075.0,645.9,24.0,15.0,62.5,9.0,10.0,5.0,21.0,1.0,2.0,4.0,0,1,295,0.0,1.0,0.0,0.0,1.0,0.0,0.02,0.0,1.0,105.0,85.0,5.0,0.0,5.0,80.0,0.0,0.0,0,9.0,114.0,19.0,6,5,0,0,0,0,0,0,0
635,Daizen Maeda,20,MF,11,1,1,0,0,1,3.0,32326.0,239.0,432.0,35.0,11044.5,12043.9,5143.9,2750.6000000000004,1343.3000000000002,6.0,5.0,83.33,3.0,3.0,0.0,5.0,0.0,1.0,3.0,1,0,271,0.0,0.0,0.0,0.0,0.0,0.0,0.0,0.0,0.0,30.0,93.0,3.0,0.0,1.0,100.0,0.0,0.0,0,18.0,125.0,22.0,2,1,0,0,0,1,0,0,0
636,Keisuke Osako,20,GK,12,0,0,0,0,0,0.0,0.0,0.0,0.0,0.0,0.0,0.0,0.0,0.0,0.0,0.0,0.0,0.0,0.0,0.0,0.0,0.0,0.0,0.0,0.0,0,0,0,0.0,0.0,0.0,0.0,0.0,0.0,0.0,0.0,0.0,0.0,0.0,0.0,0.0,0.0,0.0,0.0,0.0,0,0.0,0.0,0.0,0,0,0,0,0,0,0,0,0
637,Keito Nakamura,20,MF,13,1,1,0,0,1,4.0,36946.0,180.0,497.0,33.1,12838.5,15321.600000000002,5967.8,2205.4,612.7,28.0,22.0,78.57,3.0,18.0,7.0,25.0,0.0,3.0,9.0,1,1,330,2.0,5.0,20.0,2.0,3.0,0.0,0.17,5.98,0.0,117.0,85.0,9.0,33.0,10.0,80.0,0.0,0.0,0,9.0,80.0,11.0,3,1,0,0,0,1,0,0,0
638,Junya Ito,20,MF,14,1,1,0,0,1,4.0,24422.0,108.0,233.0,33.3,9197.9,10400.0,2879.1,1333.5,611.5,26.0,15.0,57.69,7.0,11.0,8.0,19.0,3.0,4.0,6.0,1,0,242,0.0,0.0,0.0,0.0,0.0,0.0,0.0,0.0,0.0,85.0,76.0,17.0,35.0,10.0,60.0,1.0,100.0,0,6.0,77.0,5.0,2,5,0,0,0,0,0,0,0
639,Daichi Kamada,20,MF,15,2,2,0,0,2,4.0,38789.0,128.0,423.0,31.4,14165.5,17452.7,5044.4,1792.5,334.0,49.0,37.0,75.51,11.0,21.0,17.0,48.0,1.0,0.0,2.0,2,0,359,0.0,0.0,0.0,0.0,0.0,0.0,0.0,0.0,0.0,200.0,85.0,4.0,50.0,6.0,50.0,3.0,100.0,0,13.0,116.0,22.0,2,4,1,0,0,1,0,0,0
640,Tsuyoshi Watanabe,20,DF,16,0,0,0,0,0,2.0,9544.0,28.0,100.0,32.9,3909.7,4018.5,1138.0,335.0,142.6,9.0,7.0,77.78,2.0,3.0,4.0,9.0,0.0,0.0,2.0,0,0,99,0.0,0.0,0.0,0.0,0.0,0.0,0.0,0.0,0.0,34.0,91.0,2.0,50.0,0.0,0.0,0.0,0.0,0,4.0,8.0,3.0,0,1,0,0,0,0,0,0,0
641,Yuito Suzuki,20,MF,17,0,0,0,0,0,1.0,2227.0,14.0,32.0,33.6,732.8,731.2,405.7,143.2,213.8,0.0,0.0,0.0,0.0,0.0,0.0,0.0,0.0,0.0,0.0,0,0,17,0.0,0.0,0.0,0.0,0.0,0.0,0.0,0.0,0.0,4.0,100.0,0.0,0.0,0.0,0.0,0.0,0.0,0,0.0,7.0,2.0,0,0,0,0,0,0,0,0,0
642,Ayase Ueda,20,FW,18,2,2,0,0,2,4.0,36608.0,141.0,385.0,33.3,13753.6,15874.999999999998,4503.7,1799.3,676.3,6.0,3.0,50.0,2.0,3.0,1.0,5.0,0.0,1.0,1.0,2,1,349,4.0,9.0,22.0,5.0,4.0,2.0,0.63,3.15,0.0,35.0,74.0,1.0,0.0,4.0,50.0,0.0,0.0,0,11.0,173.0,9.0,6,4,0,0,0,1,0,0,0
643,Koki Ogawa,20,FW,19,0,0,0,0,0,3.0,5940.0,29.0,78.0,28.1,2246.4,2393.1000000000004,883.3,338.90000000000003,78.0,0.0,0.0,0.0,0.0,0.0,0.0,0.0,0.0,0.0,0.0,0,1,56,0.0,3.0,0.0,3.0,0.0,2.0,0.22,0.0,0.0,3.0,100.0,0.0,0.0,0.0,0.0,0.0,0.0,0,3.0,18.0,0.0,1,0,0,0,0,0,0,0,0
644,Ayumu Seko,20,DF,20,0,0,0,0,0,2.0,9713.0,26.0,105.0,29.2,3831.0,4188.5,1257.5,326.9,109.2,14.0,8.0,57.14,5.0,5.0,4.0,14.0,0.0,0.0,0.0,0,0,97,0.0,0.0,0.0,0.0,0.0,0.0,0.0,0.0,0.0,50.0,84.0,0.0,0.0,2.0,0.0,0.0,0.0,0,1.0,3.0,2.0,1,0,0,0,0,0,0,0,0
645,Hiroki Ito,20,DF,21,0,0,0,0,0,4.0,39534.0,119.0,358.0,32.9,17140.6,16298.2,4033.7,1450.9,610.3000000000001,65.0,50.0,76.92,5.0,39.0,21.0,60.0,4.0,1.0,10.0,0,0,405,0.0,0.0,0.0,0.0,0.0,0.0,0.0,0.0,0.0,199.0,89.0,10.0,20.0,11.0,27.0,2.0,50.0,0,23.0,34.0,14.0,7,0,0,0,0,0,0,0,0
646,Takehiro Tomiyasu,20,DF,22,0,0,0,0,0,3.0,21029.0,53.0,202.0,30.2,7932.400000000001,9842.0,2466.1,639.1999999999999,149.6,45.0,30.0,66.67,5.0,22.0,18.0,44.0,1.0,0.0,1.0,0,0,208,0.0,0.0,0.0,0.0,0.0,0.0,0.0,0.0,0.0,127.0,86.0,1.0,0.0,6.0,33.0,2.0,0.0,0,4.0,24.0,11.0,5,2,0,0,0,0,0,0,0
647,Tomoki Hayakawa,20,GK,23,0,0,0,0,0,0.0,0.0,0.0,0.0,0.0,0.0,0.0,0.0,0.0,0.0,0.0,0.0,0.0,0.0,0.0,0.0,0.0,0.0,0.0,0.0,0,0,0,0.0,0.0,0.0,0.0,0.0,0.0,0.0,0.0,0.0,0.0,0.0,0.0,0.0,0.0,0.0,0.0,0.0,0,0.0,0.0,0.0,0,0,0,0,0,0,0,0,0
648,Kaishu Sano,20,MF,24,1,1,0,0,1,3.0,34502.0,114.0,411.0,31.1,11641.0,16064.6,4827.8,1513.2,455.2000000000001,24.0,22.0,91.67,8.0,14.0,2.0,23.0,0.0,1.0,1.0,1,1,303,1.0,1.0,100.0,0.0,1.0,0.0,0.09,11.52,0.0,131.0,95.0,1.0,100.0,1.0,100.0,1.0,100.0,0,10.0,108.0,14.0,4,1,1,0,0,0,0,0,0
649,Junnosuke Suzuki,20,DF,25,0,0,0,0,0,2.0,5758.0,34.0,68.0,29.2,2194.2,2139.4,806.1,492.9,124.8,3.0,1.0,33.33,1.0,2.0,0.0,2.0,1.0,0.0,1.0,0,0,58,0.0,0.0,0.0,0.0,0.0,0.0,0.0,0.0,0.0,7.0,86.0,1.0,0.0,1.0,0.0,0.0,0.0,0,0.0,22.0,4.0,2,0,1,0,0,0,0,0,0
650,Kento Shiogai,20,FW,26,0,0,0,0,0,1.0,1755.0,11.0,20.0,32.8,467.1,768.2,279.1,125.8,115.2,1.0,1.0,100.0,1.0,0.0,0.0,1.0,0.0,0.0,0.0,0,0,12,0.0,0.0,0.0,0.0,0.0,0.0,0.0,0.0,0.0,1.0,100.0,0.0,0.0,0.0,0.0,0.0,0.0,0,0.0,6.0,2.0,0,0,0,0,0,0,0,0,0
651,Yazeed Abulaila,41,GK,1,0,0,0,0,0,3.0,13586.0,2.0,9.0,23.5,11637.5,1836.6,92.1,20.4,0.0,35.0,12.0,34.29,1.0,1.0,33.0,35.0,0.0,0.0,0.0,0,0,309,0.0,0.0,0.0,0.0,0.0,0.0,0.0,0.0,0.0,66.0,64.0,0.0,0.0,3.0,33.0,0.0,0.0,0,0.0,0.0,0.0,0,0,0,0,0,0,8,70,56
652,Mohammad Abuhasheesh,41,DF,2,0,0,0,0,0,1.0,1660.0,12.0,25.0,27.6,486.5,679.0,253.5,212.1,29.5,1.0,1.0,100.0,0.0,0.0,1.0,1.0,0.0,0.0,0.0,0,0,13,0.0,0.0,0.0,0.0,0.0,0.0,0.0,0.0,0.0,3.0,100.0,0.0,0.0,0.0,0.0,0.0,0.0,0,0.0,7.0,2.0,0,0,0,0,0,0,0,0,0
653,Abdallah Nasib,41,DF,3,0,0,0,0,0,3.0,26870.0,86.0,269.0,32.4,10885.7,11454.9,3112.2,1098.6,318.6,51.0,34.0,66.67,8.0,19.0,24.0,51.0,0.0,0.0,0.0,0,0,287,0.0,0.0,0.0,0.0,0.0,0.0,0.0,0.0,0.0,97.0,72.0,0.0,0.0,1.0,0.0,0.0,0.0,0,12.0,38.0,6.0,1,1,0,0,0,0,0,0,0
654,Husam Abudahab,41,DF,4,0,0,0,0,0,2.0,19849.0,75.0,206.0,32.4,7695.1,8791.6,2143.5,845.4000000000001,373.0,31.0,19.0,61.29,6.0,11.0,14.0,31.0,0.0,0.0,0.0,0,0,190,0.0,0.0,0.0,0.0,0.0,0.0,0.0,0.0,0.0,58.0,74.0,0.0,0.0,1.0,100.0,0.0,0.0,0,4.0,42.0,14.0,2,1,1,0,0,0,0,0,0
655,Yazan Alarab,41,DF,5,0,0,0,1,1,3.0,28271.0,78.0,258.0,32.4,11810.4,12404.0,2805.3,925.9,325.29999999999995,30.0,22.0,73.33,7.0,12.0,11.0,26.0,0.0,4.0,0.0,0,0,309,0.0,0.0,0.0,0.0,0.0,0.0,0.0,0.0,0.0,106.0,89.0,0.0,0.0,1.0,0.0,0.0,0.0,1,10.0,28.0,16.0,4,0,1,0,0,0,0,0,0
656,Amer Jamous,41,MF,6,0,0,0,0,0,1.0,2137.0,10.0,48.0,27.1,535.0,962.5,467.5,152.2,19.8,1.0,1.0,100.0,1.0,0.0,0.0,1.0,0.0,0.0,0.0,0,0,19,0.0,0.0,0.0,0.0,0.0,0.0,0.0,0.0,0.0,4.0,100.0,0.0,0.0,0.0,0.0,0.0,0.0,0,2.0,26.0,2.0,1,0,0,0,0,0,0,0,0
657,Mohammad Abuzraiq,41,FW,7,0,0,0,0,0,2.0,1643.0,15.0,24.0,31.4,402.3,684.0999999999999,330.8,165.4,60.4,1.0,0.0,0.0,0.0,0.0,1.0,1.0,0.0,0.0,0.0,0,0,12,0.0,0.0,0.0,0.0,0.0,0.0,0.0,0.0,0.0,5.0,80.0,0.0,0.0,0.0,0.0,0.0,0.0,0,0.0,10.0,3.0,1,0,1,0,0,0,0,0,0
658,Noor Alrawabdeh,41,MF,8,0,0,0,0,0,3.0,38422.0,142.0,635.0,32.3,10032.9,18841.0,7282.200000000001,1905.7,360.4,39.0,23.0,58.97,13.0,7.0,19.0,38.0,0.0,1.0,0.0,0,1,309,0.0,1.0,0.0,0.0,1.0,0.0,0.03,0.0,0.0,111.0,76.0,0.0,0.0,10.0,40.0,5.0,80.0,0,20.0,182.0,22.0,1,0,0,0,0,0,0,0,0
659,Ali Olwan,41,FW,9,1,1,0,0,1,3.0,33573.0,138.0,411.0,33.4,11652.4,14692.2,4650.6,1773.1,804.2,11.0,7.0,63.64,5.0,4.0,2.0,9.0,0.0,2.0,8.0,1,0,297,0.0,0.0,0.0,0.0,0.0,0.0,0.0,0.0,0.0,48.0,75.0,8.0,38.0,4.0,50.0,1.0,100.0,0,11.0,154.0,7.0,1,4,0,0,0,1,0,0,0
660,Mousa Altamari,41,FW,10,1,1,0,0,1,3.0,23120.0,120.0,243.0,34.6,9323.3,8510.8,2809.6,1421.1,1055.0,10.0,7.0,70.0,7.0,3.0,0.0,7.0,0.0,3.0,1.0,1,1,230,3.0,8.0,13.0,4.0,4.0,0.0,1.13,0.89,0.0,36.0,78.0,1.0,100.0,4.0,75.0,0.0,0.0,0,10.0,82.0,7.0,2,3,0,0,0,1,0,0,0
661,Odeh Fakhoury,41,FW,11,0,0,0,0,0,3.0,18713.0,98.0,275.0,34.5,5814.9,8297.5,2944.7,1227.7,428.2,4.0,3.0,75.0,2.0,1.0,1.0,3.0,0.0,1.0,1.0,0,0,163,0.0,0.0,0.0,0.0,0.0,0.0,0.0,0.0,0.0,21.0,81.0,1.0,0.0,0.0,0.0,1.0,100.0,0,7.0,99.0,5.0,2,4,0,0,0,1,0,0,0
662,Nour Baniateyah,41,GK,12,0,0,0,0,0,0.0,0.0,0.0,0.0,0.0,0.0,0.0,0.0,0.0,0.0,0.0,0.0,0.0,0.0,0.0,0.0,0.0,0.0,0.0,0.0,0,0,0,0.0,0.0,0.0,0.0,0.0,0.0,0.0,0.0,0.0,0.0,0.0,0.0,0.0,0.0,0.0,0.0,0.0,0,0.0,0.0,0.0,0,0,0,0,0,0,0,0,0
663,Mahmoud Almardi,41,FW,13,0,0,0,0,0,3.0,18862.0,87.0,328.0,30.1,5337.8,8422.0,3736.2,1188.8,176.70000000000002,14.0,9.0,64.29,3.0,2.0,9.0,9.0,4.0,1.0,3.0,0,0,152,0.0,0.0,0.0,0.0,0.0,0.0,0.0,0.0,0.0,39.0,82.0,7.0,14.0,5.0,60.0,0.0,0.0,0,6.0,90.0,16.0,4,2,0,0,0,0,0,0,0
664,Rajaei Ayed,41,MF,14,0,0,0,0,0,0.0,0.0,0.0,0.0,0.0,0.0,0.0,0.0,0.0,0.0,0.0,0.0,0.0,0.0,0.0,0.0,0.0,0.0,0.0,0.0,0,0,0,0.0,0.0,0.0,0.0,0.0,0.0,0.0,0.0,0.0,0.0,0.0,0.0,0.0,0.0,0.0,0.0,0.0,0,0.0,0.0,0.0,0,0,0,0,0,0,0,0,0
665,Ibrahim Sadeh,41,MF,15,0,0,0,0,0,0.0,0.0,0.0,0.0,0.0,0.0,0.0,0.0,0.0,0.0,0.0,0.0,0.0,0.0,0.0,0.0,0.0,0.0,0.0,0.0,0,0,0,0.0,0.0,0.0,0.0,0.0,0.0,0.0,0.0,0.0,0.0,0.0,0.0,0.0,0.0,0.0,0.0,0.0,0,0.0,0.0,0.0,0,0,0,0,0,0,0,0,0
666,Mohammad Abualnadi,41,DF,16,0,0,0,0,0,1.0,8416.0,31.0,115.0,31.2,2401.1,4107.4,1246.2,385.0,276.3,12.0,9.0,75.0,2.0,5.0,5.0,12.0,0.0,0.0,0.0,0,0,75,0.0,0.0,0.0,0.0,0.0,0.0,0.0,0.0,0.0,31.0,77.0,0.0,0.0,0.0,0.0,0.0,0.0,0,2.0,6.0,3.0,0,0,0,0,0,0,0,0,0
667,Saleem Obaid,41,DF,17,0,0,0,0,0,3.0,4205.0,19.0,43.0,26.7,1355.1,2078.2,500.7000000000001,259.5,11.3,7.0,3.0,42.86,1.0,3.0,3.0,7.0,0.0,0.0,0.0,0,0,43,0.0,0.0,0.0,0.0,0.0,0.0,0.0,0.0,0.0,18.0,67.0,0.0,0.0,0.0,0.0,0.0,0.0,0,2.0,6.0,3.0,1,0,0,0,0,0,0,0,0
668,Mohammad Abughoush,41,MF,18,0,0,0,0,0,0.0,0.0,0.0,0.0,0.0,0.0,0.0,0.0,0.0,0.0,0.0,0.0,0.0,0.0,0.0,0.0,0.0,0.0,0.0,0.0,0,0,0,0.0,0.0,0.0,0.0,0.0,0.0,0.0,0.0,0.0,0.0,0.0,0.0,0.0,0.0,0.0,0.0,0.0,0,0.0,0.0,0.0,0,0,0,0,0,0,0,0,0
669,Saed Alrosan,41,DF,19,0,0,0,0,0,1.0,2425.0,12.0,36.0,31.0,733.8,1163.8,371.7,132.1,23.7,2.0,2.0,100.0,0.0,1.0,1.0,2.0,0.0,0.0,0.0,0,0,22,0.0,0.0,0.0,0.0,0.0,0.0,0.0,0.0,0.0,13.0,92.0,0.0,0.0,0.0,0.0,0.0,0.0,0,1.0,3.0,1.0,0,0,0,0,0,0,0,0,0
670,Mohannad Abutaha,41,MF,20,0,0,0,0,0,3.0,31861.0,170.0,423.0,31.8,11187.8,13269.8,4683.5,2200.0,520.3,30.0,15.0,50.0,5.0,11.0,14.0,27.0,1.0,2.0,6.0,0,0,296,0.0,0.0,0.0,0.0,0.0,0.0,0.0,0.0,0.0,87.0,68.0,6.0,50.0,6.0,50.0,2.0,0.0,0,21.0,98.0,21.0,2,2,1,0,0,0,0,0,0
671,Nizar Alrashdan,41,MF,21,1,1,0,0,1,3.0,31944.0,103.0,407.0,31.1,9549.2,16087.1,4577.8,1346.3,383.8,22.0,14.0,63.64,8.0,3.0,11.0,20.0,0.0,2.0,0.0,1,0,289,0.0,0.0,0.0,0.0,0.0,0.0,0.0,0.0,0.0,80.0,78.0,0.0,0.0,7.0,43.0,2.0,100.0,0,15.0,149.0,17.0,5,4,0,0,0,0,0,0,0
672,Abdallah Alfakhori,41,GK,22,0,0,0,0,0,0.0,0.0,0.0,0.0,0.0,0.0,0.0,0.0,0.0,0.0,0.0,0.0,0.0,0.0,0.0,0.0,0.0,0.0,0.0,0.0,0,0,0,0.0,0.0,0.0,0.0,0.0,0.0,0.0,0.0,0.0,0.0,0.0,0.0,0.0,0.0,0.0,0.0,0.0,0,0.0,0.0,0.0,0,0,0,0,0,0,0,0,0
673,Ehsan Haddad,41,DF,23,0,0,0,0,0,3.0,30919.0,118.0,384.0,30.9,11453.8,13103.1,4317.299999999999,1631.2,413.4,28.0,17.0,60.71,3.0,13.0,12.0,23.0,4.0,1.0,7.0,0,1,287,0.0,1.0,0.0,1.0,0.0,0.0,0.03,0.0,0.0,73.0,74.0,7.0,29.0,9.0,78.0,0.0,0.0,0,13.0,80.0,18.0,3,1,0,0,0,0,0,0,0
674,Ali Azaizeh,41,FW,24,0,0,0,0,0,3.0,9229.0,40.0,129.0,30.0,2829.3,4266.700000000001,1497.0,507.0,129.1,2.0,2.0,100.0,0.0,2.0,0.0,1.0,0.0,1.0,0.0,0,0,78,0.0,0.0,0.0,0.0,0.0,0.0,0.0,0.0,0.0,13.0,92.0,1.0,0.0,0.0,0.0,0.0,0.0,0,3.0,47.0,3.0,1,1,0,0,0,0,0,0,0
675,Mohammad Aldaoud,41,MF,25,0,0,0,0,0,1.0,1620.0,7.0,28.0,25.9,479.3,674.9,356.9,100.6,8.5,2.0,0.0,0.0,0.0,1.0,1.0,2.0,0.0,0.0,0.0,0,0,15,0.0,0.0,0.0,0.0,0.0,0.0,0.0,0.0,0.0,5.0,40.0,0.0,0.0,1.0,0.0,0.0,0.0,0,0.0,1.0,0.0,0,0,0,0,0,0,0,0,0
676,Anas Badawi,41,DF,26,0,0,0,0,0,0.0,0.0,0.0,0.0,0.0,0.0,0.0,0.0,0.0,0.0,0.0,0.0,0.0,0.0,0.0,0.0,0.0,0.0,0.0,0.0,0,0,0,0.0,0.0,0.0,0.0,0.0,0.0,0.0,0.0,0.0,0.0,0.0,0.0,0.0,0.0,0.0,0.0,0.0,0,0.0,0.0,0.0,0,0,0,0,0,0,0,0,0
677,Seunggyu Kim,31,GK,1,0,0,0,0,0,3.0,15687.0,14.0,37.0,26.9,11625.8,3490.1,407.1,147.39999999999998,16.7,39.0,12.0,30.77,3.0,0.0,36.0,39.0,0.0,0.0,0.0,0,0,300,0.0,0.0,0.0,0.0,0.0,0.0,0.0,0.0,0.0,116.0,73.0,0.0,0.0,9.0,11.0,2.0,50.0,0,0.0,0.0,0.0,0,0,0,0,0,0,11,42,34
678,Hanbeom Lee,31,DF,2,0,0,0,0,0,3.0,31152.0,107.0,365.0,32.3,11982.5,13278.5,4146.700000000001,1298.8,445.4,40.0,30.0,75.0,1.0,24.0,15.0,39.0,1.0,0.0,2.0,0,0,300,0.0,0.0,0.0,0.0,0.0,0.0,0.0,0.0,0.0,200.0,92.0,2.0,50.0,3.0,33.0,1.0,100.0,0,5.0,41.0,22.0,7,3,0,0,0,0,0,0,0
679,Gihyuk Lee,31,MF,3,0,0,0,0,0,3.0,30898.0,125.0,388.0,32.8,11202.5,13246.7,4424.2,1510.6,514.4,55.0,40.0,72.73,9.0,27.0,19.0,51.0,3.0,1.0,4.0,0,0,300,0.0,0.0,0.0,0.0,0.0,0.0,0.0,0.0,0.0,236.0,92.0,4.0,0.0,3.0,0.0,4.0,100.0,0,6.0,19.0,4.0,2,2,1,0,0,0,0,0,0
680,Minjae Kim,31,DF,4,0,0,0,0,0,3.0,26815.0,91.0,264.0,34.4,10721.5,11333.7,3043.8,1073.9,642.2,29.0,25.0,86.21,14.0,9.0,6.0,27.0,0.0,2.0,0.0,0,0,268,0.0,0.0,0.0,0.0,0.0,0.0,0.0,0.0,0.0,226.0,98.0,0.0,0.0,0.0,0.0,0.0,0.0,0,3.0,13.0,4.0,2,0,0,0,0,0,0,0,0
681,Taehyeon Kim,31,DF,5,0,0,0,0,0,0.0,0.0,0.0,0.0,0.0,0.0,0.0,0.0,0.0,0.0,0.0,0.0,0.0,0.0,0.0,0.0,0.0,0.0,0.0,0.0,0,0,0,0.0,0.0,0.0,0.0,0.0,0.0,0.0,0.0,0.0,0.0,0.0,0.0,0.0,0.0,0.0,0.0,0.0,0,0.0,0.0,0.0,0,0,0,0,0,0,0,0,0
682,Inbeom Hwang,31,MF,6,1,1,0,0,1,3.0,32488.0,97.0,372.0,30.6,10162.4,16509.5,4235.299999999999,1271.9,308.9,47.0,38.0,80.85,23.0,12.0,12.0,44.0,1.0,2.0,3.0,1,1,286,2.0,4.0,25.0,2.0,2.0,0.0,0.37,2.74,0.0,218.0,89.0,3.0,67.0,5.0,80.0,2.0,100.0,0,20.0,62.0,10.0,1,1,0,0,0,0,0,0,0
683,Heungmin Son,31,FW,7,0,0,0,0,0,3.0,18757.0,96.0,169.0,35.2,7483.1,7422.5,1901.0,1220.3000000000002,730.3000000000001,8.0,6.0,75.0,3.0,4.0,1.0,7.0,1.0,0.0,0.0,0,0,183,0.0,0.0,0.0,0.0,0.0,0.0,0.0,0.0,0.0,58.0,84.0,3.0,33.0,2.0,50.0,0.0,0.0,0,9.0,54.0,0.0,0,4,0,0,0,2,0,0,0
684,Seungho Paik,31,MF,8,0,0,0,0,0,3.0,23910.0,63.0,269.0,29.3,8266.9,11694.4,3062.6000000000004,785.3,100.1,33.0,25.0,75.76,8.0,13.0,12.0,33.0,0.0,0.0,1.0,0,0,216,0.0,0.0,0.0,0.0,0.0,0.0,0.0,0.0,0.0,152.0,89.0,1.0,0.0,7.0,43.0,1.0,100.0,0,2.0,31.0,5.0,1,2,1,0,0,0,0,0,0
685,Guesung Cho,31,FW,9,0,0,0,0,0,2.0,4408.0,22.0,37.0,30.5,1721.6,1917.6,458.3,227.9,83.10000000000001,0.0,0.0,0.0,0.0,0.0,0.0,0.0,0.0,0.0,0.0,0,0,41,0.0,0.0,0.0,0.0,0.0,0.0,0.0,0.0,0.0,7.0,57.0,0.0,0.0,0.0,0.0,0.0,0.0,0,4.0,13.0,1.0,1,0,1,0,0,0,0,0,0
686,Jaesung Lee,31,MF,10,0,0,0,0,0,2.0,14543.0,85.0,205.0,29.4,4899.700000000001,5971.7,2327.7,1058.1999999999998,285.5,8.0,5.0,62.5,3.0,2.0,3.0,8.0,0.0,0.0,1.0,0,0,125,0.0,0.0,0.0,0.0,0.0,0.0,0.0,0.0,0.0,59.0,78.0,1.0,0.0,2.0,100.0,1.0,0.0,0,10.0,46.0,6.0,1,4,0,0,0,1,0,0,0
687,Heechan Hwang,31,MF,11,0,0,0,0,0,3.0,12926.0,62.0,144.0,30.1,4923.5,5323.5,1647.0,742.8,288.8,10.0,7.0,70.0,1.0,7.0,2.0,9.0,0.0,1.0,1.0,0,0,123,0.0,0.0,0.0,0.0,0.0,0.0,0.0,0.0,0.0,47.0,85.0,1.0,0.0,3.0,100.0,1.0,100.0,0,3.0,25.0,3.0,1,2,0,0,0,0,0,0,0
688,Bumkeun Song,31,GK,12,0,0,0,0,0,0.0,0.0,0.0,0.0,0.0,0.0,0.0,0.0,0.0,0.0,0.0,0.0,0.0,0.0,0.0,0.0,0.0,0.0,0.0,0.0,0,0,0,0.0,0.0,0.0,0.0,0.0,0.0,0.0,0.0,0.0,0.0,0.0,0.0,0.0,0.0,0.0,0.0,0.0,0,0.0,0.0,0.0,0,0,0,0,0,0,0,0,0
689,Taeseok Lee,31,DF,13,0,0,0,0,0,2.0,13303.0,68.0,151.0,32.4,4414.1,5667.1,1862.3,914.9,444.2000000000001,12.0,10.0,83.33,1.0,5.0,6.0,9.0,1.0,2.0,9.0,0,0,120,0.0,0.0,0.0,0.0,0.0,0.0,0.0,0.0,0.0,45.0,87.0,9.0,33.0,4.0,75.0,1.0,100.0,0,4.0,25.0,5.0,3,1,0,0,0,0,0,0,0
690,Wije Cho,31,DF,14,0,0,0,0,0,0.0,0.0,0.0,0.0,0.0,0.0,0.0,0.0,0.0,0.0,0.0,0.0,0.0,0.0,0.0,0.0,0.0,0.0,0.0,0.0,0,0,0,0.0,0.0,0.0,0.0,0.0,0.0,0.0,0.0,0.0,0.0,0.0,0.0,0.0,0.0,0.0,0.0,0.0,0,0.0,0.0,0.0,0,0,0,0,0,0,0,0,0
691,Moonhwan Kim,31,DF,15,0,0,0,0,0,1.0,8571.0,52.0,109.0,32.1,3153.3,3331.7,1273.5,604.8,208.1,3.0,1.0,33.33,0.0,0.0,3.0,3.0,0.0,0.0,0.0,0,0,74,0.0,0.0,0.0,0.0,0.0,0.0,0.0,0.0,0.0,25.0,88.0,0.0,0.0,0.0,0.0,0.0,0.0,0,11.0,19.0,2.0,0,0,0,0,0,0,0,0,0
692,Jinseob Park,31,DF,16,0,0,0,0,0,2.0,4974.0,13.0,64.0,26.0,1773.6,2189.1,774.3000000000001,226.5,10.0,7.0,4.0,57.14,1.0,4.0,2.0,7.0,0.0,0.0,0.0,0,0,44,0.0,0.0,0.0,0.0,0.0,0.0,0.0,0.0,0.0,52.0,94.0,0.0,0.0,1.0,0.0,0.0,0.0,0,1.0,1.0,0.0,0,1,0,0,0,0,0,0,0
693,Junho Bae,31,MF,17,0,0,0,0,0,0.0,0.0,0.0,0.0,0.0,0.0,0.0,0.0,0.0,0.0,0.0,0.0,0.0,0.0,0.0,0.0,0.0,0.0,0.0,0.0,0,0,0,0.0,0.0,0.0,0.0,0.0,0.0,0.0,0.0,0.0,0.0,0.0,0.0,0.0,0.0,0.0,0.0,0.0,0,0.0,0.0,0.0,0,0,0,0,0,0,0,0,0
694,Hyeongyu Oh,31,FW,18,1,1,0,0,1,3.0,15016.0,64.0,158.0,29.7,6080.7,6232.299999999999,1760.5,739.8000000000001,202.8,2.0,1.0,50.0,1.0,0.0,1.0,1.0,0.0,1.0,1.0,1,0,145,0.0,0.0,0.0,0.0,0.0,0.0,0.0,0.0,0.0,22.0,68.0,1.0,0.0,2.0,50.0,0.0,0.0,0,4.0,51.0,5.0,0,1,0,0,0,0,0,0,0
695,Kangin Lee,31,MF,19,0,0,0,0,0,3.0,28434.0,69.0,264.0,28.8,12119.7,12236.9,3064.1,884.8,128.0,44.0,32.0,72.73,7.0,14.0,23.0,38.0,3.0,3.0,11.0,0,1,300,1.0,4.0,0.0,1.0,3.0,0.0,0.15,0.0,9.0,159.0,88.0,20.0,25.0,12.0,75.0,7.0,86.0,0,11.0,81.0,4.0,1,7,1,0,0,0,0,0,0
696,Hyunjun Yang,31,MF,20,0,0,0,0,0,1.0,2936.0,21.0,37.0,32.9,882.2,1329.5,454.1,212.3,58.3,1.0,0.0,0.0,0.0,0.0,1.0,1.0,0.0,0.0,0.0,0,0,25,0.0,0.0,0.0,0.0,0.0,0.0,0.0,0.0,0.0,13.0,69.0,0.0,0.0,0.0,0.0,0.0,0.0,0,2.0,10.0,1.0,1,0,0,0,0,1,0,0,0
697,Hyeonwoo Jo,31,GK,21,0,0,0,0,0,0.0,0.0,0.0,0.0,0.0,0.0,0.0,0.0,0.0,0.0,0.0,0.0,0.0,0.0,0.0,0.0,0.0,0.0,0.0,0.0,0,0,0,0.0,0.0,0.0,0.0,0.0,0.0,0.0,0.0,0.0,0.0,0.0,0.0,0.0,0.0,0.0,0.0,0.0,0,0.0,0.0,0.0,0,0,0,0,0,0,0,0,0
698,Youngwoo Seol,31,DF,22,0,0,0,0,0,3.0,30578.0,155.0,309.0,34.1,11437.1,12288.7,3973.9,1979.4,899.0,21.0,17.0,80.95,3.0,6.0,12.0,20.0,1.0,0.0,11.0,0,0,274,0.0,0.0,0.0,0.0,0.0,0.0,0.0,0.0,0.0,123.0,92.0,11.0,27.0,6.0,83.0,0.0,0.0,0,6.0,41.0,6.0,1,2,0,0,0,4,0,0,0
699,Jens Castrop,31,DF,23,0,0,0,0,0,1.0,5520.0,32.0,40.0,31.2,1950.0,2484.1,555.6,361.9,168.2,4.0,3.0,75.0,0.0,2.0,2.0,2.0,1.0,1.0,4.0,0,0,51,0.0,0.0,0.0,0.0,0.0,0.0,0.0,0.0,0.0,30.0,90.0,4.0,25.0,2.0,100.0,1.0,100.0,0,2.0,13.0,5.0,3,0,0,0,0,0,0,0,0
700,Jingyu Kim,31,MF,24,0,0,0,0,0,2.0,7804.0,26.0,99.0,29.6,2700.2,3508.2,1165.3000000000002,362.6,67.6,23.0,21.0,91.3,8.0,10.0,5.0,22.0,1.0,0.0,1.0,0,0,64,0.0,0.0,0.0,0.0,0.0,0.0,0.0,0.0,0.0,56.0,96.0,1.0,0.0,2.0,100.0,0.0,0.0,0,3.0,16.0,3.0,0,1,0,0,0,0,0,0,0
701,Jisung Eom,31,MF,25,0,0,0,0,0,2.0,6235.0,36.0,72.0,30.9,2180.6,2276.2,1037.7,500.9,239.5,5.0,4.0,80.0,1.0,1.0,3.0,3.0,1.0,1.0,3.0,0,0,53,0.0,0.0,0.0,0.0,0.0,0.0,0.0,0.0,0.0,9.0,100.0,3.0,67.0,2.0,100.0,0.0,0.0,0,0.0,2.0,0.0,0,1,0,0,0,0,0,0,0
702,Donggyeong Lee,31,MF,26,0,0,0,0,0,0.0,0.0,0.0,0.0,0.0,0.0,0.0,0.0,0.0,0.0,0.0,0.0,0.0,0.0,0.0,0.0,0.0,0.0,0.0,0.0,0,0,0,0.0,0.0,0.0,0.0,0.0,0.0,0.0,0.0,0.0,0.0,0.0,0.0,0.0,0.0,0.0,0.0,0.0,0,0.0,0.0,0.0,0,0,0,0,0,0,0,0,0
703,Raul Rangel,8,GK,1,0,0,0,0,0,5.0,25834.0,12.0,71.0,25.8,19866.1,5084.5,724.2,149.20000000000002,9.5,67.0,41.0,61.19,7.0,3.0,57.0,67.0,0.0,0.0,0.0,0,0,494,0.0,0.0,0.0,0.0,0.0,0.0,0.0,0.0,0.0,155.0,77.0,0.0,0.0,4.0,0.0,1.0,100.0,0,0.0,0.0,0.0,1,0,0,0,0,0,8,57,46
704,Jorge Sanchez,8,DF,2,0,0,0,0,0,4.0,42620.0,223.0,485.0,32.6,15065.5,17780.0,5791.4,2609.3,1373.6999999999998,35.0,31.0,88.57,3.0,21.0,11.0,33.0,0.0,2.0,5.0,0,1,388,1.0,1.0,0.0,1.0,0.0,0.0,0.04,0.0,0.0,131.0,92.0,5.0,20.0,1.0,0.0,0.0,0.0,0,16.0,87.0,21.0,5,1,1,0,0,1,0,0,0
705,Cesar Montes,8,DF,3,0,0,0,0,0,4.0,31113.0,84.0,267.0,30.8,13284.8,13456.8,3131.8,977.9,261.79999999999995,42.0,32.0,76.19,14.0,12.0,16.0,40.0,1.0,1.0,2.0,0,0,349,1.0,1.0,0.0,1.0,0.0,1.0,0.06,0.0,0.0,170.0,92.0,2.0,0.0,5.0,40.0,2.0,100.0,0,9.0,14.0,4.0,4,4,0,1,0,0,0,0,0
706,Edson Alvarez,8,DF,4,0,0,0,0,0,4.0,28528.0,104.0,342.0,31.5,10797.7,12136.6,3962.8,1115.4,515.4,43.0,29.0,67.44,17.0,13.0,13.0,41.0,1.0,1.0,2.0,0,0,278,0.0,2.0,0.0,1.0,1.0,1.0,0.19,0.0,0.0,153.0,90.0,2.0,50.0,3.0,0.0,4.0,75.0,0,3.0,37.0,13.0,5,2,1,0,0,0,0,0,0
707,Johan Vasquez,8,DF,5,0,0,0,0,0,4.0,41955.0,132.0,449.0,30.7,16347.4,18194.6,5421.799999999999,1678.4,313.4,40.0,33.0,82.5,5.0,24.0,11.0,38.0,0.0,2.0,0.0,0,0,412,0.0,1.0,0.0,1.0,0.0,1.0,0.22,0.0,0.0,237.0,93.0,0.0,0.0,4.0,50.0,1.0,100.0,0,7.0,14.0,6.0,0,2,1,0,0,0,0,0,0
708,Erik Lira,8,MF,6,0,0,0,0,0,4.0,43503.0,137.0,497.0,33.0,15524.3,19956.2,5874.1,1778.4,369.8,50.0,40.0,80.0,13.0,17.0,20.0,49.0,1.0,0.0,2.0,0,1,391,0.0,0.0,0.0,0.0,0.0,0.0,0.0,0.0,0.0,199.0,91.0,2.0,100.0,2.0,0.0,5.0,100.0,0,17.0,81.0,26.0,3,4,0,0,0,0,0,0,0
709,Luis Romo,8,MF,7,1,1,0,0,1,4.0,32815.0,143.0,483.0,32.2,10933.2,13685.0,5732.1,1896.3,568.5,31.0,23.0,74.19,15.0,6.0,10.0,31.0,0.0,0.0,2.0,1,1,284,1.0,3.0,33.0,1.0,2.0,0.0,0.1,10.05,0.0,106.0,88.0,2.0,50.0,5.0,40.0,0.0,0.0,0,14.0,71.0,12.0,1,3,0,0,0,0,0,0,0
710,Alvaro Fidalgo,8,MF,8,1,1,0,0,1,3.0,15056.0,87.0,232.0,31.4,4489.8,6175.700000000001,2892.6000000000004,1051.8000000000002,446.3,24.0,19.0,79.17,5.0,12.0,7.0,23.0,1.0,0.0,3.0,1,0,117,2.0,3.0,33.0,2.0,1.0,0.0,0.35,2.85,0.0,77.0,94.0,3.0,0.0,3.0,0.0,2.0,100.0,0,6.0,35.0,4.0,0,2,0,0,0,0,0,0,0
711,Raul Jimenez,8,FW,9,3,2,1,0,3,4.0,32083.0,141.0,295.0,33.3,14931.6,11180.3,3798.9,1542.4,630.2,14.0,9.0,64.29,5.0,3.0,6.0,13.0,0.0,1.0,1.0,3,0,348,7.0,18.0,17.0,13.0,5.0,7.0,3.0,1.0,0.0,66.0,73.0,1.0,0.0,8.0,63.0,0.0,0.0,0,27.0,87.0,10.0,7,2,0,0,0,2,0,0,0
712,Alexis Vega,8,FW,10,0,0,0,0,0,1.0,1915.0,10.0,28.0,28.0,633.5,740.5,388.6,104.0,48.9,1.0,0.0,0.0,0.0,1.0,0.0,0.0,0.0,1.0,1.0,0,0,18,0.0,0.0,0.0,0.0,0.0,0.0,0.0,0.0,0.0,10.0,100.0,1.0,0.0,1.0,0.0,0.0,0.0,0,1.0,3.0,0.0,0,0,0,0,0,0,0,0,0
713,Santiago Gimenez,8,FW,11,0,0,0,0,0,4.0,11184.0,40.0,140.0,32.1,4420.3,4556.3,1433.2,515.3,259.2,0.0,0.0,0.0,0.0,0.0,0.0,0.0,0.0,0.0,0.0,0,0,117,1.0,2.0,0.0,2.0,0.0,0.0,0.34,0.0,0.0,13.0,54.0,0.0,0.0,0.0,0.0,0.0,0.0,0,3.0,27.0,3.0,1,3,0,0,0,0,0,0,0
714,Carlos Acevedo,8,GK,12,0,0,0,0,0,0.0,0.0,0.0,0.0,0.0,0.0,0.0,0.0,0.0,0.0,0.0,0.0,0.0,0.0,0.0,0.0,0.0,0.0,0.0,0.0,0,0,0,0.0,0.0,0.0,0.0,0.0,0.0,0.0,0.0,0.0,0.0,0.0,0.0,0.0,0.0,0.0,0.0,0.0,0,0.0,0.0,0.0,0,0,0,0,0,0,0,0,0
715,Guillermo Ochoa,8,GK,13,0,0,0,0,0,1.0,1147.0,0.0,5.0,18.7,763.4,309.0,74.6,0.0,0.0,7.0,3.0,42.86,0.0,0.0,7.0,7.0,0.0,0.0,0.0,0,0,18,0.0,0.0,0.0,0.0,0.0,0.0,0.0,0.0,0.0,9.0,44.0,0.0,0.0,2.0,50.0,0.0,0.0,0,0.0,0.0,0.0,0,0,0,0,0,0,0,3,3
716,Armando Gonzalez,8,FW,14,0,0,0,0,0,1.0,2086.0,14.0,25.0,32.0,748.9,748.0,323.7,186.9,78.4,0.0,0.0,0.0,0.0,0.0,0.0,0.0,0.0,0.0,0.0,0,0,21,0.0,0.0,0.0,0.0,0.0,0.0,0.0,0.0,0.0,1.0,100.0,0.0,0.0,0.0,0.0,0.0,0.0,0,0.0,7.0,0.0,1,0,0,0,0,0,0,0,0
717,Israel Reyes,8,DF,15,0,0,0,0,0,4.0,24824.0,65.0,272.0,30.2,9674.1,10819.3,3083.7000000000003,935.0,311.4,28.0,21.0,75.0,11.0,8.0,9.0,27.0,1.0,0.0,2.0,0,0,237,0.0,2.0,0.0,2.0,0.0,1.0,0.06,0.0,0.0,102.0,91.0,2.0,50.0,2.0,0.0,6.0,67.0,0,3.0,11.0,2.0,1,0,0,0,0,0,0,0,0
718,Julian Quinones,8,FW,16,4,4,0,0,4,5.0,47275.0,251.0,581.0,33.0,17458.7,19021.800000000003,6575.9,2983.3,1235.1,29.0,25.0,86.21,12.0,6.0,11.0,23.0,2.0,4.0,4.0,4,1,440,6.0,14.0,29.0,8.0,6.0,2.0,2.27,1.76,0.0,135.0,82.0,4.0,50.0,7.0,100.0,2.0,100.0,0,13.0,162.0,12.0,5,7,0,0,0,1,0,0,0
719,Orbelin Pineda,8,MF,17,0,0,0,0,0,2.0,5755.0,32.0,87.0,31.4,1683.3000000000002,2505.3,992.4,365.2000000000001,208.7,2.0,1.0,50.0,1.0,1.0,0.0,0.0,0.0,2.0,0.0,0,0,45,0.0,1.0,0.0,1.0,0.0,0.0,0.09,0.0,0.0,5.0,100.0,0.0,0.0,1.0,0.0,0.0,0.0,0,3.0,33.0,1.0,0,2,0,0,0,0,0,0,0
720,Obed Vargas,8,MF,18,0,0,0,0,0,3.0,10045.0,47.0,181.0,31.5,2829.6000000000004,4171.5,2166.5,706.0999999999999,171.2,7.0,5.0,71.43,5.0,2.0,0.0,5.0,0.0,2.0,0.0,0,0,85,1.0,1.0,0.0,0.0,1.0,0.0,0.02,0.0,0.0,22.0,91.0,0.0,0.0,3.0,33.0,0.0,0.0,0,3.0,20.0,2.0,1,0,0,0,0,0,0,0,0
721,Gilberto Mora,8,MF,19,0,0,0,0,0,4.0,25800.0,125.0,370.0,29.5,9128.8,10688.0,4152.0,1527.1,304.5,21.0,18.0,85.71,6.0,14.0,1.0,18.0,0.0,3.0,2.0,0,0,236,0.0,5.0,0.0,3.0,2.0,0.0,0.13,0.0,2.0,87.0,91.0,5.0,20.0,5.0,80.0,1.0,100.0,0,15.0,96.0,9.0,3,3,0,0,0,0,0,0,0
722,Mateo Chavez,8,DF,20,1,1,0,0,1,1.0,8450.0,41.0,96.0,31.3,3337.3,3373.2,1060.5,488.7,190.5,9.0,7.0,77.78,2.0,5.0,2.0,7.0,0.0,2.0,1.0,1,0,81,1.0,1.0,100.0,1.0,0.0,0.0,0.49,2.04,0.0,26.0,88.0,1.0,0.0,2.0,50.0,0.0,0.0,0,5.0,18.0,3.0,1,1,0,0,0,0,0,0,0
723,Cesar Huerta,8,FW,21,0,0,0,0,0,1.0,1580.0,7.0,21.0,28.4,446.5,726.4,270.3,98.9,38.3,0.0,0.0,0.0,0.0,0.0,0.0,0.0,0.0,0.0,0.0,0,0,12,0.0,0.0,0.0,0.0,0.0,0.0,0.0,0.0,0.0,2.0,100.0,0.0,0.0,0.0,0.0,0.0,0.0,0,0.0,4.0,1.0,0,0,0,0,0,0,0,0,0
724,Guillermo Martinez,8,FW,22,0,0,0,0,0,2.0,9362.0,46.0,89.0,29.7,3528.0,4066.9,1112.2,523.4,131.6,1.0,1.0,100.0,0.0,1.0,0.0,1.0,0.0,0.0,1.0,0,0,87,0.0,0.0,0.0,0.0,0.0,0.0,0.0,0.0,0.0,13.0,92.0,1.0,0.0,0.0,0.0,0.0,0.0,0,3.0,41.0,4.0,3,1,0,0,0,0,0,0,0
725,Jesus Gallardo,8,DF,23,0,0,0,0,0,5.0,43286.0,136.0,395.0,33.8,17810.9,18402.6,4776.7,1617.8000000000002,678.6,57.0,36.0,63.16,7.0,20.0,30.0,46.0,5.0,6.0,19.0,0,0,431,0.0,4.0,0.0,2.0,2.0,0.0,0.12,0.0,0.0,167.0,84.0,19.0,21.0,11.0,18.0,2.0,100.0,0,7.0,69.0,19.0,7,3,0,0,0,0,0,0,0
726,Luis Chavez,8,MF,24,0,0,0,0,0,1.0,2877.0,16.0,42.0,27.1,1042.9,1078.7,459.2,249.1,46.8,8.0,8.0,100.0,1.0,6.0,1.0,8.0,0.0,0.0,1.0,0,0,31,0.0,0.0,0.0,0.0,0.0,0.0,0.0,0.0,0.0,28.0,100.0,1.0,0.0,1.0,100.0,0.0,0.0,0,1.0,4.0,3.0,1,0,0,0,0,0,0,0,0
727,Roberto Alvarado,8,FW,25,0,0,0,0,0,5.0,50297.0,185.0,567.0,33.2,18616.0,21798.7,6637.4,2620.1,624.5,66.0,36.0,54.55,17.0,16.0,33.0,51.0,10.0,5.0,17.0,0,3,476,0.0,5.0,0.0,2.0,3.0,0.0,0.28,0.0,14.0,201.0,81.0,34.0,32.0,17.0,47.0,1.0,100.0,0,6.0,75.0,13.0,3,5,0,0,0,1,0,0,0
728,Brian Gutierrez,8,MF,26,0,0,0,0,0,4.0,24454.0,112.0,334.0,34.8,9183.7,9762.7,3755.8,1255.1,496.4,17.0,13.0,76.47,6.0,6.0,5.0,15.0,1.0,1.0,4.0,0,0,226,0.0,6.0,0.0,3.0,3.0,0.0,0.35,0.0,3.0,60.0,88.0,6.0,0.0,2.0,50.0,1.0,100.0,0,16.0,69.0,9.0,5,3,1,0,0,0,0,0,0
729,Yassine Bounou,21,GK,1,0,0,0,1,1,6.0,28037.0,5.0,38.0,24.5,22605.7,5050.900000000001,337.2,43.4,0.0,64.0,12.0,18.75,3.0,0.0,61.0,64.0,0.0,0.0,0.0,0,0,650,0.0,0.0,0.0,0.0,0.0,0.0,0.0,0.0,0.0,211.0,67.0,0.0,0.0,9.0,0.0,0.0,0.0,1,0.0,0.0,0.0,0,4,0,0,0,0,19,112,91
730,Achraf Hakimi,21,DF,2,1,1,0,0,1,6.0,63751.0,296.0,624.0,35.5,27057.2,23730.800000000003,7196.9,3492.5,2273.6,97.0,74.0,76.29,21.0,54.0,22.0,82.0,4.0,11.0,13.0,1,2,650,4.0,14.0,7.0,6.0,8.0,0.0,0.96,1.04,21.0,449.0,90.0,38.0,32.0,7.0,86.0,6.0,83.0,0,19.0,93.0,30.0,7,16,1,0,0,0,0,0,0
731,Noussair Mazraoui,21,DF,3,0,0,0,0,0,6.0,48034.0,146.0,396.0,33.9,21203.6,20121.0,4334.5,1763.8000000000002,611.4,63.0,51.0,80.95,13.0,35.0,15.0,59.0,0.0,4.0,4.0,0,0,542,0.0,0.0,0.0,0.0,0.0,0.0,0.0,0.0,0.0,275.0,91.0,4.0,0.0,5.0,40.0,0.0,0.0,0,29.0,59.0,20.0,4,6,0,0,0,0,0,0,0
732,Sofyan Amrabat,21,MF,4,0,0,0,0,0,3.0,18861.0,81.0,263.0,32.4,6389.8,8138.599999999999,3005.7,1036.3000000000002,290.6,24.0,22.0,91.67,5.0,13.0,6.0,24.0,0.0,0.0,0.0,0,0,175,0.0,0.0,0.0,0.0,0.0,0.0,0.0,0.0,0.0,106.0,92.0,0.0,0.0,3.0,67.0,2.0,100.0,0,10.0,49.0,16.0,4,2,0,0,0,0,0,0,0
733,Marwane Saadane,21,DF,5,0,0,0,0,0,1.0,1188.0,2.0,10.0,21.6,560.2,452.3,140.8,35.0,0.0,0.0,0.0,0.0,0.0,0.0,0.0,0.0,0.0,0.0,0.0,0,0,0,0.0,0.0,0.0,0.0,0.0,0.0,0.0,0.0,0.0,0.0,0.0,0.0,0.0,0.0,0.0,0.0,0.0,0,0.0,0.0,0.0,0,0,0,0,0,0,0,0,0
734,Ayyoub Bouaddi,21,MF,6,0,0,0,0,0,5.0,47488.0,166.0,586.0,31.6,14339.9,23305.3,6818.499999999999,2189.1,835.0,38.0,28.0,73.68,12.0,17.0,9.0,35.0,0.0,3.0,0.0,0,0,425,0.0,3.0,0.0,0.0,3.0,0.0,0.14,0.0,0.0,264.0,90.0,0.0,0.0,1.0,100.0,1.0,100.0,0,23.0,113.0,36.0,3,6,0,0,0,0,0,0,0
735,Chemsdine Talbi,21,MF,7,0,0,0,0,0,5.0,23817.0,128.0,280.0,35.3,8744.7,8966.6,3582.4,1565.0,958.5,12.0,6.0,50.0,3.0,4.0,5.0,5.0,4.0,3.0,9.0,0,1,217,0.0,2.0,0.0,1.0,1.0,0.0,0.05,0.0,0.0,54.0,87.0,9.0,11.0,3.0,33.0,0.0,0.0,0,6.0,59.0,7.0,0,0,0,0,0,0,0,0,0
736,Azzedine Ounahi,21,MF,8,2,2,0,0,2,6.0,53453.0,266.0,654.0,33.3,17347.2,23436.5,7799.900000000001,3698.7,1171.3,80.0,65.0,81.25,32.0,34.0,14.0,71.0,3.0,6.0,5.0,2,0,477,0.0,0.0,0.0,0.0,0.0,0.0,0.0,0.0,0.0,315.0,89.0,6.0,33.0,17.0,65.0,3.0,100.0,0,26.0,199.0,17.0,3,7,1,0,0,0,0,0,0
737,Soufiane Rahimi,21,FW,9,2,2,0,0,2,6.0,25328.0,137.0,317.0,34.6,8642.4,9866.6,3989.1,1877.7,952.5,9.0,3.0,33.33,5.0,1.0,3.0,8.0,0.0,1.0,5.0,2,1,215,4.0,6.0,33.0,5.0,1.0,2.0,1.59,1.26,0.0,37.0,73.0,5.0,40.0,5.0,40.0,0.0,0.0,0,5.0,73.0,11.0,5,6,0,0,0,2,0,0,0
738,Brahim Diaz,21,FW,10,0,0,0,0,0,6.0,49004.0,225.0,524.0,33.1,20919.1,17920.3,6253.2,2963.6,947.9,42.0,24.0,57.14,13.0,17.0,12.0,32.0,2.0,8.0,8.0,0,4,500,1.0,6.0,0.0,4.0,2.0,0.0,0.31,0.0,1.0,165.0,86.0,8.0,38.0,13.0,46.0,0.0,0.0,0,15.0,156.0,24.0,3,10,0,0,0,0,0,0,0
739,Ismael Saibari,21,MF,11,3,3,0,0,3,5.0,45217.0,315.0,615.0,33.7,13778.0,18488.5,7164.500000000001,3977.7000000000007,1808.1,13.0,11.0,84.62,6.0,6.0,1.0,11.0,0.0,2.0,7.0,3,0,411,0.0,0.0,0.0,0.0,0.0,0.0,0.0,0.0,0.0,95.0,84.0,7.0,29.0,8.0,75.0,1.0,100.0,0,32.0,181.0,17.0,8,3,0,0,0,3,0,0,0
740,Munir El Kajoui,21,GK,12,0,0,0,0,0,0.0,0.0,0.0,0.0,0.0,0.0,0.0,0.0,0.0,0.0,0.0,0.0,0.0,0.0,0.0,0.0,0.0,0.0,0.0,0.0,0,0,0,0.0,0.0,0.0,0.0,0.0,0.0,0.0,0.0,0.0,0.0,0.0,0.0,0.0,0.0,0.0,0.0,0.0,0,0.0,0.0,0.0,0,0,0,0,0,0,0,0,0
741,Zakaria El Ouahdi,21,DF,13,0,0,0,0,0,1.0,2847.0,15.0,36.0,29.3,917.7,1048.1,451.3,286.6,143.5,3.0,2.0,66.67,0.0,3.0,0.0,2.0,0.0,1.0,0.0,0,0,22,0.0,0.0,0.0,0.0,0.0,0.0,0.0,0.0,0.0,14.0,100.0,0.0,0.0,1.0,0.0,0.0,0.0,0,0.0,3.0,1.0,1,1,0,0,0,0,0,0,0
742,Issa Diop,21,DF,14,1,1,0,0,1,5.0,48036.0,102.0,413.0,32.7,23530.3,18153.0,4758.0,1259.1,335.4,68.0,45.0,66.18,13.0,33.0,22.0,68.0,0.0,0.0,0.0,1,0,534,1.0,1.0,100.0,1.0,0.0,1.0,0.12,8.02,0.0,326.0,92.0,0.0,0.0,3.0,0.0,1.0,100.0,0,4.0,22.0,3.0,4,1,3,0,0,0,0,0,0
743,Samir El Mourabet,21,MF,15,0,0,0,0,0,5.0,14604.0,85.0,216.0,33.1,3880.0,6653.4,2642.4,1132.3,296.20000000000005,14.0,11.0,78.57,5.0,5.0,4.0,14.0,0.0,0.0,0.0,0,0,121,0.0,0.0,0.0,0.0,0.0,0.0,0.0,0.0,0.0,110.0,91.0,1.0,0.0,4.0,50.0,1.0,100.0,0,6.0,33.0,5.0,0,1,0,0,0,0,0,0,0
744,Gessime Yassine,21,MF,16,1,1,0,0,1,3.0,11281.0,43.0,121.0,28.6,4195.7,4578.4,1691.5,642.7,173.2,9.0,5.0,55.56,1.0,2.0,6.0,9.0,0.0,0.0,1.0,1,0,101,1.0,2.0,50.0,1.0,1.0,0.0,0.45,2.21,1.0,39.0,87.0,1.0,0.0,2.0,50.0,3.0,67.0,0,1.0,22.0,6.0,2,3,0,0,0,0,0,0,0
745,Amine Sbai,21,FW,17,0,0,0,0,0,1.0,1755.0,15.0,33.0,28.5,423.1,604.5,445.3,230.5,51.6,3.0,2.0,66.67,1.0,2.0,0.0,2.0,0.0,1.0,1.0,0,0,0,0.0,0.0,0.0,0.0,0.0,0.0,0.0,0.0,0.0,0.0,0.0,0.0,0.0,0.0,0.0,0.0,0.0,0,0.0,0.0,0.0,0,0,0,0,0,0,0,0,0
746,Chadi Riad,21,DF,18,0,0,0,0,0,4.0,38595.0,99.0,393.0,32.9,15633.999999999998,17145.1,4159.3,1341.3,315.6,28.0,21.0,75.0,8.0,12.0,8.0,28.0,0.0,0.0,0.0,0,1,390,0.0,1.0,0.0,1.0,0.0,1.0,0.12,0.0,0.0,226.0,94.0,0.0,0.0,1.0,0.0,1.0,100.0,0,7.0,30.0,12.0,0,1,0,0,0,0,0,0,0
747,Youssef Belammari,21,DF,19,0,0,0,0,0,0.0,0.0,0.0,0.0,0.0,0.0,0.0,0.0,0.0,0.0,0.0,0.0,0.0,0.0,0.0,0.0,0.0,0.0,0.0,0.0,0,0,0,0.0,0.0,0.0,0.0,0.0,0.0,0.0,0.0,0.0,0.0,0.0,0.0,0.0,0.0,0.0,0.0,0.0,0,0.0,0.0,0.0,0,0,0,0,0,0,0,0,0
748,Ayoub El Kaabi,21,FW,20,0,0,0,0,0,1.0,8710.0,59.0,108.0,32.3,2652.8,3801.8,1307.1,658.1,290.0,0.0,0.0,0.0,0.0,0.0,0.0,0.0,0.0,0.0,0.0,0,0,74,2.0,3.0,0.0,3.0,0.0,0.0,0.31,0.0,0.0,10.0,70.0,0.0,0.0,0.0,0.0,0.0,0.0,0,2.0,25.0,7.0,1,1,0,0,0,3,0,0,0
749,Ayoube Amaimouni,21,FW,21,0,0,0,0,0,2.0,4598.0,35.0,73.0,30.0,1133.3,1885.3,950.2,489.8,139.8,2.0,0.0,0.0,0.0,0.0,2.0,1.0,1.0,0.0,1.0,0,0,33,1.0,2.0,0.0,2.0,0.0,0.0,0.29,0.0,0.0,9.0,89.0,1.0,0.0,0.0,0.0,1.0,0.0,0,4.0,10.0,3.0,1,0,0,0,0,0,0,0,0
750,Ahmed Reda Tagnaouti,21,GK,22,0,0,0,0,0,0.0,0.0,0.0,0.0,0.0,0.0,0.0,0.0,0.0,0.0,0.0,0.0,0.0,0.0,0.0,0.0,0.0,0.0,0.0,0.0,0,0,0,0.0,0.0,0.0,0.0,0.0,0.0,0.0,0.0,0.0,0.0,0.0,0.0,0.0,0.0,0.0,0.0,0.0,0,0.0,0.0,0.0,0,0,0,0,0,0,0,0,0
751,Bilal El Khannouss,21,MF,23,0,0,0,0,0,6.0,50933.0,226.0,554.0,34.6,23651.0,16980.6,6064.2,2936.8,1300.7,64.0,45.0,70.31,23.0,28.0,13.0,58.0,2.0,4.0,13.0,0,0,501,0.0,0.0,0.0,0.0,0.0,0.0,0.0,0.0,0.0,238.0,78.0,14.0,14.0,23.0,65.0,2.0,100.0,0,15.0,127.0,19.0,5,5,1,0,0,0,0,0,0
752,Neil El Aynaoui,21,MF,24,0,0,0,0,0,6.0,70475.0,276.0,836.0,34.1,22581.3,31778.5,10702.9,3630.9,1781.1,72.0,58.0,80.56,25.0,36.0,11.0,70.0,0.0,2.0,0.0,0,0,634,0.0,0.0,0.0,0.0,0.0,0.0,0.0,0.0,0.0,433.0,94.0,0.0,0.0,3.0,0.0,3.0,67.0,0,51.0,132.0,48.0,15,7,0,0,0,0,0,0,0
753,Redouane Halhal,21,DF,25,0,0,0,0,0,2.0,19378.0,62.0,154.0,32.8,8246.9,8168.4,1906.9,708.0999999999999,347.1,26.0,22.0,84.62,1.0,21.0,4.0,26.0,0.0,0.0,0.0,0,0,208,0.0,0.0,0.0,0.0,0.0,0.0,0.0,0.0,0.0,119.0,95.0,0.0,0.0,0.0,0.0,1.0,100.0,0,4.0,12.0,9.0,3,5,1,0,0,1,0,0,0
754,Anass Salah Eddine,21,DF,26,0,0,0,0,0,4.0,22567.0,77.0,201.0,32.4,9797.8,9044.2,2301.8,1011.4,411.9,30.0,23.0,76.67,3.0,18.0,9.0,30.0,0.0,0.0,3.0,0,0,240,0.0,0.0,0.0,0.0,0.0,0.0,0.0,0.0,0.0,166.0,92.0,3.0,0.0,1.0,100.0,0.0,0.0,0,3.0,35.0,10.0,3,2,0,0,0,0,0,0,0
755,Bart Verbruggen,9,GK,1,0,0,0,0,0,4.0,21588.0,6.0,35.0,24.2,17305.2,3878.1,337.6,67.2,0.0,45.0,18.0,40.0,3.0,1.0,41.0,45.0,0.0,0.0,0.0,0,0,432,0.0,0.0,0.0,0.0,0.0,0.0,0.0,0.0,0.0,123.0,72.0,0.0,0.0,2.0,0.0,0.0,0.0,0,0.0,0.0,0.0,0,0,0,0,0,0,17,57,54
756,Lutsharel Geertruida,9,DF,2,0,0,0,0,0,0.0,0.0,0.0,0.0,0.0,0.0,0.0,0.0,0.0,0.0,0.0,0.0,0.0,0.0,0.0,0.0,0.0,0.0,0.0,0.0,0,0,0,0.0,0.0,0.0,0.0,0.0,0.0,0.0,0.0,0.0,0.0,0.0,0.0,0.0,0.0,0.0,0.0,0.0,0,0.0,0.0,0.0,0,0,0,0,0,0,0,0,0
757,Marten De Roon,9,MF,3,0,0,0,0,0,1.0,1375.0,4.0,23.0,24.0,395.9,717.7,202.0,59.0,0.0,0.0,0.0,0.0,0.0,0.0,0.0,0.0,0.0,0.0,0.0,0,0,11,0.0,0.0,0.0,0.0,0.0,0.0,0.0,0.0,0.0,1.0,100.0,0.0,0.0,0.0,0.0,0.0,0.0,0,0.0,1.0,0.0,0,0,0,0,0,0,0,0,0
758,Virgil Van Dijk,9,DF,4,1,1,0,0,1,4.0,38197.0,100.0,292.0,35.1,19333.2,13313.5,3728.1,1275.7,546.8000000000001,57.0,50.0,87.72,15.0,28.0,14.0,56.0,0.0,1.0,0.0,1,1,432,2.0,2.0,50.0,2.0,0.0,2.0,0.14,7.26,0.0,347.0,95.0,0.0,0.0,1.0,100.0,1.0,100.0,0,10.0,11.0,4.0,2,2,0,0,0,0,0,0,0
759,Nathan Ake,9,DF,5,0,0,0,0,0,3.0,18580.0,49.0,136.0,33.4,7380.8,8661.1,1583.1,600.7,354.5,32.0,23.0,71.88,3.0,22.0,7.0,31.0,1.0,0.0,1.0,0,0,189,0.0,0.0,0.0,0.0,0.0,0.0,0.0,0.0,0.0,123.0,91.0,1.0,0.0,3.0,0.0,0.0,0.0,0,8.0,19.0,4.0,2,2,0,0,0,0,0,0,0
760,Jan Paul Van Hecke,9,DF,6,1,1,0,0,1,4.0,42651.0,114.0,374.0,31.5,17765.3,18604.4,4304.1,1480.4,497.1,88.0,73.0,82.95,25.0,47.0,16.0,85.0,1.0,2.0,1.0,1,0,432,0.0,0.0,0.0,0.0,0.0,0.0,0.0,0.0,0.0,360.0,93.0,1.0,0.0,5.0,60.0,4.0,75.0,0,11.0,56.0,17.0,4,2,0,0,0,0,0,0,0
761,Justin Kluivert,9,MF,7,0,0,0,0,0,2.0,3868.0,20.0,60.0,30.1,1121.6,1764.5,660.3,235.1,87.2,0.0,0.0,0.0,0.0,0.0,0.0,0.0,0.0,0.0,1.0,0,0,32,0.0,0.0,0.0,0.0,0.0,0.0,0.0,0.0,0.0,7.0,100.0,1.0,0.0,0.0,0.0,0.0,0.0,0,2.0,12.0,0.0,0,2,0,0,0,0,0,0,0
762,Ryan Gravenberch,9,MF,8,0,0,0,0,0,4.0,37433.0,129.0,443.0,35.6,15011.6,15233.8,4996.5,1737.5,453.5,39.0,28.0,71.79,18.0,14.0,7.0,34.0,1.0,4.0,5.0,0,2,374,0.0,5.0,0.0,2.0,3.0,0.0,0.25,0.0,0.0,126.0,88.0,5.0,20.0,3.0,67.0,0.0,0.0,0,11.0,54.0,15.0,5,3,0,0,0,0,0,0,0
763,Wout Weghorst,9,FW,9,0,0,0,0,0,1.0,7014.0,30.0,109.0,28.6,2140.9,2905.6,1412.3,424.3,130.8,2.0,1.0,50.0,0.0,0.0,2.0,2.0,0.0,0.0,0.0,0,0,58,0.0,0.0,0.0,0.0,0.0,0.0,0.0,0.0,0.0,7.0,57.0,0.0,0.0,1.0,0.0,0.0,0.0,0,2.0,53.0,2.0,1,2,0,0,0,0,0,0,0
764,Memphis Depay,9,FW,10,0,0,0,0,0,3.0,8184.0,50.0,137.0,31.3,2572.4,3373.2,1450.5,631.0999999999999,157.3,2.0,2.0,100.0,0.0,1.0,1.0,2.0,0.0,0.0,0.0,0,1,68,0.0,0.0,0.0,0.0,0.0,0.0,0.0,0.0,1.0,17.0,88.0,1.0,100.0,2.0,100.0,1.0,100.0,0,0.0,31.0,2.0,1,1,1,0,0,0,0,0,0
765,Cody Gakpo,9,FW,11,3,3,0,0,3,4.0,39227.0,177.0,418.0,33.2,16095.8,15381.9,4527.6,2307.4,914.4,30.0,16.0,53.33,6.0,12.0,12.0,25.0,1.0,4.0,9.0,3,1,394,6.0,10.0,30.0,8.0,2.0,2.0,1.35,2.23,1.0,100.0,79.0,10.0,10.0,18.0,67.0,1.0,0.0,0,15.0,127.0,7.0,3,3,0,0,0,3,0,0,0
766,Mats Wieffer,9,DF,12,0,0,0,0,0,0.0,0.0,0.0,0.0,0.0,0.0,0.0,0.0,0.0,0.0,0.0,0.0,0.0,0.0,0.0,0.0,0.0,0.0,0.0,0.0,0,0,0,0.0,0.0,0.0,0.0,0.0,0.0,0.0,0.0,0.0,0.0,0.0,0.0,0.0,0.0,0.0,0.0,0.0,0,0.0,0.0,0.0,0,0,0,0,0,0,0,0,0
767,Robin Roefs,9,GK,13,0,0,0,0,0,0.0,0.0,0.0,0.0,0.0,0.0,0.0,0.0,0.0,0.0,0.0,0.0,0.0,0.0,0.0,0.0,0.0,0.0,0.0,0.0,0,0,0,0.0,0.0,0.0,0.0,0.0,0.0,0.0,0.0,0.0,0.0,0.0,0.0,0.0,0.0,0.0,0.0,0.0,0,0.0,0.0,0.0,0,0,0,0,0,0,0,0,0
768,Tijjani Reijnders,9,MF,14,0,0,0,0,0,3.0,23300.0,95.0,286.0,30.1,8338.2,9918.8,3287.8,1332.3000000000002,423.2,21.0,12.0,57.14,6.0,6.0,9.0,17.0,3.0,1.0,3.0,0,1,211,2.0,4.0,0.0,3.0,1.0,0.0,0.48,0.0,10.0,67.0,79.0,15.0,40.0,4.0,50.0,0.0,0.0,0,7.0,34.0,5.0,0,3,0,0,0,1,0,0,0
769,Micky Van De Ven,9,DF,15,0,0,0,0,0,3.0,27342.0,92.0,245.0,36.8,13507.7,9134.6,2865.5,1097.2,736.9,27.0,19.0,70.37,5.0,16.0,6.0,27.0,0.0,0.0,3.0,0,0,291,0.0,0.0,0.0,0.0,0.0,0.0,0.0,0.0,0.0,117.0,90.0,3.0,0.0,3.0,67.0,0.0,0.0,0,8.0,87.0,13.0,5,1,1,0,0,0,0,0,0
770,Guus Til,9,MF,16,0,0,0,0,0,1.0,4267.0,28.0,56.0,30.0,1315.1,1769.3,734.8,297.4,150.7,2.0,1.0,50.0,0.0,2.0,0.0,1.0,0.0,1.0,0.0,0,0,36,0.0,0.0,0.0,0.0,0.0,0.0,0.0,0.0,0.0,8.0,88.0,0.0,0.0,1.0,0.0,0.0,0.0,0,1.0,20.0,1.0,0,0,0,0,0,0,0,0,0
771,Noa Lang,9,FW,17,0,0,0,0,0,2.0,2122.0,12.0,35.0,28.7,631.9,886.5,368.6,189.0,46.1,3.0,2.0,66.67,0.0,3.0,0.0,2.0,0.0,1.0,1.0,0,0,17,0.0,0.0,0.0,0.0,0.0,0.0,0.0,0.0,0.0,13.0,85.0,1.0,0.0,2.0,100.0,0.0,0.0,0,2.0,6.0,1.0,0,1,0,0,0,0,0,0,0
772,Donyell Malen,9,FW,18,0,0,0,0,0,3.0,18907.0,81.0,178.0,31.6,8058.1,7497.699999999999,2058.4,995.8,297.1,6.0,4.0,66.67,0.0,6.0,0.0,4.0,1.0,1.0,8.0,0,0,197,0.0,0.0,0.0,0.0,0.0,0.0,0.0,0.0,0.0,34.0,79.0,8.0,25.0,5.0,60.0,0.0,0.0,0,8.0,47.0,7.0,0,2,0,0,0,0,0,0,0
773,Brian Brobbey,9,FW,19,3,3,0,0,3,4.0,22529.0,77.0,226.0,33.6,10468.4,8080.799999999999,2653.4,901.8,424.4,2.0,2.0,100.0,1.0,0.0,1.0,2.0,0.0,0.0,1.0,3,0,245,0.0,0.0,0.0,0.0,0.0,0.0,0.0,0.0,0.0,21.0,86.0,1.0,0.0,0.0,0.0,0.0,0.0,0,18.0,53.0,2.0,4,3,0,0,0,2,0,0,0
774,Teun Koopmeiners,9,MF,20,0,0,0,0,0,4.0,16775.0,57.0,228.0,29.7,4912.9,8233.5,2725.5,736.5,166.2,23.0,18.0,78.26,5.0,8.0,10.0,22.0,1.0,0.0,0.0,0,0,145,0.0,0.0,0.0,0.0,0.0,0.0,0.0,0.0,0.0,63.0,86.0,4.0,50.0,2.0,50.0,2.0,100.0,0,8.0,44.0,9.0,3,0,0,0,0,0,0,0,0
775,Frenkie De Jong,9,MF,21,0,0,0,0,0,4.0,38653.0,109.0,424.0,30.4,13680.0,18114.4,5147.0,1418.5,292.79999999999995,55.0,45.0,81.82,14.0,27.0,14.0,55.0,0.0,0.0,0.0,0,0,360,0.0,0.0,0.0,0.0,0.0,0.0,0.0,0.0,0.0,243.0,92.0,0.0,0.0,5.0,80.0,2.0,100.0,0,7.0,85.0,22.0,6,6,0,0,0,0,0,0,0
776,Denzel Dumfries,9,DF,22,0,0,0,0,0,4.0,43452.0,183.0,470.0,34.3,18368.4,15974.0,5527.8,2596.2000000000003,985.7,45.0,23.0,51.11,2.0,20.0,23.0,38.0,5.0,2.0,17.0,0,2,432,2.0,5.0,0.0,4.0,1.0,2.0,0.44,0.0,0.0,179.0,82.0,17.0,29.0,13.0,54.0,0.0,0.0,0,24.0,74.0,8.0,6,3,0,0,0,1,0,0,0
777,Mark Flekken,9,GK,23,0,0,0,0,0,0.0,0.0,0.0,0.0,0.0,0.0,0.0,0.0,0.0,0.0,0.0,0.0,0.0,0.0,0.0,0.0,0.0,0.0,0.0,0.0,0,0,0,0.0,0.0,0.0,0.0,0.0,0.0,0.0,0.0,0.0,0.0,0.0,0.0,0.0,0.0,0.0,0.0,0.0,0,0.0,0.0,0.0,0,0,0,0,0,0,0,0,0
778,Crysencio Summerville,9,FW,24,2,2,0,0,2,4.0,28089.0,131.0,285.0,34.7,10762.7,11472.0,3378.3,1642.8000000000002,833.0999999999999,23.0,19.0,82.61,9.0,12.0,2.0,18.0,0.0,5.0,5.0,2,2,282,2.0,2.0,100.0,1.0,1.0,0.0,0.16,12.33,3.0,67.0,84.0,8.0,13.0,6.0,83.0,0.0,0.0,0,17.0,75.0,13.0,2,5,1,0,0,1,0,0,0
779,Jorrel Hato,9,DF,25,0,0,0,0,0,1.0,4438.0,17.0,45.0,33.2,1758.2,1897.7,443.1,190.7,148.2,3.0,2.0,66.67,0.0,1.0,2.0,2.0,1.0,0.0,1.0,0,0,43,0.0,0.0,0.0,0.0,0.0,0.0,0.0,0.0,0.0,4.0,50.0,1.0,100.0,0.0,0.0,0.0,0.0,0,1.0,23.0,4.0,0,0,0,0,0,0,0,0,0
780,Quinten Timber,9,MF,26,0,0,0,0,0,2.0,7777.0,29.0,96.0,31.9,2743.5,3388.7,1139.9,400.7,104.4,5.0,3.0,60.0,0.0,2.0,3.0,2.0,1.0,2.0,2.0,0,0,68,0.0,0.0,0.0,0.0,0.0,0.0,0.0,0.0,0.0,12.0,83.0,2.0,50.0,2.0,50.0,0.0,0.0,0,5.0,27.0,7.0,0,2,0,0,0,0,0,0,0
781,Max Crocombe,42,GK,1,0,0,0,0,0,3.0,13060.0,2.0,19.0,24.0,10449.5,2387.5,205.7,16.9,0.0,42.0,22.0,52.38,3.0,2.0,37.0,42.0,0.0,0.0,0.0,0,0,306,0.0,0.0,0.0,0.0,0.0,0.0,0.0,0.0,0.0,107.0,73.0,0.0,0.0,4.0,0.0,0.0,0.0,0,0.0,0.0,0.0,0,1,0,0,0,0,11,97,88
782,Tim Payne,42,DF,2,0,0,0,0,0,3.0,25041.0,105.0,309.0,33.7,9549.4,9984.3,3555.3,1450.5,501.2,36.0,25.0,69.44,8.0,8.0,20.0,31.0,4.0,1.0,6.0,0,1,241,0.0,1.0,0.0,0.0,1.0,0.0,0.02,0.0,3.0,87.0,83.0,9.0,11.0,3.0,0.0,0.0,0.0,0,5.0,57.0,9.0,2,2,0,0,0,0,0,0,0
783,Francis De Vries,42,DF,3,0,0,0,0,0,2.0,3922.0,24.0,56.0,32.3,1201.8,1538.4,644.1,297.79999999999995,239.7,7.0,2.0,28.57,1.0,1.0,5.0,7.0,0.0,0.0,0.0,0,0,32,0.0,0.0,0.0,0.0,0.0,0.0,0.0,0.0,2.0,16.0,44.0,2.0,50.0,0.0,0.0,0.0,0.0,0,1.0,5.0,1.0,0,0,0,0,0,0,0,0,0
784,Tyler Bindon,42,DF,4,0,0,0,0,0,3.0,13160.0,48.0,152.0,31.7,4150.8,6155.400000000001,1746.3,788.6,318.8,26.0,16.0,61.54,5.0,14.0,7.0,26.0,0.0,0.0,0.0,0,0,120,1.0,2.0,0.0,2.0,0.0,1.0,0.33,0.0,0.0,68.0,72.0,0.0,0.0,6.0,33.0,2.0,50.0,0,4.0,13.0,4.0,2,1,0,0,0,0,0,0,0
785,Michael Boxall,42,DF,5,0,0,0,0,0,3.0,22181.0,75.0,181.0,32.9,8938.9,9343.9,2330.5,1049.8,517.6999999999999,23.0,19.0,82.61,4.0,12.0,7.0,22.0,1.0,0.0,1.0,0,0,237,0.0,0.0,0.0,0.0,0.0,0.0,0.0,0.0,0.0,115.0,90.0,1.0,100.0,0.0,0.0,0.0,0.0,0,4.0,21.0,12.0,2,2,0,0,0,0,0,0,0
786,Joe Bell,42,MF,6,0,0,0,0,0,3.0,32154.0,112.0,472.0,28.7,9534.3,14997.0,5629.1,1605.8,388.2,29.0,22.0,75.86,14.0,8.0,7.0,27.0,0.0,2.0,0.0,0,0,275,0.0,1.0,0.0,0.0,1.0,0.0,0.01,0.0,0.0,143.0,84.0,0.0,0.0,0.0,0.0,1.0,100.0,0,27.0,98.0,22.0,3,0,0,0,0,0,0,0,0
787,Logan Rogerson,42,FW,7,0,0,0,0,0,0.0,0.0,0.0,0.0,0.0,0.0,0.0,0.0,0.0,0.0,0.0,0.0,0.0,0.0,0.0,0.0,0.0,0.0,0.0,0.0,0,0,0,0.0,0.0,0.0,0.0,0.0,0.0,0.0,0.0,0.0,0.0,0.0,0.0,0.0,0.0,0.0,0.0,0.0,0,0.0,0.0,0.0,0,0,0,0,0,0,0,0,0
788,Marko Stamenic,42,MF,8,0,0,0,0,0,3.0,32898.0,133.0,415.0,32.3,11314.0,14093.8,4931.299999999999,1905.9,653.2,47.0,37.0,78.72,17.0,14.0,16.0,45.0,2.0,0.0,2.0,0,0,302,0.0,3.0,0.0,1.0,2.0,0.0,0.09,0.0,0.0,171.0,91.0,2.0,50.0,9.0,44.0,1.0,100.0,0,10.0,67.0,18.0,4,0,1,0,0,0,0,0,0
789,Chris Wood,42,FW,9,0,0,0,0,0,3.0,31195.0,144.0,333.0,31.9,12700.9,12395.0,3775.2,1844.5,479.7,9.0,2.0,22.22,5.0,0.0,4.0,8.0,0.0,1.0,0.0,0,2,306,2.0,5.0,0.0,3.0,2.0,2.0,0.47,0.0,0.0,47.0,77.0,0.0,0.0,8.0,13.0,0.0,0.0,0,8.0,88.0,5.0,2,1,0,0,0,4,0,0,0
790,Sarpreet Singh,42,MF,10,0,0,0,0,0,3.0,27407.0,118.0,381.0,31.5,7898.5,13254.0,4255.0,1590.4,408.6,21.0,7.0,33.33,7.0,3.0,11.0,17.0,2.0,2.0,7.0,0,0,227,2.0,4.0,0.0,2.0,2.0,0.0,0.22,0.0,0.0,76.0,76.0,7.0,0.0,6.0,17.0,2.0,100.0,0,10.0,104.0,7.0,2,2,1,0,0,0,0,0,0
791,Elijah Just,42,MF,11,3,3,0,0,3,3.0,33430.0,178.0,460.0,31.6,10548.4,14440.399999999998,5286.1,2245.8,909.8,34.0,27.0,79.41,15.0,10.0,9.0,32.0,0.0,2.0,1.0,3,0,291,5.0,7.0,43.0,5.0,2.0,0.0,0.86,3.48,0.0,99.0,86.0,1.0,0.0,5.0,20.0,2.0,50.0,0,19.0,152.0,18.0,3,2,1,0,0,0,0,0,0
792,Alex Paulsen,42,GK,12,0,0,0,0,0,0.0,0.0,0.0,0.0,0.0,0.0,0.0,0.0,0.0,0.0,0.0,0.0,0.0,0.0,0.0,0.0,0.0,0.0,0.0,0.0,0,0,0,0.0,0.0,0.0,0.0,0.0,0.0,0.0,0.0,0.0,0.0,0.0,0.0,0.0,0.0,0.0,0.0,0.0,0,0.0,0.0,0.0,0,0,0,0,0,0,0,0,0
793,Liberato Cacace,42,DF,13,0,0,0,0,0,3.0,26345.0,111.0,350.0,29.7,8914.3,11336.6,4007.5,1639.5,446.9,27.0,21.0,77.78,3.0,6.0,18.0,25.0,2.0,0.0,5.0,0,0,237,1.0,1.0,0.0,1.0,0.0,0.0,0.02,0.0,2.0,88.0,85.0,6.0,17.0,4.0,25.0,0.0,0.0,0,9.0,59.0,8.0,1,5,0,0,0,0,0,0,0
794,Alex Rufer,42,MF,14,0,0,0,0,0,0.0,0.0,0.0,0.0,0.0,0.0,0.0,0.0,0.0,0.0,0.0,0.0,0.0,0.0,0.0,0.0,0.0,0.0,0.0,0.0,0,0,0,0.0,0.0,0.0,0.0,0.0,0.0,0.0,0.0,0.0,0.0,0.0,0.0,0.0,0.0,0.0,0.0,0.0,0,0.0,0.0,0.0,0,0,0,0,0,0,0,0,0
795,Nando Pijnaker,42,DF,15,0,0,0,0,0,0.0,0.0,0.0,0.0,0.0,0.0,0.0,0.0,0.0,0.0,0.0,0.0,0.0,0.0,0.0,0.0,0.0,0.0,0.0,0.0,0,0,0,0.0,0.0,0.0,0.0,0.0,0.0,0.0,0.0,0.0,0.0,0.0,0.0,0.0,0.0,0.0,0.0,0.0,0,0.0,0.0,0.0,0,0,0,0,0,0,0,0,0
796,Finn Surman,42,DF,16,1,1,0,0,1,3.0,30931.0,103.0,310.0,33.2,11621.5,13789.6,3588.5,1286.6,644.8,38.0,35.0,92.11,10.0,25.0,3.0,37.0,0.0,1.0,0.0,1,0,306,1.0,2.0,50.0,2.0,0.0,2.0,0.24,4.18,0.0,145.0,93.0,0.0,0.0,1.0,100.0,0.0,0.0,0,5.0,28.0,11.0,4,1,0,0,0,0,0,0,0
797,Kosta Barbarouses,42,FW,17,0,0,0,0,0,0.0,0.0,0.0,0.0,0.0,0.0,0.0,0.0,0.0,0.0,0.0,0.0,0.0,0.0,0.0,0.0,0.0,0.0,0.0,0.0,0,0,0,0.0,0.0,0.0,0.0,0.0,0.0,0.0,0.0,0.0,0.0,0.0,0.0,0.0,0.0,0.0,0.0,0.0,0,0.0,0.0,0.0,0,0,0,0,0,0,0,0,0
798,Ben Waine,42,FW,18,0,0,0,0,0,0.0,0.0,0.0,0.0,0.0,0.0,0.0,0.0,0.0,0.0,0.0,0.0,0.0,0.0,0.0,0.0,0.0,0.0,0.0,0.0,0,0,0,0.0,0.0,0.0,0.0,0.0,0.0,0.0,0.0,0.0,0.0,0.0,0.0,0.0,0.0,0.0,0.0,0.0,0,0.0,0.0,0.0,0,0,0,0,0,0,0,0,0
799,Ben Old,42,MF,19,0,0,0,0,0,3.0,12151.0,74.0,160.0,32.4,4379.9,4307.900000000001,1921.5,966.6,575.3,10.0,5.0,50.0,2.0,7.0,1.0,7.0,0.0,3.0,1.0,0,0,112,0.0,0.0,0.0,0.0,0.0,0.0,0.0,0.0,0.0,33.0,76.0,1.0,0.0,2.0,0.0,0.0,0.0,0,2.0,28.0,4.0,0,1,0,0,0,0,0,0,0
800,Callum Mccowatt,42,MF,20,0,0,0,0,0,3.0,20964.0,110.0,334.0,31.7,6897.5,8361.3,3571.3,1541.3000000000002,592.0999999999999,15.0,11.0,73.33,7.0,2.0,6.0,15.0,0.0,0.0,2.0,0,0,173,3.0,4.0,0.0,3.0,1.0,1.0,0.21,0.0,0.0,93.0,84.0,2.0,0.0,3.0,33.0,0.0,0.0,0,9.0,55.0,11.0,4,1,1,0,0,0,0,0,0
801,Jesse Randall,42,FW,21,0,0,0,0,0,3.0,9324.0,69.0,113.0,34.6,2929.4,3643.500000000001,1369.9,825.4000000000001,556.0999999999999,2.0,1.0,50.0,0.0,2.0,0.0,1.0,1.0,0.0,2.0,0,0,79,0.0,1.0,0.0,0.0,1.0,0.0,0.01,0.0,3.0,16.0,75.0,5.0,40.0,1.0,0.0,0.0,0.0,0,3.0,15.0,2.0,0,1,0,0,0,0,0,0,0
802,Michael Woud,42,GK,22,0,0,0,0,0,0.0,0.0,0.0,0.0,0.0,0.0,0.0,0.0,0.0,0.0,0.0,0.0,0.0,0.0,0.0,0.0,0.0,0.0,0.0,0.0,0,0,0,0.0,0.0,0.0,0.0,0.0,0.0,0.0,0.0,0.0,0.0,0.0,0.0,0.0,0.0,0.0,0.0,0.0,0,0.0,0.0,0.0,0,0,0,0,0,0,0,0,0
803,Ryan Thomas,42,MF,23,0,0,0,0,0,3.0,13003.0,78.0,216.0,30.5,3874.3,5201.7,2647.7000000000003,1051.8,226.9,6.0,3.0,50.0,1.0,4.0,1.0,5.0,1.0,0.0,1.0,0,0,103,0.0,0.0,0.0,0.0,0.0,0.0,0.0,0.0,0.0,25.0,72.0,1.0,0.0,2.0,0.0,0.0,0.0,0,2.0,50.0,7.0,3,3,0,0,0,0,0,0,0
804,Callan Elliot,42,DF,24,0,0,0,0,0,1.0,1876.0,8.0,19.0,30.9,745.4,818.0,176.6,86.3,49.5,3.0,1.0,33.33,0.0,0.0,3.0,3.0,0.0,0.0,0.0,0,0,18,0.0,0.0,0.0,0.0,0.0,0.0,0.0,0.0,0.0,6.0,67.0,0.0,0.0,0.0,0.0,0.0,0.0,0,0.0,4.0,1.0,0,0,0,0,0,0,0,0,0
805,Lachlan Bayliss,42,MF,25,0,0,0,0,0,0.0,0.0,0.0,0.0,0.0,0.0,0.0,0.0,0.0,0.0,0.0,0.0,0.0,0.0,0.0,0.0,0.0,0.0,0.0,0.0,0,0,0,0.0,0.0,0.0,0.0,0.0,0.0,0.0,0.0,0.0,0.0,0.0,0.0,0.0,0.0,0.0,0.0,0.0,0,0.0,0.0,0.0,0,0,0,0,0,0,0,0,0
806,Tommy Smith,42,DF,26,0,0,0,0,0,0.0,0.0,0.0,0.0,0.0,0.0,0.0,0.0,0.0,0.0,0.0,0.0,0.0,0.0,0.0,0.0,0.0,0.0,0.0,0.0,0,0,0,0.0,0.0,0.0,0.0,0.0,0.0,0.0,0.0,0.0,0.0,0.0,0.0,0.0,0.0,0.0,0.0,0.0,0,0.0,0.0,0.0,0,0,0,0,0,0,0,0,0
807,Orjan Nyland,22,GK,1,0,0,0,0,0,5.0,32936.0,6.0,60.0,27.6,25851.5,6456.9,543.5,73.6,10.4,111.0,60.0,54.05,7.0,3.0,101.0,111.0,0.0,0.0,0.0,0,0,554,0.0,0.0,0.0,0.0,0.0,0.0,0.0,0.0,0.0,204.0,68.0,0.0,0.0,6.0,0.0,2.0,50.0,0,0.0,0.0,0.0,0,0,0,0,0,0,17,107,93
808,Morten Thorsby,22,MF,2,0,0,0,0,0,1.0,6153.0,30.0,107.0,29.8,1753.8,2715.4,1148.2,389.1,146.0,2.0,2.0,100.0,1.0,1.0,0.0,2.0,0.0,0.0,0.0,0,0,50,0.0,0.0,0.0,0.0,0.0,0.0,0.0,0.0,0.0,18.0,94.0,0.0,0.0,0.0,0.0,0.0,0.0,0,0.0,33.0,3.0,1,0,0,0,0,0,0,0,0
809,Kristoffer Ajer,22,DF,3,0,0,0,0,0,5.0,54844.0,150.0,480.0,35.1,25041.5,21711.9,5579.199999999999,1698.3000000000002,812.6,58.0,51.0,87.93,12.0,35.0,11.0,50.0,1.0,7.0,2.0,0,0,554,0.0,0.0,0.0,0.0,0.0,0.0,0.0,0.0,0.0,273.0,94.0,2.0,100.0,1.0,100.0,0.0,0.0,0,12.0,29.0,8.0,2,1,1,0,0,0,0,0,0
810,Leo Ostigard,22,DF,4,1,1,0,0,1,5.0,18420.0,45.0,165.0,31.8,7423.9,8247.8,1922.5,588.0999999999999,237.4,27.0,20.0,74.07,8.0,6.0,13.0,27.0,0.0,0.0,0.0,1,0,184,0.0,0.0,0.0,0.0,0.0,0.0,0.0,0.0,0.0,99.0,85.0,0.0,0.0,0.0,0.0,4.0,25.0,0,1.0,8.0,3.0,2,2,0,0,0,0,0,0,0
811,David Moller Wolfe,22,DF,5,0,0,0,0,0,5.0,48590.0,216.0,520.0,33.4,17461.9,21265.9,5915.799999999999,2537.3,1409.1,65.0,46.0,70.77,6.0,39.0,20.0,60.0,2.0,3.0,7.0,0,1,477,0.0,0.0,0.0,0.0,0.0,0.0,0.0,0.0,0.0,186.0,87.0,7.0,14.0,7.0,43.0,0.0,0.0,0,13.0,70.0,22.0,7,2,0,0,0,0,0,0,0
812,Patrick Berg,22,MF,6,0,0,0,0,0,6.0,59224.0,263.0,797.0,32.2,20133.000000000004,24622.0,9430.2,3772.3,1266.3000000000002,33.0,23.0,69.7,7.0,14.0,12.0,29.0,1.0,3.0,2.0,0,2,519,0.0,3.0,0.0,0.0,3.0,0.0,0.29,0.0,10.0,174.0,93.0,13.0,38.0,1.0,0.0,2.0,100.0,0,21.0,168.0,27.0,4,2,1,0,0,0,0,0,0
813,Alexander Sorloth,22,FW,7,0,0,0,0,0,5.0,38790.0,187.0,483.0,33.7,13873.4,15800.8,5619.4,2258.9,1237.3,15.0,11.0,73.33,3.0,7.0,5.0,12.0,0.0,3.0,5.0,0,0,363,0.0,0.0,0.0,0.0,0.0,0.0,0.0,0.0,0.0,110.0,80.0,5.0,20.0,5.0,100.0,0.0,0.0,0,9.0,70.0,8.0,6,2,0,0,0,2,0,0,0
814,Sander Berge,22,MF,8,0,0,0,0,0,5.0,63083.0,192.0,770.0,33.1,21144.5,29302.9,9145.7,2737.5,752.5999999999999,83.0,79.0,95.18,31.0,42.0,10.0,82.0,0.0,1.0,2.0,0,0,554,0.0,0.0,0.0,0.0,0.0,0.0,0.0,0.0,0.0,425.0,97.0,2.0,0.0,4.0,75.0,2.0,100.0,0,9.0,101.0,17.0,6,2,0,0,0,0,0,0,0
815,Erling Haaland,22,FW,9,7,7,0,0,7,5.0,49469.0,172.0,375.0,36.5,24130.7,17409.399999999998,4526.299999999999,1994.7,1407.8000000000002,7.0,2.0,28.57,2.0,2.0,3.0,5.0,0.0,2.0,1.0,7,0,537,0.0,0.0,0.0,0.0,0.0,0.0,0.0,0.0,0.0,47.0,72.0,1.0,0.0,4.0,25.0,0.0,0.0,0,11.0,108.0,5.0,5,3,0,0,0,0,0,0,0
816,Martin Odegaard,22,MF,10,0,0,0,0,0,5.0,62929.0,302.0,878.0,32.5,20655.2,26557.9,10526.0,3757.2,1432.6999999999998,82.0,64.0,78.05,24.0,42.0,16.0,73.0,3.0,6.0,3.0,0,4,537,3.0,9.0,0.0,5.0,4.0,0.0,0.72,0.0,12.0,367.0,88.0,16.0,19.0,18.0,56.0,0.0,0.0,0,18.0,195.0,18.0,3,4,0,0,0,0,0,0,0
817,Jorgen Strand Larsen,22,FW,11,0,0,0,0,0,2.0,11704.0,47.0,120.0,31.1,5139.7,4380.2,1298.0,647.5,238.3,2.0,0.0,0.0,1.0,0.0,1.0,2.0,0.0,0.0,0.0,0,0,117,0.0,0.0,0.0,0.0,0.0,0.0,0.0,0.0,0.0,24.0,75.0,0.0,0.0,1.0,0.0,0.0,0.0,0,8.0,56.0,4.0,0,2,0,0,0,1,0,0,0
818,Sander Tangvik,22,GK,12,0,0,0,0,0,0.0,0.0,0.0,0.0,0.0,0.0,0.0,0.0,0.0,0.0,0.0,0.0,0.0,0.0,0.0,0.0,0.0,0.0,0.0,0.0,0,0,0,0.0,0.0,0.0,0.0,0.0,0.0,0.0,0.0,0.0,0.0,0.0,0.0,0.0,0.0,0.0,0.0,0.0,0,0.0,0.0,0.0,0,0,0,0,0,0,0,0,0
819,Egil Selvik,22,GK,13,0,0,0,0,0,1.0,4990.0,0.0,5.0,22.5,4119.4,807.5,58.1,4.6,0.0,17.0,10.0,58.82,1.0,2.0,14.0,17.0,0.0,0.0,0.0,0,0,100,0.0,0.0,0.0,0.0,0.0,0.0,0.0,0.0,0.0,30.0,63.0,0.0,0.0,0.0,0.0,0.0,0.0,0,0.0,0.0,0.0,0,0,0,0,0,0,5,25,22
820,Fredrik Aursnes,22,MF,14,0,0,0,0,0,6.0,40598.0,173.0,571.0,32.9,13279.7,17495.4,6653.900000000001,2435.4,733.1,57.0,44.0,77.19,14.0,20.0,23.0,55.0,0.0,2.0,4.0,0,0,355,0.0,0.0,0.0,0.0,0.0,0.0,0.0,0.0,0.0,178.0,89.0,4.0,25.0,5.0,20.0,1.0,100.0,0,8.0,63.0,20.0,5,3,0,0,0,0,0,0,0
821,Fredrik Andre Bjorkan,22,DF,15,0,0,0,0,0,1.0,5777.0,29.0,70.0,31.0,1743.6,2710.8,756.3,399.3,166.8,5.0,5.0,100.0,1.0,3.0,1.0,4.0,0.0,1.0,0.0,0,0,50,0.0,0.0,0.0,0.0,0.0,0.0,0.0,0.0,0.0,21.0,90.0,0.0,0.0,0.0,0.0,0.0,0.0,0,2.0,21.0,2.0,0,0,0,0,0,0,0,0,0
822,Marcus Holmgren Pedersen,22,DF,16,1,1,0,0,1,4.0,29767.0,137.0,322.0,35.6,12044.5,11384.5,3818.3,1635.6,884.4,31.0,16.0,51.61,1.0,6.0,24.0,28.0,1.0,2.0,7.0,1,0,273,0.0,0.0,0.0,0.0,0.0,0.0,0.0,0.0,0.0,107.0,81.0,7.0,43.0,4.0,0.0,0.0,0.0,0,7.0,50.0,12.0,3,1,0,0,0,0,0,0,0
823,Torbjorn Heggem,22,DF,17,0,0,0,0,0,5.0,51748.0,141.0,475.0,33.1,19567.9,24328.7,5457.9,1803.4,590.5,55.0,46.0,83.64,6.0,41.0,8.0,52.0,0.0,3.0,0.0,0,0,503,0.0,0.0,0.0,0.0,0.0,0.0,0.0,0.0,0.0,301.0,94.0,0.0,0.0,4.0,25.0,0.0,0.0,0,2.0,30.0,10.0,2,0,0,0,0,0,0,0,0
824,Kristian Thorstvedt,22,MF,18,0,0,0,0,0,2.0,9452.0,44.0,137.0,27.9,3223.5,3827.6,1635.4,712.1,53.3,7.0,5.0,71.43,3.0,3.0,1.0,7.0,0.0,0.0,0.0,0,0,75,0.0,0.0,0.0,0.0,0.0,0.0,0.0,0.0,0.0,24.0,79.0,0.0,0.0,1.0,0.0,0.0,0.0,0,0.0,38.0,5.0,2,1,0,0,0,0,0,0,0
825,Thelo Aasgaard,22,MF,19,1,1,0,0,1,1.0,11185.0,39.0,127.0,29.1,3584.6,5313.6,1533.3,584.2,169.2,11.0,10.0,90.91,8.0,3.0,0.0,10.0,0.0,1.0,0.0,1,0,100,0.0,0.0,0.0,0.0,0.0,0.0,0.0,0.0,0.0,43.0,88.0,0.0,0.0,1.0,100.0,1.0,100.0,0,3.0,19.0,3.0,0,3,0,0,0,0,0,0,0
826,Antonio Nusa,22,FW,20,1,1,0,0,1,6.0,35680.0,176.0,411.0,34.3,14389.1,13336.6,4735.9,2246.5,971.1,29.0,17.0,58.62,13.0,9.0,7.0,21.0,1.0,7.0,7.0,1,0,357,0.0,0.0,0.0,0.0,0.0,0.0,0.0,0.0,0.0,83.0,75.0,7.0,14.0,6.0,33.0,1.0,100.0,0,7.0,112.0,16.0,1,5,1,0,0,2,0,0,0
827,Andreas Schjelderup,22,MF,21,1,1,0,0,1,6.0,31621.0,137.0,384.0,32.8,12136.8,12453.4,4445.0,1898.6,687.1999999999999,24.0,16.0,66.67,5.0,13.0,6.0,18.0,1.0,5.0,7.0,1,3,297,2.0,3.0,33.0,3.0,0.0,0.0,0.2,5.12,0.0,104.0,86.0,7.0,14.0,9.0,56.0,2.0,50.0,0,18.0,68.0,14.0,2,3,0,0,0,0,0,0,0
828,Oscar Bobb,22,MF,22,0,0,0,0,0,6.0,29208.0,136.0,334.0,34.2,10698.8,12448.4,3872.1,1651.2999999999995,537.4,16.0,11.0,68.75,4.0,9.0,3.0,15.0,0.0,1.0,2.0,0,0,279,0.0,0.0,0.0,0.0,0.0,0.0,0.0,0.0,0.0,111.0,92.0,2.0,0.0,5.0,20.0,0.0,0.0,0,12.0,113.0,17.0,1,4,0,0,0,0,0,0,0
829,Jens Petter Hauge,22,MF,23,0,0,0,0,0,1.0,1719.0,14.0,26.0,29.2,414.6,754.1,349.5,153.2,47.3,2.0,1.0,50.0,2.0,0.0,0.0,2.0,0.0,0.0,0.0,0,0,12,0.0,0.0,0.0,0.0,0.0,0.0,0.0,0.0,0.0,3.0,67.0,0.0,0.0,0.0,0.0,0.0,0.0,0,0.0,11.0,2.0,0,0,0,0,0,0,0,0,0
830,Sondre Langas,22,DF,24,0,0,0,0,0,1.0,2881.0,11.0,26.0,35.5,1202.3,1201.6,226.5,122.1,128.3,4.0,4.0,100.0,0.0,3.0,1.0,4.0,0.0,0.0,0.0,0,0,29,0.0,0.0,0.0,0.0,0.0,0.0,0.0,0.0,0.0,10.0,90.0,0.0,0.0,0.0,0.0,1.0,100.0,0,1.0,1.0,1.0,0,0,0,0,0,0,0,0,0
831,Henrik Falchener,22,DF,25,0,0,0,0,0,1.0,6892.0,23.0,64.0,33.2,2763.1,2942.1,729.6,269.1,188.2,4.0,2.0,50.0,0.0,2.0,2.0,4.0,0.0,0.0,0.0,0,0,71,0.0,0.0,0.0,0.0,0.0,0.0,0.0,0.0,0.0,23.0,78.0,0.0,0.0,0.0,0.0,0.0,0.0,0,0.0,2.0,1.0,0,0,0,0,0,0,0,0,0
832,Julian Ryerson,22,FW,26,0,0,0,0,0,4.0,26275.0,91.0,285.0,30.2,10367.8,11001.2,3424.4000000000005,1226.8,255.2,57.0,42.0,73.68,7.0,30.0,20.0,49.0,4.0,4.0,6.0,0,0,248,0.0,0.0,0.0,0.0,0.0,0.0,0.0,0.0,0.0,149.0,88.0,14.0,50.0,13.0,46.0,0.0,0.0,0,31.0,53.0,13.0,6,1,0,0,0,0,0,0,0
833,Luis Mejia,43,GK,1,0,0,0,0,0,0.0,0.0,0.0,0.0,0.0,0.0,0.0,0.0,0.0,0.0,0.0,0.0,0.0,0.0,0.0,0.0,0.0,0.0,0.0,0.0,0,0,0,0.0,0.0,0.0,0.0,0.0,0.0,0.0,0.0,0.0,0.0,0.0,0.0,0.0,0.0,0.0,0.0,0.0,0,0.0,0.0,0.0,0,0,0,0,0,0,0,0,0
834,Cesar Blackman,43,DF,2,0,0,0,0,0,2.0,18334.0,64.0,180.0,32.9,6979.299999999999,8048.8,1997.4,912.9,395.3,11.0,9.0,81.82,0.0,9.0,2.0,11.0,0.0,0.0,0.0,0,0,187,1.0,2.0,0.0,2.0,0.0,0.0,0.08,0.0,0.0,79.0,87.0,0.0,0.0,2.0,100.0,0.0,0.0,0,7.0,41.0,12.0,2,2,1,0,0,1,0,0,0
835,Jose Cordoba,43,DF,3,0,0,0,0,0,3.0,30754.0,114.0,315.0,33.8,10780.2,14019.4,3724.0,1525.3,705.0,38.0,29.0,76.32,9.0,11.0,18.0,36.0,1.0,1.0,1.0,0,0,303,0.0,0.0,0.0,0.0,0.0,0.0,0.0,0.0,0.0,183.0,92.0,1.0,0.0,1.0,100.0,2.0,100.0,0,7.0,21.0,12.0,5,1,0,0,0,0,0,0,0
836,Fidel Escobar,43,DF,4,0,0,0,0,0,1.0,9537.0,45.0,106.0,30.2,3993.8,3795.1,1097.1,523.6,127.4,18.0,12.0,66.67,4.0,7.0,7.0,17.0,0.0,1.0,1.0,0,0,98,0.0,0.0,0.0,0.0,0.0,0.0,0.0,0.0,0.0,27.0,74.0,1.0,100.0,1.0,100.0,1.0,0.0,0,2.0,16.0,5.0,1,0,0,0,0,0,0,0,0
837,Edgardo Farina,43,DF,5,0,0,0,0,0,0.0,0.0,0.0,0.0,0.0,0.0,0.0,0.0,0.0,0.0,0.0,0.0,0.0,0.0,0.0,0.0,0.0,0.0,0.0,0.0,0,0,0,0.0,0.0,0.0,0.0,0.0,0.0,0.0,0.0,0.0,0.0,0.0,0.0,0.0,0.0,0.0,0.0,0.0,0,0.0,0.0,0.0,0,0,0,0,0,0,0,0,0
838,Cristian Martinez,43,MF,6,0,0,0,0,0,3.0,29554.0,147.0,319.0,31.9,10105.8,13410.5,3716.6,1690.9,630.3,19.0,9.0,47.37,3.0,8.0,8.0,17.0,2.0,0.0,11.0,0,0,264,0.0,1.0,0.0,1.0,0.0,0.0,0.24,0.0,4.0,78.0,73.0,12.0,17.0,9.0,22.0,1.0,0.0,0,11.0,105.0,17.0,5,5,0,0,0,1,0,0,0
839,Jose Luis Rodriguez,43,MF,7,0,0,0,0,0,3.0,25900.0,109.0,305.0,32.3,10082.0,10228.3,3566.1,1324.7,698.5999999999999,12.0,8.0,66.67,2.0,6.0,4.0,8.0,1.0,3.0,13.0,0,0,251,1.0,3.0,0.0,1.0,2.0,0.0,0.24,0.0,3.0,48.0,73.0,16.0,13.0,3.0,33.0,2.0,50.0,0,20.0,88.0,12.0,4,2,0,0,0,0,0,0,0
840,Adalberto Carrasquilla,43,MF,8,0,0,0,0,0,0.0,0.0,0.0,0.0,0.0,0.0,0.0,0.0,0.0,0.0,0.0,0.0,0.0,0.0,0.0,0.0,0.0,0.0,0.0,0.0,0,0,0,0.0,0.0,0.0,0.0,0.0,0.0,0.0,0.0,0.0,0.0,0.0,0.0,0.0,0.0,0.0,0.0,0.0,0,0.0,0.0,0.0,0,0,0,0,0,0,0,0,0
841,Tomas Rodriguez,43,FW,9,0,0,0,0,0,2.0,6034.0,32.0,75.0,31.4,2002.0,2705.9,796.2,376.6,153.29999999999998,2.0,1.0,50.0,1.0,0.0,1.0,2.0,0.0,0.0,0.0,0,0,53,1.0,1.0,0.0,0.0,1.0,0.0,0.06,0.0,0.0,9.0,78.0,0.0,0.0,1.0,100.0,0.0,0.0,0,3.0,26.0,3.0,3,1,0,0,0,0,0,0,0
842,Ismael Diaz,43,MF,10,0,0,0,0,0,2.0,6159.0,37.0,83.0,31.8,2054.6,2484.0,1054.6999999999998,399.2,166.8,5.0,5.0,100.0,2.0,1.0,2.0,5.0,0.0,0.0,0.0,0,0,52,2.0,6.0,0.0,4.0,2.0,2.0,0.39,0.0,0.0,15.0,87.0,0.0,0.0,0.0,0.0,0.0,0.0,0,3.0,20.0,1.0,0,0,0,0,0,2,0,0,0
843,Edgar Yoel Barcenas,43,MF,11,0,0,0,0,0,3.0,30790.0,101.0,426.0,31.4,9285.2,14794.0,4957.2,1471.1,282.5,31.0,22.0,70.97,11.0,10.0,10.0,28.0,1.0,2.0,1.0,0,0,272,0.0,2.0,0.0,0.0,2.0,0.0,0.05,0.0,3.0,109.0,88.0,5.0,40.0,3.0,67.0,4.0,100.0,0,9.0,74.0,6.0,3,3,1,0,0,0,0,0,0
844,Cesar Samudio,43,GK,12,0,0,0,0,0,0.0,0.0,0.0,0.0,0.0,0.0,0.0,0.0,0.0,0.0,0.0,0.0,0.0,0.0,0.0,0.0,0.0,0.0,0.0,0.0,0,0,0,0.0,0.0,0.0,0.0,0.0,0.0,0.0,0.0,0.0,0.0,0.0,0.0,0.0,0.0,0.0,0.0,0.0,0,0.0,0.0,0.0,0,0,0,0,0,0,0,0,0
845,Jiovany Ramos,43,DF,13,0,0,0,0,0,2.0,18499.0,63.0,205.0,31.7,7311.0,7654.2,2398.4,877.5,257.7,38.0,27.0,71.05,10.0,14.0,14.0,37.0,0.0,1.0,0.0,0,0,186,0.0,2.0,0.0,1.0,1.0,0.0,0.15,0.0,0.0,121.0,89.0,0.0,0.0,2.0,0.0,2.0,50.0,0,3.0,29.0,18.0,2,1,0,0,0,0,0,0,0
846,Carlos Harvey,43,DF,14,0,0,0,0,0,3.0,33574.0,118.0,446.0,32.8,9866.2,16576.0,5067.2,1664.2,399.9,31.0,21.0,67.74,12.0,5.0,14.0,29.0,0.0,2.0,1.0,0,0,295,0.0,5.0,0.0,4.0,1.0,2.0,0.29,0.0,0.0,107.0,79.0,1.0,0.0,3.0,33.0,6.0,67.0,0,28.0,53.0,19.0,8,3,1,0,0,0,0,0,0
847,Eric Davis,43,DF,15,0,0,0,0,0,2.0,1809.0,18.0,30.0,26.9,420.1,679.9,424.6,234.6,50.0,4.0,1.0,25.0,0.0,1.0,3.0,2.0,2.0,0.0,2.0,0,0,14,0.0,1.0,0.0,0.0,1.0,0.0,0.0,0.0,2.0,7.0,43.0,3.0,33.0,2.0,0.0,0.0,0.0,0,1.0,1.0,1.0,0,1,0,0,0,0,0,0,0
848,Andres Andrade,43,DF,16,0,0,0,0,0,3.0,30385.0,117.0,322.0,33.2,11490.1,13013.5,3865.5,1311.6999999999998,703.8000000000001,91.0,64.0,70.33,15.0,40.0,36.0,86.0,5.0,0.0,8.0,0,0,303,0.0,0.0,0.0,0.0,0.0,0.0,0.0,0.0,0.0,178.0,83.0,8.0,0.0,7.0,29.0,5.0,80.0,0,10.0,38.0,19.0,4,0,1,0,0,0,0,0,0
849,Jose Fajardo,43,FW,17,0,0,0,0,0,3.0,19207.0,110.0,236.0,33.2,5877.7,8274.6,2948.9,1398.0,708.2,2.0,2.0,100.0,1.0,1.0,0.0,2.0,0.0,0.0,0.0,0,0,176,0.0,1.0,0.0,1.0,0.0,1.0,0.25,0.0,0.0,18.0,61.0,0.0,0.0,1.0,100.0,0.0,0.0,0,18.0,99.0,19.0,4,3,1,0,0,1,0,0,0
850,Cecilio Waterman,43,FW,18,0,0,0,0,0,2.0,8773.0,34.0,82.0,30.3,3498.8,3668.1,964.6,429.0,212.5,2.0,1.0,50.0,1.0,1.0,0.0,2.0,0.0,0.0,0.0,0,0,85,1.0,2.0,0.0,2.0,0.0,0.0,0.05,0.0,0.0,10.0,70.0,0.0,0.0,1.0,0.0,0.0,0.0,0,7.0,19.0,2.0,1,1,0,0,0,0,0,0,0
851,Alberto Quintero,43,MF,19,0,0,0,0,0,1.0,1246.0,8.0,17.0,29.5,280.8,546.6,233.2,116.1,69.6,1.0,1.0,100.0,1.0,0.0,0.0,1.0,0.0,0.0,1.0,0,0,8,0.0,0.0,0.0,0.0,0.0,0.0,0.0,0.0,0.0,3.0,100.0,1.0,0.0,0.0,0.0,0.0,0.0,0,0.0,1.0,0.0,1,0,0,0,0,0,0,0,0
852,Anibal Godoy,43,MF,20,0,0,0,0,0,1.0,1239.0,4.0,18.0,27.2,451.1,406.0,305.8,61.3,14.8,5.0,4.0,80.0,0.0,3.0,2.0,4.0,1.0,0.0,1.0,0,0,11,0.0,0.0,0.0,0.0,0.0,0.0,0.0,0.0,0.0,8.0,100.0,1.0,0.0,1.0,100.0,1.0,0.0,0,0.0,2.0,1.0,0,1,0,0,0,0,0,0,0
853,Cesar Yanis,43,MF,21,0,0,0,0,0,0.0,0.0,0.0,0.0,0.0,0.0,0.0,0.0,0.0,0.0,0.0,0.0,0.0,0.0,0.0,0.0,0.0,0.0,0.0,0.0,0,0,0,0.0,0.0,0.0,0.0,0.0,0.0,0.0,0.0,0.0,0.0,0.0,0.0,0.0,0.0,0.0,0.0,0.0,0,0.0,0.0,0.0,0,0,0,0,0,0,0,0,0
854,Orlando Mosquera,43,GK,22,0,0,0,0,0,3.0,15112.0,11.0,31.0,24.8,11678.7,2984.1000000000004,338.8,110.7,0.0,44.0,18.0,40.91,5.0,5.0,34.0,44.0,0.0,0.0,0.0,0,0,303,0.0,0.0,0.0,0.0,0.0,0.0,0.0,0.0,0.0,103.0,72.0,0.0,0.0,2.0,0.0,2.0,100.0,0,0.0,0.0,0.0,0,0,0,0,0,0,9,48,42
855,Amir Murillo,43,DF,23,0,0,0,0,0,3.0,31781.0,156.0,332.0,34.1,12133.7,12664.3,3911.7,2125.3,946.3,42.0,26.0,61.9,9.0,10.0,23.0,35.0,3.0,4.0,8.0,0,0,303,1.0,5.0,0.0,4.0,1.0,0.0,0.37,0.0,0.0,112.0,79.0,8.0,50.0,12.0,58.0,1.0,100.0,0,11.0,68.0,15.0,1,7,0,0,0,1,0,0,0
856,Azarias Londono,43,FW,24,0,0,0,0,0,3.0,8536.0,41.0,100.0,32.7,2750.5999999999995,3956.1,1141.2,502.1,186.4,7.0,5.0,71.43,2.0,4.0,1.0,5.0,1.0,1.0,1.0,0,0,76,0.0,1.0,0.0,0.0,1.0,0.0,0.01,0.0,0.0,21.0,95.0,1.0,0.0,2.0,50.0,0.0,0.0,0,1.0,24.0,3.0,1,0,0,0,0,0,0,0,0
857,Roderick Miller,43,DF,25,0,0,0,0,0,0.0,0.0,0.0,0.0,0.0,0.0,0.0,0.0,0.0,0.0,0.0,0.0,0.0,0.0,0.0,0.0,0.0,0.0,0.0,0.0,0,0,0,0.0,0.0,0.0,0.0,0.0,0.0,0.0,0.0,0.0,0.0,0.0,0.0,0.0,0.0,0.0,0.0,0.0,0,0.0,0.0,0.0,0,0,0,0,0,0,0,0,0
858,Jorge Gutierrez,43,DF,26,0,0,0,0,0,1.0,9490.0,43.0,117.0,30.2,3697.7,3724.0,1275.6,600.0,192.9,5.0,4.0,80.0,1.0,1.0,3.0,5.0,0.0,0.0,0.0,0,0,90,0.0,0.0,0.0,0.0,0.0,0.0,0.0,0.0,0.0,23.0,83.0,0.0,0.0,1.0,0.0,0.0,0.0,0,6.0,28.0,10.0,1,2,0,0,0,0,0,0,0
859,Gatito Fernandez,32,GK,1,0,0,0,0,0,0.0,0.0,0.0,0.0,0.0,0.0,0.0,0.0,0.0,0.0,0.0,0.0,0.0,0.0,0.0,0.0,0.0,0.0,0.0,0.0,0,0,0,0.0,0.0,0.0,0.0,0.0,0.0,0.0,0.0,0.0,0.0,0.0,0.0,0.0,0.0,0.0,0.0,0.0,0,0.0,0.0,0.0,0,0,0,0,0,0,0,0,0
860,Gustavo Velazquez,32,DF,2,0,0,0,0,0,5.0,25381.0,66.0,197.0,31.9,11890.2,10045.1,2203.2,913.5,329.29999999999995,32.0,13.0,40.62,0.0,6.0,26.0,31.0,1.0,0.0,4.0,0,0,293,0.0,0.0,0.0,0.0,0.0,0.0,0.0,0.0,0.0,80.0,71.0,4.0,0.0,6.0,17.0,3.0,100.0,0,3.0,24.0,3.0,2,0,0,0,0,0,0,0,0
861,Omar Alderete,32,DF,3,0,0,0,0,0,4.0,33032.0,94.0,271.0,32.1,16443.100000000002,11946.6,3119.7000000000003,1214.5,307.79999999999995,37.0,17.0,45.95,8.0,7.0,22.0,37.0,0.0,0.0,0.0,0,0,363,0.0,1.0,0.0,0.0,1.0,0.0,0.01,0.0,0.0,97.0,72.0,0.0,0.0,3.0,33.0,2.0,50.0,0,6.0,9.0,3.0,2,3,0,0,0,0,0,0,0
862,Juan Jose Caceres,32,DF,4,0,0,0,0,0,5.0,48659.0,193.0,521.0,33.9,19606.8,19762.9,5866.4,2515.9,906.7000000000002,68.0,27.0,39.71,8.0,13.0,47.0,64.0,3.0,1.0,9.0,0,0,488,1.0,2.0,0.0,1.0,1.0,0.0,0.07,0.0,0.0,129.0,62.0,9.0,11.0,13.0,31.0,2.0,50.0,0,17.0,154.0,41.0,9,6,1,0,0,0,0,0,0
863,Fabian Balbuena,32,DF,5,0,0,0,0,0,1.0,90.0,1.0,2.0,21.6,28.2,22.2,15.3,24.3,0.0,0.0,0.0,0.0,0.0,0.0,0.0,0.0,0.0,0.0,0.0,0,0,0,0.0,0.0,0.0,0.0,0.0,0.0,0.0,0.0,0.0,0.0,0.0,0.0,0.0,0.0,0.0,0.0,0.0,0,0.0,0.0,0.0,0,0,0,0,0,0,0,0,0
864,Junior Alonso,32,DF,6,0,0,0,0,0,5.0,43140.0,123.0,457.0,31.3,20133.800000000003,15995.1,5001.4,1535.5,474.5,56.0,24.0,42.86,6.0,12.0,38.0,55.0,0.0,1.0,1.0,0,0,456,1.0,3.0,0.0,1.0,2.0,0.0,0.2,0.0,0.0,116.0,59.0,1.0,0.0,7.0,29.0,2.0,100.0,0,31.0,140.0,16.0,3,3,1,0,0,1,0,0,0
865,Ramon Sosa,32,MF,7,0,0,0,0,0,1.0,2290.0,16.0,36.0,26.1,612.5,1019.1,458.0,192.1,8.0,0.0,0.0,0.0,0.0,0.0,0.0,0.0,0.0,0.0,0.0,0,0,19,0.0,0.0,0.0,0.0,0.0,0.0,0.0,0.0,0.0,3.0,100.0,0.0,0.0,0.0,0.0,0.0,0.0,0,0.0,12.0,1.0,0,1,0,0,0,0,0,0,0
866,Diego Gomez,32,MF,8,0,0,0,0,0,4.0,37312.0,179.0,492.0,32.7,13237.0,14733.000000000002,6084.9,2521.5,735.6,29.0,17.0,58.62,5.0,9.0,15.0,26.0,1.0,2.0,0.0,0,0,332,0.0,6.0,0.0,2.0,4.0,0.0,0.25,0.0,1.0,101.0,79.0,2.0,0.0,4.0,25.0,2.0,100.0,0,23.0,147.0,37.0,5,1,2,0,0,0,0,0,0
867,Antonio Sanabria,32,FW,9,0,0,0,0,0,2.0,9968.0,45.0,113.0,31.1,3567.4,4398.4,1201.5,565.8,234.7,0.0,0.0,0.0,0.0,0.0,0.0,0.0,0.0,0.0,0.0,0,0,95,0.0,0.0,0.0,0.0,0.0,0.0,0.0,0.0,0.0,10.0,70.0,0.0,0.0,0.0,0.0,0.0,0.0,0,4.0,38.0,2.0,1,2,0,0,0,0,0,0,0
868,Miguel Almiron,32,MF,10,0,0,0,0,0,4.0,33178.0,129.0,357.0,33.3,11742.3,14747.0,4376.5,1560.4,751.2,19.0,11.0,57.89,4.0,7.0,8.0,13.0,1.0,5.0,1.0,0,0,306,0.0,4.0,0.0,1.0,3.0,0.0,0.11,0.0,2.0,67.0,73.0,4.0,0.0,6.0,67.0,0.0,0.0,0,17.0,123.0,21.0,2,7,1,1,0,0,0,0,0
869,Mauricio,32,MF,11,1,1,0,0,1,4.0,22291.0,110.0,321.0,32.1,7445.5,9095.4,3930.1,1408.6,411.6,17.0,8.0,47.06,3.0,5.0,9.0,14.0,3.0,0.0,6.0,1,0,208,3.0,4.0,25.0,2.0,2.0,0.0,0.32,3.12,5.0,69.0,78.0,12.0,17.0,4.0,25.0,1.0,100.0,0,10.0,75.0,4.0,3,3,0,0,0,0,0,0,0
870,Orlando Gill,32,GK,12,0,0,0,0,0,5.0,31440.0,5.0,49.0,24.6,25019.4,5871.699999999999,473.1,75.19999999999999,0.0,113.0,40.0,35.4,0.0,2.0,111.0,113.0,0.0,0.0,0.0,0,0,554,0.0,0.0,0.0,0.0,0.0,0.0,0.0,0.0,0.0,159.0,43.0,0.0,0.0,10.0,0.0,1.0,100.0,0,1.0,0.0,0.0,0,3,0,0,0,0,28,141,124
871,Jose Canale,32,DF,13,0,0,0,0,0,4.0,17328.0,37.0,123.0,31.7,8264.400000000001,6979.5,1471.1999999999998,445.3,167.79999999999998,12.0,8.0,66.67,2.0,3.0,7.0,12.0,0.0,0.0,1.0,0,0,198,0.0,0.0,0.0,0.0,0.0,0.0,0.0,0.0,0.0,27.0,67.0,1.0,0.0,1.0,0.0,0.0,0.0,0,2.0,17.0,4.0,1,2,0,0,0,0,0,0,0
872,Andres Cubas,32,MF,14,0,0,0,0,0,5.0,60749.0,205.0,756.0,31.2,19743.1,28754.2,8795.5,2773.9,682.2,30.0,24.0,80.0,10.0,12.0,8.0,30.0,0.0,0.0,0.0,0,0,554,0.0,1.0,0.0,0.0,1.0,0.0,0.02,0.0,0.0,117.0,83.0,0.0,0.0,1.0,0.0,1.0,100.0,0,43.0,231.0,57.0,14,3,1,0,0,0,0,0,0
873,Gustavo Gomez,32,DF,15,0,0,0,0,0,5.0,49083.0,109.0,342.0,32.3,25429.300000000003,17731.6,3871.5,1452.1,598.1,14.0,8.0,57.14,2.0,2.0,10.0,14.0,0.0,0.0,0.0,0,0,554,0.0,2.0,0.0,2.0,0.0,2.0,0.07,0.0,0.0,91.0,88.0,0.0,0.0,0.0,0.0,0.0,0.0,0,9.0,31.0,10.0,3,2,0,0,0,1,0,0,0
874,Damian Bobadilla,32,MF,16,0,0,0,1,1,4.0,25836.0,98.0,336.0,31.1,8937.6,11204.9,3891.1,1432.3,369.7,5.0,2.0,40.0,3.0,2.0,0.0,5.0,0.0,0.0,1.0,0,0,216,0.0,0.0,0.0,0.0,0.0,0.0,0.0,0.0,0.0,32.0,75.0,1.0,100.0,1.0,0.0,1.0,100.0,1,5.0,95.0,22.0,1,1,0,0,0,0,0,0,0
875,Alejandro Romero Gamarra,32,FW,17,0,0,0,0,0,1.0,2181.0,11.0,35.0,23.5,559.2,1059.4,407.8,154.7,0.0,6.0,4.0,66.67,3.0,1.0,2.0,6.0,0.0,0.0,0.0,0,0,18,0.0,0.0,0.0,0.0,0.0,0.0,0.0,0.0,0.0,10.0,60.0,0.0,0.0,0.0,0.0,1.0,100.0,0,3.0,13.0,5.0,1,1,0,0,0,0,0,0,0
876,Alex Arce,32,FW,18,0,0,0,0,0,2.0,7713.0,46.0,122.0,30.1,2267.2,2998.8,1565.5,668.0999999999999,213.1,1.0,1.0,100.0,1.0,0.0,0.0,1.0,0.0,0.0,0.0,0,0,64,0.0,0.0,0.0,0.0,0.0,0.0,0.0,0.0,0.0,10.0,70.0,0.0,0.0,0.0,0.0,0.0,0.0,0,1.0,32.0,4.0,1,0,1,0,0,0,0,0,0
877,Julio Enciso,32,FW,19,1,1,0,0,1,5.0,46088.0,237.0,538.0,33.9,15250.5,19577.5,6560.1,3032.3,1668.1,13.0,9.0,69.23,5.0,6.0,2.0,7.0,1.0,5.0,3.0,1,2,431,1.0,8.0,13.0,6.0,2.0,1.0,0.74,1.36,2.0,68.0,81.0,7.0,43.0,3.0,33.0,2.0,50.0,0,20.0,209.0,17.0,3,10,0,0,0,0,0,0,0
878,Braian Ojeda,32,MF,20,0,0,0,0,0,1.0,2756.0,13.0,31.0,28.0,1100.3,1053.9,356.0,200.2,46.2,3.0,2.0,66.67,2.0,1.0,0.0,3.0,0.0,0.0,0.0,0,0,28,0.0,0.0,0.0,0.0,0.0,0.0,0.0,0.0,0.0,7.0,86.0,0.0,0.0,0.0,0.0,0.0,0.0,0,1.0,4.0,1.0,0,0,0,0,0,0,0,0,0
879,Gabriel Avalos,32,FW,21,0,0,0,0,0,4.0,18765.0,69.0,185.0,31.2,6814.9,8383.7,2607.1,761.1,198.1,7.0,1.0,14.29,0.0,0.0,7.0,7.0,0.0,0.0,0.0,0,0,170,0.0,1.0,0.0,1.0,0.0,0.0,0.05,0.0,0.0,23.0,52.0,0.0,0.0,4.0,25.0,0.0,0.0,0,5.0,46.0,5.0,1,2,0,0,0,0,0,0,0
880,Gaston Olveira,32,GK,22,0,0,0,0,0,0.0,0.0,0.0,0.0,0.0,0.0,0.0,0.0,0.0,0.0,0.0,0.0,0.0,0.0,0.0,0.0,0.0,0.0,0.0,0.0,0,0,0,0.0,0.0,0.0,0.0,0.0,0.0,0.0,0.0,0.0,0.0,0.0,0.0,0.0,0.0,0.0,0.0,0.0,0,0.0,0.0,0.0,0,0,0,0,0,0,0,0,0
881,Matias Galarza,32,MF,23,1,1,0,0,1,4.0,48497.0,237.0,560.0,31.1,16797.1,20374.6,6678.099999999999,3410.6,1236.1,27.0,15.0,55.56,9.0,7.0,11.0,26.0,0.0,1.0,4.0,1,1,439,1.0,2.0,50.0,0.0,2.0,0.0,0.07,13.75,0.0,113.0,73.0,4.0,25.0,6.0,33.0,0.0,0.0,0,42.0,197.0,61.0,10,9,2,0,0,0,0,0,0
882,Gustavo Caballero,32,MF,24,0,0,0,0,0,2.0,12413.0,57.0,169.0,34.7,4294.3,5105.4,1866.4,764.8,382.6,2.0,1.0,50.0,0.0,1.0,1.0,2.0,0.0,0.0,0.0,0,0,117,1.0,1.0,0.0,1.0,0.0,1.0,0.07,0.0,0.0,8.0,63.0,0.0,0.0,1.0,0.0,0.0,0.0,0,2.0,36.0,8.0,2,2,0,0,0,1,0,0,0
883,Isidro Pitta,32,FW,25,0,0,0,0,0,1.0,6037.0,23.0,77.0,33.6,2129.3,2567.2,858.3,318.2,164.1,3.0,1.0,33.33,1.0,0.0,2.0,2.0,1.0,0.0,1.0,0,0,55,0.0,0.0,0.0,0.0,0.0,0.0,0.0,0.0,0.0,4.0,75.0,1.0,0.0,1.0,0.0,0.0,0.0,0,2.0,26.0,3.0,2,0,0,0,0,2,0,0,0
884,Alexandro Maidana,32,DF,26,0,0,0,0,0,2.0,8335.0,38.0,101.0,30.6,2540.5,3871.1,1076.4,602.1,245.1,7.0,2.0,28.57,1.0,1.0,5.0,7.0,0.0,0.0,1.0,0,0,69,0.0,0.0,0.0,0.0,0.0,0.0,0.0,0.0,0.0,19.0,68.0,1.0,0.0,0.0,0.0,0.0,0.0,0,2.0,30.0,6.0,0,0,0,0,0,0,0,0,0
885,Diogo Costa,23,GK,1,0,0,0,0,0,5.0,23794.0,8.0,40.0,26.7,19359.4,3893.6,439.3,88.4,13.4,36.0,16.0,44.44,2.0,4.0,30.0,36.0,0.0,0.0,0.0,0,0,518,0.0,0.0,0.0,0.0,0.0,0.0,0.0,0.0,0.0,125.0,78.0,0.0,0.0,5.0,20.0,2.0,0.0,0,0.0,0.0,0.0,0,1,0,0,0,0,20,114,93
886,Nelson Semedo,23,DF,2,0,0,0,0,0,4.0,16630.0,79.0,196.0,35.9,6069.9,6585.9,2237.7,1033.7,703.3,35.0,28.0,80.0,7.0,23.0,5.0,30.0,1.0,4.0,5.0,0,0,164,0.0,0.0,0.0,0.0,0.0,0.0,0.0,0.0,0.0,91.0,92.0,5.0,0.0,3.0,0.0,0.0,0.0,0,6.0,31.0,3.0,2,2,1,0,0,0,0,0,0
887,Ruben Dias,23,DF,3,0,0,0,0,0,4.0,43586.0,110.0,429.0,32.1,17550.0,19046.0,4939.9,1574.4999999999998,475.6,57.0,46.0,80.7,16.0,26.0,15.0,56.0,0.0,1.0,0.0,0,0,418,0.0,0.0,0.0,0.0,0.0,0.0,0.0,0.0,0.0,249.0,94.0,0.0,0.0,6.0,33.0,1.0,100.0,0,12.0,27.0,6.0,6,3,1,0,0,0,0,0,0
888,Tomas Araujo,23,DF,4,0,0,0,0,0,1.0,10213.0,39.0,113.0,29.4,4172.5,4140.8,1319.5,501.1,79.3,35.0,32.0,91.43,2.0,29.0,4.0,34.0,0.0,1.0,0.0,0,0,100,0.0,0.0,0.0,0.0,0.0,0.0,0.0,0.0,0.0,102.0,96.0,0.0,0.0,0.0,0.0,2.0,50.0,0,1.0,4.0,1.0,1,0,1,0,0,0,0,0,0
889,Diogo Dalot,23,DF,5,0,0,0,0,0,2.0,7881.0,39.0,86.0,32.4,3379.8,2709.1,1043.8000000000002,596.6,151.7,14.0,12.0,85.71,4.0,6.0,4.0,13.0,0.0,1.0,1.0,0,0,78,0.0,0.0,0.0,0.0,0.0,0.0,0.0,0.0,0.0,39.0,87.0,1.0,0.0,1.0,0.0,0.0,0.0,0,2.0,13.0,3.0,0,1,0,0,0,0,0,0,0
890,Matheus Nunes,23,MF,6,0,0,0,0,0,1.0,433.0,2.0,6.0,23.3,154.6,174.8,81.1,22.3,0.0,0.0,0.0,0.0,0.0,0.0,0.0,0.0,0.0,0.0,0.0,0,0,4,0.0,0.0,0.0,0.0,0.0,0.0,0.0,0.0,0.0,1.0,100.0,0.0,0.0,0.0,0.0,0.0,0.0,0,0.0,0.0,0.0,0,0,0,0,0,0,0,0,0
891,Cristiano Ronaldo,23,FW,7,3,2,1,0,3,5.0,41504.0,153.0,330.0,31.6,20313.7,15116.5,3577.2,1801.3,695.4,13.0,10.0,76.92,4.0,6.0,3.0,12.0,0.0,1.0,1.0,3,0,490,0.0,0.0,0.0,0.0,0.0,0.0,0.0,0.0,0.0,99.0,87.0,1.0,0.0,4.0,25.0,0.0,0.0,0,7.0,72.0,6.0,2,5,0,0,0,6,0,0,0
892,Bruno Fernandes,23,MF,8,0,0,0,0,0,5.0,50225.0,219.0,572.0,32.0,18955.000000000004,20856.2,6633.500000000001,2839.6000000000004,940.7,79.0,62.0,78.48,14.0,30.0,35.0,68.0,8.0,3.0,12.0,0,1,471,3.0,9.0,0.0,5.0,4.0,0.0,0.95,0.0,8.0,278.0,86.0,22.0,23.0,20.0,65.0,10.0,90.0,0,27.0,247.0,20.0,2,8,0,0,0,1,0,0,0
893,Goncalo Ramos,23,FW,9,1,1,0,0,1,2.0,6430.0,40.0,101.0,31.9,2064.6,2506.2,1145.9,524.8,188.3,0.0,0.0,0.0,0.0,0.0,0.0,0.0,0.0,0.0,0.0,1,0,58,0.0,0.0,0.0,0.0,0.0,0.0,0.0,0.0,0.0,11.0,91.0,0.0,0.0,0.0,0.0,0.0,0.0,0,5.0,32.0,3.0,0,0,0,0,0,0,0,0,0
894,Bernardo Silva,23,MF,10,0,0,0,0,0,4.0,16063.0,79.0,253.0,29.6,4644.5,7035.3,3061.4,1104.0,217.6,7.0,6.0,85.71,2.0,4.0,1.0,7.0,0.0,0.0,0.0,0,0,133,0.0,0.0,0.0,0.0,0.0,0.0,0.0,0.0,0.0,59.0,93.0,0.0,0.0,0.0,0.0,0.0,0.0,0,5.0,37.0,6.0,3,0,2,0,0,0,0,0,0
895,Joao Felix,23,FW,11,0,0,0,0,0,3.0,23785.0,94.0,276.0,32.7,8690.5,10207.3,3084.3,1190.3,612.2,19.0,12.0,63.16,9.0,7.0,3.0,14.0,2.0,3.0,4.0,0,0,218,0.0,0.0,0.0,0.0,0.0,0.0,0.0,0.0,0.0,60.0,78.0,4.0,0.0,9.0,33.0,0.0,0.0,0,23.0,99.0,14.0,3,6,0,0,0,0,0,0,0
896,Jose Sa,23,GK,12,0,0,0,0,0,0.0,0.0,0.0,0.0,0.0,0.0,0.0,0.0,0.0,0.0,0.0,0.0,0.0,0.0,0.0,0.0,0.0,0.0,0.0,0.0,0,0,0,0.0,0.0,0.0,0.0,0.0,0.0,0.0,0.0,0.0,0.0,0.0,0.0,0.0,0.0,0.0,0.0,0.0,0,0.0,0.0,0.0,0,0,0,0,0,0,0,0,0
897,Renato Veiga,23,DF,13,0,0,0,0,0,5.0,49868.0,145.0,498.0,32.4,22064.2,19868.5,5477.4,1976.5,481.2000000000001,81.0,73.0,90.12,19.0,54.0,8.0,78.0,0.0,3.0,0.0,0,0,518,0.0,0.0,0.0,0.0,0.0,0.0,0.0,0.0,0.0,336.0,95.0,0.0,0.0,4.0,50.0,1.0,100.0,0,9.0,45.0,11.0,5,3,2,0,0,0,0,0,0
898,Goncalo Inacio,23,DF,14,0,0,0,0,0,0.0,0.0,0.0,0.0,0.0,0.0,0.0,0.0,0.0,0.0,0.0,0.0,0.0,0.0,0.0,0.0,0.0,0.0,0.0,0.0,0,0,0,0.0,0.0,0.0,0.0,0.0,0.0,0.0,0.0,0.0,0.0,0.0,0.0,0.0,0.0,0.0,0.0,0.0,0,0.0,0.0,0.0,0,0,0,0,0,0,0,0,0
899,Joao Neves,23,MF,15,1,1,0,0,1,5.0,51137.0,197.0,638.0,30.6,15859.8,24476.9,7227.4,2787.5,785.0,46.0,40.0,86.96,16.0,19.0,11.0,46.0,0.0,0.0,1.0,1,0,450,0.0,0.0,0.0,0.0,0.0,0.0,0.0,0.0,0.0,261.0,95.0,2.0,50.0,9.0,56.0,3.0,67.0,0,19.0,192.0,28.0,1,4,0,0,0,0,0,0,0
900,Francisco Trincao,23,FW,16,0,0,0,0,0,1.0,4067.0,32.0,56.0,29.2,1165.3,1727.1,689.0,376.4,109.2,3.0,2.0,66.67,2.0,0.0,1.0,3.0,0.0,0.0,0.0,0,0,32,0.0,0.0,0.0,0.0,0.0,0.0,0.0,0.0,0.0,16.0,81.0,0.0,0.0,1.0,0.0,0.0,0.0,0,2.0,12.0,1.0,0,0,0,0,0,0,0,0,0
901,Rafael Leao,23,FW,17,1,1,0,0,1,5.0,18514.0,75.0,188.0,34.9,9010.3,5877.799999999999,2097.6000000000004,918.2,609.9000000000001,28.0,21.0,75.0,6.0,19.0,3.0,16.0,1.0,11.0,8.0,1,1,203,1.0,4.0,25.0,3.0,1.0,0.0,0.33,3.07,3.0,82.0,87.0,8.0,50.0,8.0,63.0,2.0,50.0,0,5.0,35.0,4.0,1,2,0,0,0,0,0,0,0
902,Pedro Neto,23,FW,18,0,0,0,0,0,5.0,37581.0,208.0,368.0,35.3,16447.5,12715.899999999998,4436.7,2420.6,1560.4,29.0,22.0,75.86,5.0,19.0,5.0,20.0,2.0,7.0,13.0,0,1,381,0.0,1.0,0.0,0.0,1.0,0.0,0.0,0.0,0.0,155.0,88.0,13.0,23.0,11.0,73.0,2.0,50.0,0,9.0,86.0,8.0,4,3,0,0,0,0,0,0,0
903,Goncalo Guedes,23,FW,19,0,0,0,0,0,0.0,0.0,0.0,0.0,0.0,0.0,0.0,0.0,0.0,0.0,0.0,0.0,0.0,0.0,0.0,0.0,0.0,0.0,0.0,0.0,0,0,0,0.0,0.0,0.0,0.0,0.0,0.0,0.0,0.0,0.0,0.0,0.0,0.0,0.0,0.0,0.0,0.0,0.0,0,0.0,0.0,0.0,0,0,0,0,0,0,0,0,0
904,Joao Cancelo,23,DF,20,0,0,0,0,0,5.0,36827.0,151.0,388.0,32.9,14326.8,15135.2,4759.1,1985.4,620.2,51.0,36.0,70.59,5.0,25.0,21.0,44.0,5.0,2.0,12.0,0,1,342,0.0,3.0,0.0,1.0,2.0,0.0,0.06,0.0,1.0,184.0,87.0,12.0,33.0,9.0,56.0,4.0,75.0,0,13.0,66.0,13.0,6,2,0,0,0,1,0,0,0
905,Ruben Neves,23,MF,21,0,0,0,0,0,2.0,9241.0,36.0,123.0,30.2,3025.8,4122.9,1407.1,550.4,135.10000000000002,6.0,5.0,83.33,0.0,4.0,2.0,6.0,0.0,0.0,0.0,0,0,76,0.0,0.0,0.0,0.0,0.0,0.0,0.0,0.0,0.0,29.0,93.0,0.0,0.0,2.0,50.0,0.0,0.0,0,3.0,37.0,0.0,0,0,0,0,0,0,0,0,0
906,Rui Silva,23,GK,22,0,0,0,0,0,0.0,0.0,0.0,0.0,0.0,0.0,0.0,0.0,0.0,0.0,0.0,0.0,0.0,0.0,0.0,0.0,0.0,0.0,0.0,0.0,0,0,0,0.0,0.0,0.0,0.0,0.0,0.0,0.0,0.0,0.0,0.0,0.0,0.0,0.0,0.0,0.0,0.0,0.0,0,0.0,0.0,0.0,0,0,0,0,0,0,0,0,0
907,Vitinha,23,MF,23,0,0,0,0,0,5.0,46256.0,174.0,559.0,31.4,14323.6,22527.4,6567.099999999999,2341.4,496.7000000000001,96.0,84.0,87.5,27.0,51.0,18.0,94.0,0.0,2.0,0.0,0,0,404,0.0,0.0,0.0,0.0,0.0,0.0,0.0,0.0,0.0,403.0,94.0,0.0,0.0,7.0,71.0,11.0,100.0,0,19.0,124.0,13.0,4,5,0,0,0,0,0,0,0
908,Samu Costa,23,DF,24,0,0,0,0,0,1.0,2860.0,7.0,33.0,30.6,1144.9,1174.7,331.2,119.9,89.3,5.0,5.0,100.0,1.0,4.0,0.0,5.0,0.0,0.0,0.0,0,0,26,0.0,0.0,0.0,0.0,0.0,0.0,0.0,0.0,0.0,11.0,100.0,0.0,0.0,0.0,0.0,0.0,0.0,0,2.0,10.0,1.0,0,0,0,0,0,0,0,0,0
909,Nuno Mendes,23,DF,25,1,1,0,0,1,5.0,39050.0,160.0,382.0,35.2,16451.600000000002,14993.9,4503.4,1897.2,1203.3,83.0,52.0,62.65,16.0,37.0,30.0,74.0,5.0,4.0,12.0,1,0,447,0.0,0.0,0.0,0.0,0.0,0.0,0.0,0.0,0.0,282.0,85.0,21.0,29.0,17.0,53.0,4.0,100.0,0,10.0,78.0,16.0,3,12,0,0,0,1,0,0,0
910,Francisco Conceicao,23,FW,26,0,0,0,0,0,4.0,17532.0,87.0,201.0,33.4,6498.400000000001,6698.8,2589.2,1124.3,621.0,10.0,8.0,80.0,1.0,7.0,2.0,5.0,2.0,3.0,5.0,0,0,163,0.0,0.0,0.0,0.0,0.0,0.0,0.0,0.0,0.0,73.0,89.0,5.0,40.0,7.0,86.0,0.0,0.0,0,9.0,35.0,4.0,1,1,0,0,0,1,0,0,0
911,Mahmoud Abunada,44,GK,1,0,0,0,1,1,3.0,16006.0,2.0,20.0,26.8,12800.8,3008.2,171.70000000000002,16.4,8.9,52.0,14.0,26.92,3.0,1.0,48.0,52.0,0.0,0.0,0.0,0,0,310,0.0,0.0,0.0,0.0,0.0,0.0,0.0,0.0,0.0,93.0,54.0,0.0,0.0,8.0,0.0,0.0,0.0,1,0.0,0.0,0.0,1,1,1,0,0,0,16,124,103
912,Pedro Miguel,44,DF,2,0,0,0,0,0,3.0,26502.0,76.0,229.0,33.4,12566.8,10194.6,2539.6,888.6000000000001,312.1,36.0,20.0,55.56,8.0,4.0,24.0,33.0,0.0,3.0,2.0,0,0,310,0.0,0.0,0.0,0.0,0.0,0.0,0.0,0.0,0.0,78.0,76.0,2.0,50.0,7.0,29.0,2.0,100.0,0,6.0,36.0,8.0,1,7,0,0,0,0,0,0,0
913,Lucas Mendes,44,DF,3,0,0,0,0,0,1.0,1535.0,9.0,17.0,27.0,502.4,675.3,219.0,127.4,10.9,0.0,0.0,0.0,0.0,0.0,0.0,0.0,0.0,0.0,0.0,0,0,13,0.0,0.0,0.0,0.0,0.0,0.0,0.0,0.0,0.0,0.0,0.0,0.0,0.0,0.0,0.0,0.0,0.0,0,1.0,5.0,1.0,0,0,0,0,0,1,0,0,0
914,Issa Laye,44,DF,4,0,0,0,0,0,3.0,29038.0,88.0,338.0,32.5,10781.7,13042.8,3796.4,1103.8,313.70000000000005,18.0,14.0,77.78,7.0,8.0,3.0,18.0,0.0,0.0,0.0,0,0,310,0.0,0.0,0.0,0.0,0.0,0.0,0.0,0.0,0.0,90.0,94.0,0.0,0.0,1.0,0.0,0.0,0.0,0,7.0,30.0,6.0,0,3,0,0,0,0,0,0,0
915,Jassem Gaber,44,DF,5,0,0,0,0,0,3.0,17053.0,55.0,232.0,28.5,5948.3,7728.5,2505.0,757.9,113.5,4.0,2.0,50.0,2.0,1.0,1.0,4.0,0.0,0.0,0.0,0,0,166,0.0,0.0,0.0,0.0,0.0,0.0,0.0,0.0,0.0,32.0,78.0,0.0,0.0,1.0,100.0,1.0,100.0,0,13.0,85.0,14.0,7,0,1,0,0,0,0,0,0
916,Abdulaziz Hatem,44,MF,6,0,0,0,0,0,1.0,5827.0,28.0,86.0,27.1,1789.8,2586.5,995.1,424.4,31.1,8.0,5.0,62.5,2.0,2.0,4.0,8.0,0.0,0.0,0.0,0,0,51,0.0,0.0,0.0,0.0,0.0,0.0,0.0,0.0,0.0,32.0,81.0,0.0,0.0,2.0,50.0,0.0,0.0,0,1.0,20.0,0.0,1,0,0,0,0,0,0,0,0
917,Ahmed Alaaeldin,44,FW,7,0,0,0,0,0,2.0,6053.0,30.0,70.0,31.7,1928.3,2814.5,764.7,388.8,156.7,3.0,0.0,0.0,0.0,1.0,2.0,3.0,0.0,0.0,0.0,0,0,55,0.0,0.0,0.0,0.0,0.0,0.0,0.0,0.0,0.0,8.0,50.0,0.0,0.0,1.0,0.0,0.0,0.0,0,2.0,22.0,4.0,1,1,0,0,0,0,0,0,0
918,Edmilson Junior,44,FW,8,0,0,0,0,0,3.0,23874.0,97.0,290.0,32.7,9289.5,9195.6,3693.6,1196.5,499.4,15.0,8.0,53.33,0.0,11.0,4.0,11.0,1.0,3.0,4.0,0,1,228,2.0,3.0,0.0,3.0,0.0,0.0,0.43,0.0,0.0,41.0,80.0,4.0,25.0,7.0,43.0,0.0,0.0,0,5.0,66.0,11.0,4,2,0,0,0,1,0,0,0
919,Mohammed Muntari,44,FW,9,0,0,0,0,0,0.0,0.0,0.0,0.0,0.0,0.0,0.0,0.0,0.0,0.0,0.0,0.0,0.0,0.0,0.0,0.0,0.0,0.0,0.0,0.0,0,0,0,0.0,0.0,0.0,0.0,0.0,0.0,0.0,0.0,0.0,0.0,0.0,0.0,0.0,0.0,0.0,0.0,0.0,0,0.0,0.0,0.0,0,0,0,0,0,0,0,0,0
920,Hassan Alhaydos,44,FW,10,1,1,0,0,1,2.0,8290.0,43.0,147.0,30.8,2483.1000000000004,3764.8,1497.1,488.0,57.400000000000006,4.0,2.0,50.0,1.0,1.0,2.0,4.0,0.0,0.0,0.0,1,0,69,0.0,0.0,0.0,0.0,0.0,0.0,0.0,0.0,0.0,14.0,71.0,0.0,0.0,1.0,0.0,0.0,0.0,0,8.0,46.0,1.0,1,1,0,0,0,0,0,0,0
921,Akram Afif,44,FW,11,0,0,0,0,0,3.0,23536.0,104.0,194.0,33.2,11289.2,8088.8,2239.6,1271.8000000000002,646.5,36.0,24.0,66.67,12.0,13.0,11.0,28.0,4.0,4.0,7.0,0,0,269,0.0,0.0,0.0,0.0,0.0,0.0,0.0,0.0,0.0,93.0,78.0,12.0,33.0,12.0,42.0,3.0,67.0,0,16.0,54.0,5.0,0,4,0,0,0,2,0,0,0
922,Karim Boudiaf,44,MF,12,0,0,0,0,0,2.0,13130.0,30.0,205.0,28.1,4424.8,5720.700000000001,2441.5,443.6,98.7,21.0,18.0,85.71,9.0,5.0,7.0,21.0,0.0,0.0,0.0,0,0,114,0.0,0.0,0.0,0.0,0.0,0.0,0.0,0.0,0.0,69.0,94.0,0.0,0.0,4.0,50.0,0.0,0.0,0,2.0,29.0,3.0,0,2,0,0,0,0,0,0,0
923,Ayoub Aloui,44,DF,13,0,0,0,0,0,2.0,15912.0,55.0,170.0,32.1,6620.1,6510.299999999999,1935.0,648.5,198.3,15.0,3.0,20.0,1.0,3.0,11.0,14.0,1.0,0.0,1.0,0,0,170,0.0,0.0,0.0,0.0,0.0,0.0,0.0,0.0,0.0,28.0,39.0,1.0,0.0,4.0,0.0,0.0,0.0,0,2.0,38.0,5.0,1,0,0,0,0,0,0,0,0
924,Homam Ahmed,44,DF,14,0,0,0,0,0,2.0,13626.0,57.0,157.0,32.6,5155.3,5710.200000000001,1658.9,702.9,398.9,14.0,10.0,71.43,1.0,7.0,6.0,13.0,1.0,0.0,3.0,0,0,134,0.0,0.0,0.0,0.0,0.0,0.0,0.0,0.0,0.0,33.0,76.0,3.0,33.0,2.0,50.0,0.0,0.0,0,3.0,45.0,6.0,4,0,0,1,0,0,0,0,0
925,Yusuf Abdurisag,44,FW,15,0,0,0,0,0,2.0,12292.0,66.0,176.0,30.4,3555.4,5170.200000000001,2132.5,974.5,459.9,7.0,3.0,42.86,4.0,1.0,2.0,6.0,0.0,1.0,0.0,0,0,105,0.0,0.0,0.0,0.0,0.0,0.0,0.0,0.0,0.0,14.0,64.0,0.0,0.0,3.0,0.0,0.0,0.0,0,8.0,60.0,8.0,1,2,0,0,0,0,0,0,0
926,Boualem Khoukhi,44,DF,16,0,0,0,0,0,3.0,25410.0,62.0,226.0,31.6,11952.0,9966.3,2664.8,635.8,191.1,37.0,26.0,70.27,9.0,9.0,19.0,34.0,1.0,2.0,1.0,0,0,310,0.0,0.0,0.0,0.0,0.0,0.0,0.0,0.0,0.0,117.0,80.0,1.0,0.0,8.0,25.0,3.0,100.0,0,5.0,21.0,12.0,2,1,0,0,0,0,0,0,0
927,Ahmed Alganehi,44,MF,17,0,0,0,0,0,1.0,4201.0,24.0,51.0,30.0,1663.7,1448.2,609.1,340.5,139.1,2.0,2.0,100.0,1.0,0.0,1.0,2.0,0.0,0.0,0.0,0,0,41,0.0,0.0,0.0,0.0,0.0,0.0,0.0,0.0,0.0,12.0,92.0,2.0,100.0,0.0,0.0,0.0,0.0,0,3.0,18.0,4.0,1,0,0,0,0,0,0,0,0
928,Sultan Albrake,44,DF,18,0,0,0,0,0,2.0,17683.0,70.0,215.0,31.9,6562.8,7398.5,2420.3,962.1,339.9,13.0,7.0,53.85,0.0,7.0,6.0,13.0,0.0,0.0,3.0,0,0,167,0.0,0.0,0.0,0.0,0.0,0.0,0.0,0.0,0.0,42.0,79.0,3.0,33.0,3.0,0.0,1.0,100.0,0,2.0,50.0,4.0,2,0,0,0,0,0,0,0,0
929,Almoez Ali,44,FW,19,0,0,0,0,0,1.0,2859.0,11.0,38.0,26.6,1029.2,1271.6,400.3,140.8,17.2,1.0,1.0,100.0,0.0,1.0,0.0,1.0,0.0,0.0,0.0,0,0,24,0.0,0.0,0.0,0.0,0.0,0.0,0.0,0.0,0.0,3.0,67.0,0.0,0.0,1.0,100.0,0.0,0.0,0,1.0,11.0,2.0,0,0,0,0,0,0,0,0,0
930,Ahmed Fathy,44,MF,20,0,0,0,0,0,3.0,18274.0,80.0,312.0,29.5,5839.6,7283.2,3888.4,1061.8,201.0,10.0,7.0,70.0,3.0,3.0,4.0,10.0,0.0,0.0,0.0,0,0,163,0.0,0.0,0.0,0.0,0.0,0.0,0.0,0.0,0.0,65.0,91.0,0.0,0.0,2.0,0.0,1.0,100.0,0,10.0,73.0,10.0,2,1,2,0,0,0,0,0,0
931,Salah Zakaria,44,GK,21,0,0,0,0,0,0.0,0.0,0.0,0.0,0.0,0.0,0.0,0.0,0.0,0.0,0.0,0.0,0.0,0.0,0.0,0.0,0.0,0.0,0.0,0.0,0,0,0,0.0,0.0,0.0,0.0,0.0,0.0,0.0,0.0,0.0,0.0,0.0,0.0,0.0,0.0,0.0,0.0,0.0,0,0.0,0.0,0.0,0,0,0,0,0,0,0,0,0
932,Meshaal Barsham,44,GK,22,0,0,0,0,0,0.0,0.0,0.0,0.0,0.0,0.0,0.0,0.0,0.0,0.0,0.0,0.0,0.0,0.0,0.0,0.0,0.0,0.0,0.0,0.0,0,0,0,0.0,0.0,0.0,0.0,0.0,0.0,0.0,0.0,0.0,0.0,0.0,0.0,0.0,0.0,0.0,0.0,0.0,0,0.0,0.0,0.0,0,0,0,0,0,0,0,0,0
933,Assim Madibo,44,MF,23,0,0,0,0,0,2.0,14696.0,30.0,208.0,29.0,4408.8,7227.0,2671.9,346.8,41.4,8.0,3.0,37.5,1.0,4.0,3.0,7.0,0.0,1.0,0.0,0,0,140,0.0,0.0,0.0,0.0,0.0,0.0,0.0,0.0,0.0,33.0,82.0,0.0,0.0,1.0,0.0,0.0,0.0,0,2.0,51.0,7.0,2,1,0,1,0,0,0,0,0
934,Tahsin Mohammed,44,FW,24,0,0,0,0,0,0.0,0.0,0.0,0.0,0.0,0.0,0.0,0.0,0.0,0.0,0.0,0.0,0.0,0.0,0.0,0.0,0.0,0.0,0.0,0.0,0,0,0,0.0,0.0,0.0,0.0,0.0,0.0,0.0,0.0,0.0,0.0,0.0,0.0,0.0,0.0,0.0,0.0,0.0,0,0.0,0.0,0.0,0,0,0,0,0,0,0,0,0
935,Alhashmi Alhussein,44,DF,25,0,0,0,0,0,1.0,4072.0,20.0,50.0,30.2,1486.9,1687.9,597.1,236.3,64.1,0.0,0.0,0.0,0.0,0.0,0.0,0.0,0.0,0.0,0.0,0,0,41,0.0,0.0,0.0,0.0,0.0,0.0,0.0,0.0,0.0,0.0,0.0,0.0,0.0,0.0,0.0,0.0,0.0,0,2.0,20.0,8.0,2,2,0,0,0,0,0,0,0
936,Mohamed Manai,44,FW,26,0,0,0,1,1,3.0,10166.0,43.0,153.0,30.2,3355.6,4168.5,1835.1,648.0999999999999,159.29999999999998,7.0,2.0,28.57,2.0,1.0,4.0,7.0,0.0,0.0,0.0,0,0,91,0.0,0.0,0.0,0.0,0.0,0.0,0.0,0.0,0.0,15.0,47.0,0.0,0.0,3.0,33.0,0.0,0.0,1,2.0,52.0,3.0,3,0,0,0,0,0,0,0,0
937,Nawaf Alaqidi,45,GK,1,0,0,0,0,0,0.0,0.0,0.0,0.0,0.0,0.0,0.0,0.0,0.0,0.0,0.0,0.0,0.0,0.0,0.0,0.0,0.0,0.0,0.0,0.0,0,0,0,0.0,0.0,0.0,0.0,0.0,0.0,0.0,0.0,0.0,0.0,0.0,0.0,0.0,0.0,0.0,0.0,0.0,0,0.0,0.0,0.0,0,0,0,0,0,0,0,0,0
938,Ali Majrashi,45,DF,2,0,0,0,0,0,0.0,0.0,0.0,0.0,0.0,0.0,0.0,0.0,0.0,0.0,0.0,0.0,0.0,0.0,0.0,0.0,0.0,0.0,0.0,0.0,0,0,0,0.0,0.0,0.0,0.0,0.0,0.0,0.0,0.0,0.0,0.0,0.0,0.0,0.0,0.0,0.0,0.0,0.0,0,0.0,0.0,0.0,0,0,0,0,0,0,0,0,0
939,Ali Lajami,45,DF,3,0,0,0,0,0,3.0,16522.0,54.0,145.0,31.6,7893.9,6103.8,1575.3000000000002,769.6,179.39999999999998,16.0,12.0,75.0,2.0,3.0,11.0,15.0,0.0,1.0,0.0,0,0,177,0.0,0.0,0.0,0.0,0.0,0.0,0.0,0.0,0.0,68.0,82.0,0.0,0.0,4.0,75.0,5.0,80.0,0,3.0,7.0,3.0,0,2,0,0,0,0,0,0,0
940,Abdulelah Alamri,45,DF,4,1,1,0,0,1,3.0,25208.0,89.0,252.0,31.6,11383.7,9589.1,2772.4,1075.4,387.2000000000001,33.0,19.0,57.58,7.0,5.0,21.0,32.0,1.0,0.0,1.0,1,0,268,0.0,0.0,0.0,0.0,0.0,0.0,0.0,0.0,0.0,99.0,82.0,1.0,100.0,3.0,67.0,0.0,0.0,0,7.0,23.0,5.0,1,0,1,0,0,0,0,0,0
941,Hassan Altambakti,45,DF,5,0,0,0,1,1,3.0,22702.0,67.0,252.0,32.2,8704.6,10355.0,2551.5,827.3,263.6,25.0,14.0,56.0,6.0,11.0,8.0,25.0,0.0,0.0,0.0,0,0,237,0.0,0.0,0.0,0.0,0.0,0.0,0.0,0.0,0.0,87.0,82.0,0.0,0.0,2.0,0.0,0.0,0.0,1,5.0,26.0,7.0,0,1,0,0,0,0,0,0,0
942,Nasser Aldawsari,45,MF,6,0,0,0,0,0,3.0,28038.0,150.0,499.0,31.4,7651.0,11574.1,6304.7,2038.3,470.1,25.0,19.0,76.0,11.0,9.0,5.0,21.0,1.0,3.0,0.0,0,0,230,0.0,0.0,0.0,0.0,0.0,0.0,0.0,0.0,0.0,107.0,86.0,1.0,0.0,2.0,50.0,1.0,0.0,0,8.0,106.0,19.0,7,2,1,0,0,0,0,0,0
943,Musab Aljuwayr,45,MF,7,0,0,0,0,0,3.0,20967.0,85.0,326.0,30.3,6367.9,9285.3,3882.1,1230.1,202.2,21.0,11.0,52.38,3.0,8.0,10.0,19.0,1.0,1.0,1.0,0,0,167,0.0,0.0,0.0,0.0,0.0,0.0,0.0,0.0,0.0,79.0,81.0,7.0,43.0,7.0,43.0,0.0,0.0,0,5.0,107.0,8.0,1,1,0,0,0,2,0,0,0
944,Aiman Yahya,45,FW,8,0,0,0,0,0,0.0,0.0,0.0,0.0,0.0,0.0,0.0,0.0,0.0,0.0,0.0,0.0,0.0,0.0,0.0,0.0,0.0,0.0,0.0,0.0,0,0,0,0.0,0.0,0.0,0.0,0.0,0.0,0.0,0.0,0.0,0.0,0.0,0.0,0.0,0.0,0.0,0.0,0.0,0,0.0,0.0,0.0,0,0,0,0,0,0,0,0,0
945,Feras Albrikan,45,FW,9,0,0,0,0,0,3.0,28286.0,123.0,328.0,31.5,10717.2,11967.2,3520.9,1466.7,614.4,10.0,2.0,20.0,9.0,1.0,0.0,9.0,0.0,1.0,0.0,0,0,262,0.0,0.0,0.0,0.0,0.0,0.0,0.0,0.0,0.0,51.0,63.0,0.0,0.0,5.0,0.0,0.0,0.0,0,11.0,150.0,11.0,2,3,1,0,0,0,0,0,0
946,Salem Aldawsari,45,FW,10,0,0,0,0,0,3.0,29452.0,160.0,400.0,33.3,11435.2,10954.2,4483.2,1896.1,683.3,23.0,14.0,60.87,6.0,10.0,7.0,21.0,1.0,1.0,1.0,0,0,276,0.0,0.0,0.0,0.0,0.0,0.0,0.0,0.0,0.0,81.0,72.0,2.0,0.0,4.0,75.0,1.0,100.0,0,15.0,120.0,15.0,3,4,1,0,0,1,0,0,0
947,Saleh Alshehri,45,FW,11,0,0,0,0,0,0.0,0.0,0.0,0.0,0.0,0.0,0.0,0.0,0.0,0.0,0.0,0.0,0.0,0.0,0.0,0.0,0.0,0.0,0.0,0.0,0,0,0,0.0,0.0,0.0,0.0,0.0,0.0,0.0,0.0,0.0,0.0,0.0,0.0,0.0,0.0,0.0,0.0,0.0,0,0.0,0.0,0.0,0,0,0,0,0,0,0,0,0
948,Saud Abdulhamid,45,DF,12,0,0,0,0,0,3.0,29778.0,150.0,324.0,32.7,11521.4,11635.0,3649.1,1919.7,1052.8,40.0,24.0,60.0,10.0,9.0,21.0,39.0,0.0,1.0,4.0,0,0,300,0.0,0.0,0.0,0.0,0.0,0.0,0.0,0.0,0.0,113.0,78.0,4.0,25.0,3.0,67.0,1.0,0.0,0,11.0,76.0,18.0,4,2,1,0,0,0,0,0,0
949,Nawaf Bu Washl,45,DF,13,0,0,0,0,0,2.0,10604.0,56.0,105.0,32.6,3825.7,4593.4,1273.1,592.3,319.4,15.0,11.0,73.33,5.0,5.0,5.0,14.0,0.0,1.0,0.0,0,0,104,0.0,0.0,0.0,0.0,0.0,0.0,0.0,0.0,0.0,46.0,76.0,0.0,0.0,1.0,0.0,0.0,0.0,0,3.0,27.0,4.0,1,1,0,0,0,0,0,0,0
950,Hassan Kadish,45,DF,14,0,0,0,0,0,0.0,0.0,0.0,0.0,0.0,0.0,0.0,0.0,0.0,0.0,0.0,0.0,0.0,0.0,0.0,0.0,0.0,0.0,0.0,0.0,0,0,0,0.0,0.0,0.0,0.0,0.0,0.0,0.0,0.0,0.0,0.0,0.0,0.0,0.0,0.0,0.0,0.0,0.0,0,0.0,0.0,0.0,0,0,0,0,0,0,0,0,0
951,Abdullah Alkhaibari,45,MF,15,0,0,0,0,0,3.0,23608.0,76.0,345.0,28.2,6860.799999999999,11884.5,3743.7,1007.8,110.7,12.0,11.0,91.67,5.0,4.0,3.0,11.0,0.0,1.0,0.0,0,0,203,0.0,0.0,0.0,0.0,0.0,0.0,0.0,0.0,0.0,58.0,83.0,0.0,0.0,1.0,0.0,0.0,0.0,0,8.0,81.0,7.0,0,2,0,0,0,0,0,0,0
952,Ziyad Aljohani,45,MF,16,0,0,0,0,0,0.0,0.0,0.0,0.0,0.0,0.0,0.0,0.0,0.0,0.0,0.0,0.0,0.0,0.0,0.0,0.0,0.0,0.0,0.0,0.0,0,0,0,0.0,0.0,0.0,0.0,0.0,0.0,0.0,0.0,0.0,0.0,0.0,0.0,0.0,0.0,0.0,0.0,0.0,0,0.0,0.0,0.0,0,0,0,0,0,0,0,0,0
953,Khalid Alghannam,45,FW,17,0,0,0,0,0,1.0,790.0,4.0,10.0,23.4,216.8,420.3,116.6,36.6,0.0,0.0,0.0,0.0,0.0,0.0,0.0,0.0,0.0,0.0,0.0,0,0,8,0.0,0.0,0.0,0.0,0.0,0.0,0.0,0.0,0.0,0.0,0.0,0.0,0.0,0.0,0.0,0.0,0.0,0,0.0,6.0,0.0,0,0,0,0,0,0,0,0,0
954,Ala Alhajji,45,MF,18,0,0,0,0,0,2.0,5355.0,33.0,98.0,26.8,1236.6,2528.1,1057.7,470.7,61.9,4.0,4.0,100.0,2.0,1.0,1.0,3.0,0.0,1.0,0.0,0,0,43,0.0,0.0,0.0,0.0,0.0,0.0,0.0,0.0,0.0,17.0,94.0,0.0,0.0,0.0,0.0,0.0,0.0,0,1.0,7.0,1.0,0,0,0,0,0,0,0,0,0
955,Abdullah Alhamddan,45,FW,19,0,0,0,0,0,3.0,10727.0,70.0,170.0,31.6,3411.4,4143.799999999999,1886.0,1006.5,279.2,4.0,3.0,75.0,1.0,3.0,0.0,3.0,0.0,1.0,1.0,0,0,88,0.0,0.0,0.0,0.0,0.0,0.0,0.0,0.0,0.0,22.0,73.0,1.0,0.0,2.0,50.0,0.0,0.0,0,5.0,62.0,5.0,2,0,0,0,0,0,0,0,0
956,Sultan Mandash,45,FW,20,0,0,0,0,0,1.0,8464.0,50.0,107.0,33.1,2777.6,3384.3,1232.4,789.2,281.1,1.0,1.0,100.0,0.0,1.0,0.0,1.0,0.0,0.0,0.0,0,0,71,0.0,0.0,0.0,0.0,0.0,0.0,0.0,0.0,0.0,9.0,78.0,0.0,0.0,0.0,0.0,0.0,0.0,0,15.0,22.0,5.0,1,2,0,0,0,0,0,0,0
957,Mohammed Alowais,45,GK,21,0,0,0,0,0,3.0,12844.0,1.0,15.0,24.1,10650.2,2055.2,123.4,15.4,0.0,44.0,14.0,31.82,2.0,0.0,42.0,44.0,0.0,0.0,0.0,0,0,306,0.0,0.0,0.0,0.0,0.0,0.0,0.0,0.0,0.0,93.0,57.0,0.0,0.0,4.0,0.0,0.0,0.0,0,0.0,0.0,0.0,0,1,0,0,0,0,17,86,78
958,Ahmed Alkassar,45,GK,22,0,0,0,0,0,0.0,0.0,0.0,0.0,0.0,0.0,0.0,0.0,0.0,0.0,0.0,0.0,0.0,0.0,0.0,0.0,0.0,0.0,0.0,0.0,0,0,0,0.0,0.0,0.0,0.0,0.0,0.0,0.0,0.0,0.0,0.0,0.0,0.0,0.0,0.0,0.0,0.0,0.0,0,0.0,0.0,0.0,0,0,0,0,0,0,0,0,0
959,Mohamed Kanno,45,MF,23,0,0,0,0,0,3.0,25496.0,88.0,287.0,31.8,11202.0,9473.5,3269.8,1120.8,430.5,28.0,24.0,85.71,15.0,9.0,4.0,25.0,0.0,3.0,1.0,0,0,256,0.0,0.0,0.0,0.0,0.0,0.0,0.0,0.0,0.0,104.0,93.0,1.0,0.0,6.0,67.0,3.0,100.0,0,10.0,84.0,14.0,5,0,1,0,0,0,0,0,0
960,Moteb Alharbi,45,DF,24,0,0,0,0,0,3.0,22511.0,107.0,235.0,33.8,8705.8,9165.0,2573.4,1313.6,753.3,26.0,16.0,61.54,6.0,11.0,9.0,25.0,0.0,1.0,2.0,0,0,213,0.0,0.0,0.0,0.0,0.0,0.0,0.0,0.0,0.0,77.0,74.0,2.0,0.0,5.0,20.0,0.0,0.0,0,11.0,64.0,2.0,0,4,0,0,0,0,0,0,0
961,Jehad Thikri,45,DF,25,0,0,0,0,0,0.0,0.0,0.0,0.0,0.0,0.0,0.0,0.0,0.0,0.0,0.0,0.0,0.0,0.0,0.0,0.0,0.0,0.0,0.0,0.0,0,0,0,0.0,0.0,0.0,0.0,0.0,0.0,0.0,0.0,0.0,0.0,0.0,0.0,0.0,0.0,0.0,0.0,0.0,0,0.0,0.0,0.0,0,0,0,0,0,0,0,0,0
962,Mohammed Abu Alshamat,45,DF,26,0,0,0,0,0,3.0,17130.0,87.0,212.0,31.3,5813.6,7428.0,2443.8,1082.9,361.9,16.0,8.0,50.0,3.0,4.0,9.0,15.0,1.0,0.0,3.0,0,0,153,0.0,0.0,0.0,0.0,0.0,0.0,0.0,0.0,0.0,64.0,80.0,3.0,0.0,4.0,25.0,1.0,0.0,0,10.0,67.0,16.0,2,1,0,0,0,0,0,0,0
963,Angus Gunn,33,GK,1,0,0,0,0,0,3.0,17506.0,6.0,29.0,24.4,13417.2,3655.1,368.5,65.1,0.0,46.0,24.0,52.17,1.0,2.0,43.0,46.0,0.0,0.0,0.0,0,0,306,0.0,0.0,0.0,0.0,0.0,0.0,0.0,0.0,0.0,119.0,76.0,0.0,0.0,0.0,0.0,1.0,100.0,0,0.0,0.0,0.0,0,0,0,0,0,0,9,75,64
964,Aaron Hickey,33,DF,2,0,0,0,0,0,1.0,8361.0,30.0,103.0,32.4,3069.9,3665.5,1107.2,340.7,178.1,10.0,8.0,80.0,3.0,4.0,3.0,9.0,1.0,0.0,1.0,0,0,79,0.0,0.0,0.0,0.0,0.0,0.0,0.0,0.0,0.0,42.0,90.0,1.0,0.0,1.0,100.0,0.0,0.0,0,1.0,16.0,5.0,2,4,1,0,0,0,0,0,0
965,Andy Robertson,33,DF,3,0,0,0,0,0,3.0,25388.0,107.0,246.0,33.9,11001.9,9398.0,2827.4,1408.7,751.9000000000001,54.0,32.0,59.26,8.0,18.0,28.0,45.0,8.0,1.0,8.0,0,0,255,0.0,0.0,0.0,0.0,0.0,0.0,0.0,0.0,0.0,153.0,81.0,11.0,36.0,7.0,14.0,3.0,33.0,0,13.0,47.0,5.0,3,1,1,0,0,0,0,0,0
966,Scott Mctominay,33,MF,4,0,0,0,0,0,3.0,36354.0,135.0,483.0,30.4,11380.0,16989.4,5805.200000000001,1805.6,373.2,23.0,20.0,86.96,9.0,10.0,4.0,23.0,0.0,0.0,0.0,0,0,306,3.0,8.0,0.0,8.0,0.0,3.0,0.65,0.0,0.0,96.0,91.0,0.0,0.0,1.0,100.0,2.0,100.0,0,11.0,103.0,6.0,3,0,0,0,0,0,0,0,0
967,Grant Hanley,33,DF,5,0,0,0,0,0,2.0,19775.0,45.0,173.0,32.4,8756.3,8399.2,1846.9,550.1,222.5,25.0,20.0,80.0,2.0,10.0,13.0,25.0,0.0,0.0,0.0,0,0,203,0.0,0.0,0.0,0.0,0.0,0.0,0.0,0.0,0.0,101.0,93.0,0.0,0.0,5.0,40.0,3.0,100.0,0,2.0,11.0,2.0,1,0,0,0,0,1,0,0,0
968,Kieran Tierney,33,DF,6,0,0,0,0,0,2.0,12307.0,65.0,119.0,33.4,4868.7,4880.2,1471.8000000000002,695.3,391.0,12.0,7.0,58.33,2.0,4.0,6.0,12.0,0.0,0.0,7.0,0,0,115,0.0,0.0,0.0,0.0,0.0,0.0,0.0,0.0,0.0,48.0,75.0,7.0,43.0,1.0,100.0,2.0,50.0,0,12.0,31.0,6.0,3,2,0,0,0,0,0,0,0
969,John Mcginn,33,MF,7,1,1,0,0,1,3.0,28477.0,98.0,331.0,30.9,12073.2,11095.5,3708.0,1280.3,320.1,20.0,16.0,80.0,5.0,10.0,5.0,13.0,2.0,5.0,5.0,1,0,277,0.0,0.0,0.0,0.0,0.0,0.0,0.0,0.0,0.0,55.0,85.0,9.0,56.0,7.0,57.0,1.0,0.0,0,5.0,89.0,3.0,2,11,0,0,0,0,0,0,0
970,Tyler Fletcher,33,MF,8,0,0,0,0,0,0.0,0.0,0.0,0.0,0.0,0.0,0.0,0.0,0.0,0.0,0.0,0.0,0.0,0.0,0.0,0.0,0.0,0.0,0.0,0.0,0,0,0,0.0,0.0,0.0,0.0,0.0,0.0,0.0,0.0,0.0,0.0,0.0,0.0,0.0,0.0,0.0,0.0,0.0,0,0.0,0.0,0.0,0,0,0,0,0,0,0,0,0
971,Lyndon Dykes,33,FW,9,0,0,0,0,0,2.0,5899.0,34.0,78.0,28.2,1785.9,2434.4,1006.9,551.8,120.4,4.0,1.0,25.0,1.0,1.0,2.0,2.0,1.0,1.0,1.0,0,0,49,0.0,1.0,0.0,1.0,0.0,1.0,0.15,0.0,0.0,11.0,64.0,1.0,0.0,4.0,25.0,0.0,0.0,0,3.0,22.0,3.0,2,0,0,0,0,0,0,0,0
972,Che Adams,33,FW,10,0,0,0,0,0,3.0,17235.0,75.0,192.0,33.8,6229.8,7358.8,2408.5,988.1,249.8,6.0,3.0,50.0,2.0,3.0,1.0,6.0,0.0,0.0,0.0,0,0,160,1.0,1.0,0.0,1.0,0.0,0.0,0.15,0.0,0.0,19.0,63.0,0.0,0.0,2.0,0.0,0.0,0.0,0,6.0,73.0,4.0,4,2,0,0,0,0,0,0,0
973,Ryan Christie,33,MF,11,0,0,0,0,0,3.0,14260.0,53.0,208.0,31.4,3697.3,6963.9,2707.2,683.8,208.1,5.0,5.0,100.0,2.0,2.0,1.0,4.0,1.0,0.0,1.0,0,0,114,0.0,2.0,0.0,1.0,1.0,0.0,0.15,0.0,0.0,35.0,83.0,1.0,100.0,1.0,100.0,0.0,0.0,0,3.0,52.0,8.0,2,1,1,0,0,0,0,0,0
974,Liam Kelly,33,GK,12,0,0,0,0,0,0.0,0.0,0.0,0.0,0.0,0.0,0.0,0.0,0.0,0.0,0.0,0.0,0.0,0.0,0.0,0.0,0.0,0.0,0.0,0.0,0,0,0,0.0,0.0,0.0,0.0,0.0,0.0,0.0,0.0,0.0,0.0,0.0,0.0,0.0,0.0,0.0,0.0,0.0,0,0.0,0.0,0.0,0,0,0,0,0,0,0,0,0
975,Jack Hendry,33,DF,13,0,0,0,0,0,3.0,30532.0,123.0,349.0,33.6,12377.5,12194.3,3747.0,1480.0,733.5,38.0,32.0,84.21,5.0,28.0,5.0,34.0,0.0,4.0,0.0,0,0,306,0.0,0.0,0.0,0.0,0.0,0.0,0.0,0.0,0.0,180.0,95.0,0.0,0.0,2.0,0.0,1.0,0.0,0,2.0,15.0,4.0,1,3,0,0,0,0,0,0,0
976,Ross Stewart,33,FW,14,0,0,0,0,0,1.0,1157.0,7.0,22.0,27.6,208.6,535.5,296.8,89.3,26.9,0.0,0.0,0.0,0.0,0.0,0.0,0.0,0.0,0.0,0.0,0,0,7,0.0,0.0,0.0,0.0,0.0,0.0,0.0,0.0,0.0,0.0,0.0,0.0,0.0,0.0,0.0,0.0,0.0,0,0.0,5.0,0.0,0,0,0,0,0,0,0,0,0
977,John Souttar,33,DF,15,0,0,0,0,0,0.0,0.0,0.0,0.0,0.0,0.0,0.0,0.0,0.0,0.0,0.0,0.0,0.0,0.0,0.0,0.0,0.0,0.0,0.0,0.0,0,0,0,0.0,0.0,0.0,0.0,0.0,0.0,0.0,0.0,0.0,0.0,0.0,0.0,0.0,0.0,0.0,0.0,0.0,0,0.0,0.0,0.0,0,0,0,0,0,0,0,0,0
978,Dominic Hyam,33,DF,16,0,0,0,0,0,0.0,0.0,0.0,0.0,0.0,0.0,0.0,0.0,0.0,0.0,0.0,0.0,0.0,0.0,0.0,0.0,0.0,0.0,0.0,0.0,0,0,0,0.0,0.0,0.0,0.0,0.0,0.0,0.0,0.0,0.0,0.0,0.0,0.0,0.0,0.0,0.0,0.0,0.0,0,0.0,0.0,0.0,0,0,0,0,0,0,0,0,0
979,Ben Gannon-Doak,33,FW,17,0,0,0,0,0,3.0,20889.0,96.0,200.0,34.3,8371.9,8236.1,2391.8,1226.5,662.5999999999999,8.0,4.0,50.0,3.0,4.0,1.0,3.0,1.0,4.0,7.0,0,0,204,0.0,4.0,0.0,2.0,2.0,0.0,0.14,0.0,0.0,52.0,90.0,7.0,29.0,1.0,100.0,0.0,0.0,0,13.0,71.0,6.0,3,1,0,0,0,0,0,0,0
980,George Hirst,33,FW,18,0,0,0,0,0,0.0,0.0,0.0,0.0,0.0,0.0,0.0,0.0,0.0,0.0,0.0,0.0,0.0,0.0,0.0,0.0,0.0,0.0,0.0,0.0,0,0,0,0.0,0.0,0.0,0.0,0.0,0.0,0.0,0.0,0.0,0.0,0.0,0.0,0.0,0.0,0.0,0.0,0.0,0,0.0,0.0,0.0,0,0,0,0,0,0,0,0,0
981,Lewis Ferguson,33,MF,19,0,0,0,0,0,3.0,36575.0,119.0,451.0,31.1,9565.8,19282.6,5486.7,1595.1,644.7,57.0,47.0,82.46,14.0,30.0,13.0,55.0,1.0,1.0,0.0,0,0,306,1.0,2.0,0.0,0.0,2.0,0.0,0.09,0.0,8.0,201.0,92.0,9.0,11.0,3.0,33.0,1.0,100.0,0,15.0,87.0,28.0,5,10,0,0,0,0,0,0,0
982,Lawrence Shankland,33,FW,20,0,0,0,0,0,2.0,21052.0,70.0,258.0,29.2,7332.5,9508.8,3047.9,927.3,234.9,5.0,0.0,0.0,2.0,0.0,3.0,5.0,0.0,0.0,0.0,0,0,183,0.0,4.0,0.0,4.0,0.0,2.0,0.35,0.0,0.0,34.0,59.0,0.0,0.0,2.0,0.0,0.0,0.0,0,4.0,61.0,9.0,5,3,0,0,0,1,0,0,0
983,Craig Gordon,33,GK,21,0,0,0,0,0,0.0,0.0,0.0,0.0,0.0,0.0,0.0,0.0,0.0,0.0,0.0,0.0,0.0,0.0,0.0,0.0,0.0,0.0,0.0,0.0,0,0,0,0.0,0.0,0.0,0.0,0.0,0.0,0.0,0.0,0.0,0.0,0.0,0.0,0.0,0.0,0.0,0.0,0.0,0,0.0,0.0,0.0,0,0,0,0,0,0,0,0,0
984,Nathan Patterson,33,DF,22,0,0,0,0,0,3.0,21036.0,86.0,203.0,32.1,8674.8,8389.6,2258.5,1025.4,687.7,29.0,20.0,68.97,6.0,10.0,13.0,28.0,1.0,0.0,2.0,0,0,204,0.0,0.0,0.0,0.0,0.0,0.0,0.0,0.0,0.0,109.0,86.0,2.0,0.0,3.0,0.0,1.0,100.0,0,7.0,37.0,9.0,2,0,0,0,0,0,0,0,0
985,Kenny Mclean,33,MF,23,0,0,0,0,0,3.0,16438.0,56.0,188.0,29.2,5484.400000000001,7720.4,2210.3,898.7,124.7,21.0,20.0,95.24,9.0,10.0,2.0,18.0,1.0,2.0,2.0,0,0,144,0.0,1.0,0.0,0.0,1.0,0.0,0.01,0.0,0.0,63.0,89.0,2.0,50.0,2.0,100.0,0.0,0.0,0,4.0,31.0,6.0,1,1,1,0,0,0,0,0,0
986,Anthony Ralston,33,DF,24,0,0,0,0,0,2.0,2808.0,13.0,35.0,27.6,880.0,1247.1999999999998,421.3,209.1,49.7,3.0,3.0,100.0,0.0,1.0,2.0,2.0,0.0,1.0,1.0,0,0,23,0.0,0.0,0.0,0.0,0.0,0.0,0.0,0.0,0.0,5.0,100.0,1.0,100.0,1.0,100.0,1.0,100.0,0,2.0,9.0,2.0,2,0,0,0,0,0,0,0,0
987,Findlay Curtis,33,FW,25,0,0,0,0,0,2.0,2919.0,16.0,35.0,33.8,781.5,1329.7,471.8,164.60000000000002,171.8,2.0,2.0,100.0,1.0,1.0,0.0,1.0,0.0,1.0,2.0,0,0,21,0.0,0.0,0.0,0.0,0.0,0.0,0.0,0.0,0.0,2.0,100.0,2.0,0.0,1.0,100.0,0.0,0.0,0,1.0,12.0,0.0,1,0,1,0,0,0,0,0,0
988,Scott Mckenna,33,DF,26,0,0,0,0,0,1.0,9599.0,17.0,63.0,30.0,4170.8,4397.6,695.2,231.3,103.9,9.0,8.0,88.89,2.0,4.0,3.0,9.0,0.0,0.0,0.0,0,0,102,0.0,0.0,0.0,0.0,0.0,0.0,0.0,0.0,0.0,52.0,94.0,0.0,0.0,1.0,0.0,1.0,100.0,0,3.0,3.0,3.0,0,0,0,0,0,0,0,0,0
989,Yehvann Diouf,34,GK,1,0,0,0,0,0,0.0,0.0,0.0,0.0,0.0,0.0,0.0,0.0,0.0,0.0,0.0,0.0,0.0,0.0,0.0,0.0,0.0,0.0,0.0,0.0,0,0,0,0.0,0.0,0.0,0.0,0.0,0.0,0.0,0.0,0.0,0.0,0.0,0.0,0.0,0.0,0.0,0.0,0.0,0,0.0,0.0,0.0,0,0,0,0,0,0,0,0,0
990,Mamadou Sarr,34,DF,2,0,0,0,0,0,0.0,0.0,0.0,0.0,0.0,0.0,0.0,0.0,0.0,0.0,0.0,0.0,0.0,0.0,0.0,0.0,0.0,0.0,0.0,0.0,0,0,0,0.0,0.0,0.0,0.0,0.0,0.0,0.0,0.0,0.0,0.0,0.0,0.0,0.0,0.0,0.0,0.0,0.0,0,0.0,0.0,0.0,0,0,0,0,0,0,0,0,0
991,Kalidou Koulibaly,34,DF,3,0,0,0,0,0,2.0,16074.0,44.0,167.0,31.1,6950.400000000001,6326.5,2008.5,589.2,199.2,23.0,17.0,73.91,4.0,6.0,13.0,22.0,0.0,1.0,0.0,0,0,181,0.0,0.0,0.0,0.0,0.0,0.0,0.0,0.0,0.0,83.0,88.0,0.0,0.0,1.0,0.0,3.0,100.0,0,3.0,21.0,5.0,0,0,0,0,0,0,0,0,0
992,Abdoulaye Seck,34,DF,4,0,0,0,0,0,1.0,6142.0,16.0,51.0,33.0,2840.2,2380.6,624.4,211.9,85.4,2.0,0.0,0.0,0.0,0.0,2.0,2.0,0.0,0.0,0.0,0,1,66,0.0,2.0,0.0,1.0,1.0,1.0,0.05,0.0,0.0,30.0,87.0,0.0,0.0,1.0,0.0,0.0,0.0,0,1.0,3.0,1.0,1,1,1,0,0,0,0,0,0
993,Idrissa Gana Gueye,34,MF,5,0,0,0,0,0,4.0,39822.0,140.0,449.0,29.9,13768.0,18430.9,5201.0,1988.6,433.5,78.0,64.0,82.05,26.0,33.0,19.0,77.0,0.0,1.0,1.0,0,0,411,0.0,0.0,0.0,0.0,0.0,0.0,0.0,0.0,0.0,270.0,90.0,1.0,0.0,8.0,63.0,5.0,100.0,0,24.0,91.0,23.0,2,2,0,0,0,0,0,0,0
994,Pathe Ciss,34,MF,6,0,0,0,0,0,4.0,21514.0,63.0,190.0,30.1,9795.4,8550.400000000001,2208.4,829.8,129.7,34.0,29.0,85.29,4.0,16.0,14.0,32.0,0.0,2.0,0.0,0,0,232,1.0,2.0,0.0,1.0,1.0,1.0,0.2,0.0,0.0,139.0,92.0,0.0,0.0,0.0,0.0,8.0,75.0,0,3.0,11.0,5.0,1,0,0,0,0,0,0,0,0
995,Assane Diao,34,FW,7,0,0,0,0,0,1.0,1836.0,12.0,23.0,29.6,650.9,692.2,285.4,158.4,48.6,5.0,3.0,60.0,1.0,4.0,0.0,2.0,0.0,3.0,0.0,0,0,16,0.0,0.0,0.0,0.0,0.0,0.0,0.0,0.0,0.0,12.0,100.0,0.0,0.0,3.0,33.0,0.0,0.0,0,1.0,3.0,0.0,0,0,0,0,0,0,0,0,0
996,Lamine Camara,34,MF,8,0,0,0,0,0,4.0,31488.0,176.0,453.0,32.6,8985.6,14361.1,5155.6,2215.7000000000003,769.9,19.0,14.0,73.68,5.0,9.0,5.0,16.0,2.0,1.0,3.0,0,1,287,0.0,3.0,0.0,0.0,3.0,0.0,0.14,0.0,5.0,131.0,89.0,8.0,50.0,4.0,50.0,1.0,100.0,0,11.0,124.0,20.0,5,3,1,0,0,0,0,0,0
997,Bamba Dieng,34,FW,9,0,0,0,0,0,1.0,1882.0,15.0,28.0,26.9,597.6,743.1,306.0,209.5,25.9,1.0,1.0,100.0,0.0,1.0,0.0,1.0,0.0,0.0,0.0,0,0,16,0.0,0.0,0.0,0.0,0.0,0.0,0.0,0.0,0.0,3.0,100.0,0.0,0.0,0.0,0.0,0.0,0.0,0,2.0,15.0,0.0,0,0,0,0,0,0,0,0,0
998,Sadio Mane,34,FW,10,0,0,0,0,0,4.0,42225.0,204.0,435.0,32.3,16906.7,16677.3,5056.0,2635.6,949.1,36.0,30.0,83.33,12.0,19.0,5.0,24.0,1.0,11.0,22.0,0,1,421,3.0,6.0,0.0,4.0,2.0,0.0,0.58,0.0,1.0,129.0,82.0,22.0,27.0,14.0,71.0,2.0,100.0,0,14.0,129.0,16.0,4,10,0,0,0,3,0,0,0
999,Nicolas Jackson,34,FW,11,0,0,0,0,0,4.0,28134.0,154.0,304.0,33.5,10308.2,11611.7,3458.0,1704.3000000000002,1051.3,10.0,7.0,70.0,5.0,4.0,1.0,8.0,1.0,1.0,1.0,0,1,271,3.0,7.0,0.0,6.0,1.0,2.0,0.56,0.0,0.0,45.0,80.0,1.0,0.0,4.0,50.0,0.0,0.0,0,10.0,106.0,13.0,2,0,0,0,0,5,0,0,0
1000,Cherif Ndiaye,34,FW,12,0,0,0,0,0,0.0,0.0,0.0,0.0,0.0,0.0,0.0,0.0,0.0,0.0,0.0,0.0,0.0,0.0,0.0,0.0,0.0,0.0,0.0,0.0,0,0,0,0.0,0.0,0.0,0.0,0.0,0.0,0.0,0.0,0.0,0.0,0.0,0.0,0.0,0.0,0.0,0.0,0.0,0,0.0,0.0,0.0,0,0,0,0,0,0,0,0,0
1001,Iliman Ndiaye,34,FW,13,1,1,0,0,1,3.0,14673.0,74.0,188.0,32.6,4980.2,6373.5,2102.8,785.1,431.6,12.0,8.0,66.67,3.0,9.0,0.0,10.0,0.0,2.0,2.0,1,2,134,2.0,3.0,33.0,2.0,1.0,0.0,0.21,4.76,0.0,59.0,90.0,2.0,0.0,4.0,50.0,0.0,0.0,0,6.0,41.0,8.0,2,1,0,0,0,0,0,0,0
1002,Ismail Jakobs,34,DF,14,0,0,0,0,0,3.0,29465.0,141.0,384.0,34.7,8587.7,13702.2,4499.6,1766.7,909.1,26.0,18.0,69.23,1.0,11.0,14.0,24.0,1.0,1.0,11.0,0,0,257,0.0,1.0,0.0,1.0,0.0,0.0,0.11,0.0,9.0,117.0,91.0,19.0,21.0,9.0,78.0,0.0,0.0,0,13.0,51.0,10.0,2,0,0,0,0,0,0,0,0
1003,Krepin Diatta,34,DF,15,0,0,0,0,0,4.0,45457.0,164.0,467.0,32.8,17214.4,19882.4,5349.0,2217.7,794.1,72.0,57.0,79.17,11.0,39.0,22.0,64.0,2.0,6.0,9.0,0,0,459,0.0,1.0,0.0,0.0,1.0,0.0,0.04,0.0,2.0,283.0,90.0,10.0,40.0,4.0,75.0,1.0,100.0,0,7.0,44.0,13.0,4,6,0,0,0,0,0,0,0
1004,Edouard Mendy,34,GK,16,0,0,0,0,0,2.0,9884.0,2.0,18.0,22.6,7729.6,1956.1,180.0,18.2,0.0,23.0,14.0,60.87,4.0,2.0,17.0,23.0,0.0,0.0,0.0,0,0,172,0.0,0.0,0.0,0.0,0.0,0.0,0.0,0.0,0.0,60.0,82.0,0.0,0.0,0.0,0.0,1.0,100.0,0,0.0,0.0,0.0,0,0,0,0,0,0,8,34,25
1005,Pape Matar Sarr,34,MF,17,0,0,0,0,0,2.0,10329.0,44.0,157.0,28.9,3374.3,4226.5,1947.2,708.7,72.19999999999999,12.0,10.0,83.33,2.0,5.0,5.0,12.0,0.0,0.0,1.0,0,0,94,0.0,0.0,0.0,0.0,0.0,0.0,0.0,0.0,0.0,48.0,90.0,1.0,0.0,2.0,50.0,0.0,0.0,0,3.0,25.0,3.0,1,0,0,0,0,0,0,0,0
1006,Ismaila Sarr,34,FW,18,4,4,0,0,4,4.0,46720.0,216.0,556.0,34.5,16149.1,19889.7,6384.1,2967.8,1329.0,13.0,6.0,46.15,8.0,2.0,3.0,11.0,0.0,2.0,2.0,4,1,419,6.0,17.0,24.0,15.0,2.0,2.0,3.68,1.09,0.0,73.0,78.0,2.0,0.0,10.0,50.0,0.0,0.0,0,18.0,157.0,11.0,1,9,0,0,0,2,0,0,0
1007,Moussa Niakhate,34,DF,19,0,0,0,0,0,4.0,42612.0,119.0,386.0,30.9,16791.2,19471.4,4524.9,1446.4,377.8,80.0,69.0,86.25,14.0,40.0,26.0,78.0,1.0,1.0,2.0,0,1,459,0.0,1.0,0.0,1.0,0.0,1.0,0.06,0.0,0.0,290.0,93.0,2.0,50.0,1.0,100.0,4.0,75.0,0,12.0,21.0,4.0,3,6,0,0,0,0,0,0,0
1008,Ibrahim Mbaye,34,FW,20,1,1,0,0,1,4.0,18570.0,104.0,191.0,34.7,7443.5,7010.3,2199.2,1106.6,810.5,12.0,6.0,50.0,0.0,9.0,3.0,4.0,4.0,4.0,8.0,1,0,203,0.0,0.0,0.0,0.0,0.0,0.0,0.0,0.0,0.0,67.0,94.0,8.0,13.0,9.0,44.0,0.0,0.0,0,2.0,41.0,6.0,0,2,0,0,0,0,0,0,0
1009,Habib Diarra,34,MF,21,2,2,0,0,2,3.0,18234.0,92.0,221.0,33.3,6288.0,7791.6,2493.6,1132.4,528.6,14.0,11.0,78.57,5.0,7.0,2.0,12.0,0.0,2.0,1.0,2,0,168,1.0,3.0,67.0,2.0,1.0,0.0,0.54,3.68,0.0,54.0,96.0,1.0,0.0,2.0,50.0,0.0,0.0,0,12.0,73.0,14.0,2,2,0,0,0,0,0,0,0
1010,Bara Sapoko Ndiaye,34,MF,22,0,0,0,0,0,1.0,3985.0,15.0,56.0,27.0,1186.7,1999.1,616.6,154.1,28.3,2.0,1.0,50.0,0.0,0.0,2.0,2.0,0.0,0.0,1.0,0,0,36,1.0,1.0,0.0,0.0,1.0,0.0,0.04,0.0,0.0,10.0,90.0,1.0,100.0,0.0,0.0,0.0,0.0,0,2.0,11.0,3.0,0,2,0,0,0,0,0,0,0
1011,Mory Diaw,34,GK,23,0,0,0,0,0,3.0,12541.0,4.0,15.0,23.5,9928.7,2424.9,156.0,32.0,0.0,44.0,19.0,43.18,2.0,2.0,40.0,44.0,0.0,0.0,0.0,0,0,287,0.0,0.0,0.0,0.0,0.0,0.0,0.0,0.0,0.0,95.0,67.0,0.0,0.0,2.0,0.0,1.0,100.0,0,0.0,0.0,0.0,0,2,0,0,0,0,5,53,45
1012,Antoine Mendy,34,DF,24,0,0,0,0,0,0.0,0.0,0.0,0.0,0.0,0.0,0.0,0.0,0.0,0.0,0.0,0.0,0.0,0.0,0.0,0.0,0.0,0.0,0.0,0.0,0,0,0,0.0,0.0,0.0,0.0,0.0,0.0,0.0,0.0,0.0,0.0,0.0,0.0,0.0,0.0,0.0,0.0,0.0,0,0.0,0.0,0.0,0,0,0,0,0,0,0,0,0
1013,El Hadji Malick Diouf,34,DF,25,0,0,0,0,0,3.0,21779.0,97.0,268.0,31.2,7457.7,9448.7,2987.5,1239.2999999999995,646.1,29.0,21.0,72.41,4.0,14.0,11.0,26.0,2.0,1.0,5.0,0,0,202,0.0,0.0,0.0,0.0,0.0,0.0,0.0,0.0,5.0,89.0,83.0,9.0,33.0,7.0,71.0,0.0,0.0,0,14.0,37.0,5.0,2,0,0,0,0,0,0,0,0
1014,Pape Gueye,34,MF,26,2,2,0,0,2,4.0,29411.0,114.0,356.0,31.5,9324.7,13741.4,4337.599999999999,1685.8,321.5,52.0,39.0,75.0,23.0,12.0,17.0,50.0,1.0,1.0,3.0,2,1,257,3.0,8.0,25.0,1.0,7.0,0.0,0.37,5.4,0.0,161.0,86.0,3.0,33.0,13.0,54.0,5.0,100.0,0,7.0,51.0,10.0,4,2,1,0,0,0,0,0,0
1015,Ronwen Williams,24,GK,1,0,0,0,0,0,4.0,20709.0,7.0,36.0,25.7,16214.9,4012.500000000001,377.2,100.6,3.4,83.0,34.0,40.96,8.0,3.0,72.0,83.0,0.0,0.0,0.0,0,0,402,0.0,0.0,0.0,0.0,0.0,0.0,0.0,0.0,0.0,237.0,76.0,0.0,0.0,7.0,29.0,3.0,67.0,0,0.0,0.0,0.0,0,0,0,0,0,0,14,72,59
1016,Thabang Matuludi,24,DF,2,0,0,0,0,0,0.0,0.0,0.0,0.0,0.0,0.0,0.0,0.0,0.0,0.0,0.0,0.0,0.0,0.0,0.0,0.0,0.0,0.0,0.0,0.0,0,0,0,0.0,0.0,0.0,0.0,0.0,0.0,0.0,0.0,0.0,0.0,0.0,0.0,0.0,0.0,0.0,0.0,0.0,0,0.0,0.0,0.0,0,0,0,0,0,0,0,0,0
1017,Khulumani Ndamane,24,DF,3,0,0,0,0,0,0.0,0.0,0.0,0.0,0.0,0.0,0.0,0.0,0.0,0.0,0.0,0.0,0.0,0.0,0.0,0.0,0.0,0.0,0.0,0.0,0,0,0,0.0,0.0,0.0,0.0,0.0,0.0,0.0,0.0,0.0,0.0,0.0,0.0,0.0,0.0,0.0,0.0,0.0,0,0.0,0.0,0.0,0,0,0,0,0,0,0,0,0
1018,Teboho Mokoena,24,MF,4,1,0,1,0,1,3.0,30982.0,121.0,423.0,31.4,10333.6,13773.8,4800.5,1623.7,451.0,61.0,48.0,78.69,18.0,25.0,18.0,58.0,2.0,1.0,2.0,1,0,301,0.0,0.0,0.0,0.0,0.0,0.0,0.0,0.0,0.0,196.0,90.0,3.0,0.0,6.0,50.0,4.0,100.0,0,13.0,95.0,22.0,3,6,2,0,0,0,0,0,0
1019,Thalente Mbatha,24,MF,5,0,0,0,0,0,4.0,31918.0,145.0,446.0,34.4,11237.8,13305.3,5026.6,1759.7,588.0999999999999,31.0,24.0,77.42,12.0,11.0,8.0,29.0,1.0,1.0,4.0,0,0,293,0.0,0.0,0.0,0.0,0.0,0.0,0.0,0.0,0.0,97.0,85.0,4.0,0.0,4.0,50.0,1.0,100.0,0,12.0,99.0,14.0,4,0,1,0,0,0,0,0,0
1020,Aubrey Modiba,24,DF,6,0,0,0,0,0,4.0,37865.0,154.0,442.0,31.0,14634.7,15579.3,5003.799999999999,2186.8,460.0,47.0,28.0,59.57,13.0,15.0,19.0,39.0,6.0,2.0,8.0,0,0,381,1.0,5.0,0.0,1.0,4.0,0.0,0.12,0.0,2.0,139.0,83.0,8.0,50.0,9.0,33.0,1.0,100.0,0,12.0,67.0,14.0,4,6,1,0,0,2,0,0,0
1021,Oswin Appollis,24,FW,7,0,0,0,0,0,4.0,30714.0,182.0,405.0,32.2,10234.7,13143.5,4585.7,2131.5,619.1,24.0,15.0,62.5,11.0,6.0,7.0,21.0,1.0,2.0,4.0,0,0,287,1.0,4.0,0.0,0.0,4.0,0.0,0.15,0.0,7.0,99.0,83.0,7.0,14.0,3.0,33.0,1.0,100.0,0,12.0,115.0,9.0,1,2,0,0,0,0,0,0,0
1022,Tshepang Moremi,24,FW,8,0,0,0,0,0,2.0,5585.0,41.0,67.0,33.0,1607.2,2442.5,846.4,468.3,221.0,1.0,0.0,0.0,0.0,0.0,1.0,1.0,0.0,0.0,0.0,0,1,44,0.0,0.0,0.0,0.0,0.0,0.0,0.0,0.0,0.0,9.0,67.0,0.0,0.0,0.0,0.0,0.0,0.0,0,1.0,18.0,1.0,1,1,0,0,0,0,0,0,0
1023,Lyle Foster,24,FW,9,0,0,0,0,0,1.0,5968.0,16.0,66.0,31.2,2748.0,2225.6,643.4,263.1,88.4,1.0,0.0,0.0,0.0,1.0,0.0,1.0,0.0,0.0,0.0,0,0,59,0.0,1.0,0.0,1.0,0.0,1.0,0.07,0.0,0.0,5.0,20.0,0.0,0.0,1.0,0.0,0.0,0.0,0,1.0,25.0,1.0,0,1,0,0,0,0,0,0,0
1024,Relebohile Mofokeng,24,FW,10,0,0,0,0,0,3.0,23445.0,100.0,341.0,32.3,5884.299999999999,11738.6,3992.7,1406.0,423.2,20.0,16.0,80.0,10.0,8.0,2.0,19.0,0.0,1.0,1.0,0,0,184,0.0,0.0,0.0,0.0,0.0,0.0,0.0,0.0,0.0,54.0,81.0,2.0,0.0,6.0,50.0,2.0,100.0,0,18.0,107.0,13.0,3,2,0,0,0,0,0,0,0
1025,Themba Zwane,24,MF,11,0,0,0,0,0,1.0,2021.0,10.0,35.0,27.4,629.5,864.2,389.0,108.7,29.6,2.0,1.0,50.0,0.0,1.0,1.0,2.0,0.0,0.0,0.0,0,0,19,0.0,0.0,0.0,0.0,0.0,0.0,0.0,0.0,0.0,7.0,71.0,0.0,0.0,0.0,0.0,0.0,0.0,0,2.0,12.0,0.0,1,0,0,1,0,0,0,0,0
1026,Thapelo Maseko,24,FW,12,1,1,0,0,1,3.0,27094.0,159.0,299.0,35.2,9670.1,11447.9,3414.2000000000003,1767.5,794.0,10.0,6.0,60.0,2.0,7.0,1.0,7.0,0.0,3.0,1.0,1,0,255,0.0,0.0,0.0,0.0,0.0,0.0,0.0,0.0,0.0,49.0,76.0,2.0,0.0,5.0,40.0,0.0,0.0,0,9.0,97.0,23.0,4,10,0,0,0,0,0,0,0
1027,Sphephelo Sithole,24,MF,13,0,0,0,0,0,3.0,28152.0,119.0,463.0,31.2,9796.8,11361.9,5109.4,1590.1999999999998,294.0,29.0,22.0,75.86,17.0,3.0,9.0,29.0,0.0,0.0,0.0,0,0,252,0.0,0.0,0.0,0.0,0.0,0.0,0.0,0.0,0.0,129.0,84.0,0.0,0.0,1.0,0.0,5.0,80.0,0,7.0,72.0,13.0,5,1,0,1,0,0,0,0,0
1028,Mbekezeli Mbokazi,24,DF,14,0,0,0,0,0,4.0,35585.0,138.0,336.0,33.8,15000.4,14702.5,3659.6,1460.8000000000002,761.6,56.0,37.0,66.07,8.0,20.0,28.0,54.0,2.0,0.0,2.0,0,0,402,0.0,0.0,0.0,0.0,0.0,0.0,0.0,0.0,0.0,213.0,87.0,2.0,0.0,7.0,57.0,3.0,67.0,0,9.0,49.0,16.0,3,4,0,0,0,1,0,0,0
1029,Iqraam Rayners,24,FW,15,0,0,0,0,0,4.0,19310.0,108.0,193.0,34.1,8062.400000000001,6776.3,2356.8,1202.6,911.6,5.0,2.0,40.0,2.0,3.0,0.0,3.0,1.0,1.0,2.0,0,0,182,0.0,0.0,0.0,0.0,0.0,0.0,0.0,0.0,0.0,24.0,88.0,2.0,0.0,3.0,33.0,0.0,0.0,0,7.0,83.0,2.0,1,1,0,0,0,2,0,0,0
1030,Sipho Chaine,24,GK,16,0,0,0,0,0,0.0,0.0,0.0,0.0,0.0,0.0,0.0,0.0,0.0,0.0,0.0,0.0,0.0,0.0,0.0,0.0,0.0,0.0,0.0,0.0,0,0,0,0.0,0.0,0.0,0.0,0.0,0.0,0.0,0.0,0.0,0.0,0.0,0.0,0.0,0.0,0.0,0.0,0.0,0,0.0,0.0,0.0,0,0,0,0,0,0,0,0,0
1031,Evidence Makgopa,24,FW,17,0,0,0,0,0,4.0,25411.0,106.0,319.0,32.5,10035.4,10133.5,3444.3,1410.2,387.3,2.0,1.0,50.0,1.0,0.0,1.0,2.0,0.0,0.0,0.0,0,0,241,3.0,4.0,0.0,4.0,0.0,2.0,0.42,0.0,0.0,29.0,69.0,0.0,0.0,1.0,100.0,0.0,0.0,0,15.0,76.0,9.0,1,1,0,0,0,2,0,0,0
1032,Samukele Kabini,24,DF,18,0,0,0,0,0,0.0,0.0,0.0,0.0,0.0,0.0,0.0,0.0,0.0,0.0,0.0,0.0,0.0,0.0,0.0,0.0,0.0,0.0,0.0,0.0,0,0,0,0.0,0.0,0.0,0.0,0.0,0.0,0.0,0.0,0.0,0.0,0.0,0.0,0.0,0.0,0.0,0.0,0.0,0,0.0,0.0,0.0,0,0,0,0,0,0,0,0,0
1033,Nkosinathi Sibisi,24,DF,19,0,0,0,0,0,1.0,9388.0,38.0,101.0,29.9,3780.7,3935.8,1141.2,389.6,140.3,21.0,14.0,66.67,2.0,9.0,10.0,21.0,0.0,0.0,0.0,0,0,101,0.0,0.0,0.0,0.0,0.0,0.0,0.0,0.0,0.0,52.0,81.0,0.0,0.0,1.0,100.0,3.0,100.0,0,2.0,15.0,6.0,1,0,1,0,0,0,0,0,0
1034,Khuliso Mudau,24,DF,20,0,0,0,0,0,4.0,39120.0,189.0,399.0,34.3,14567.0,16615.6,4563.2,2075.7000000000003,1298.9,48.0,38.0,79.17,16.0,24.0,8.0,45.0,0.0,3.0,5.0,0,0,402,0.0,0.0,0.0,0.0,0.0,0.0,0.0,0.0,0.0,187.0,90.0,5.0,20.0,5.0,20.0,0.0,0.0,0,32.0,82.0,16.0,4,10,0,0,0,1,0,0,0
1035,Ime Okon,24,DF,21,0,0,0,0,0,4.0,39563.0,183.0,460.0,33.8,15396.1,15970.1,5392.2,2121.7,682.3000000000001,60.0,43.0,71.67,14.0,20.0,26.0,60.0,0.0,0.0,0.0,0,0,402,0.0,1.0,0.0,1.0,0.0,1.0,0.01,0.0,0.0,280.0,92.0,0.0,0.0,2.0,50.0,2.0,50.0,0,3.0,22.0,5.0,1,1,0,0,0,0,0,0,0
1036,Ricardo Goss,24,GK,22,0,0,0,0,0,0.0,0.0,0.0,0.0,0.0,0.0,0.0,0.0,0.0,0.0,0.0,0.0,0.0,0.0,0.0,0.0,0.0,0.0,0.0,0.0,0,0,0,0.0,0.0,0.0,0.0,0.0,0.0,0.0,0.0,0.0,0.0,0.0,0.0,0.0,0.0,0.0,0.0,0.0,0,0.0,0.0,0.0,0,0,0,0,0,0,0,0,0
1037,Jayden Adams,24,MF,23,0,0,0,0,0,3.0,14496.0,57.0,181.0,28.6,5294.7,6283.0,2084.7,719.1,114.3,12.0,8.0,66.67,5.0,3.0,4.0,12.0,0.0,0.0,0.0,0,0,130,0.0,0.0,0.0,0.0,0.0,0.0,0.0,0.0,0.0,44.0,91.0,0.0,0.0,2.0,50.0,2.0,100.0,0,2.0,43.0,2.0,0,0,0,0,0,0,0,0,0
1038,Olwethu Makhanya,24,DF,24,0,0,0,0,0,0.0,0.0,0.0,0.0,0.0,0.0,0.0,0.0,0.0,0.0,0.0,0.0,0.0,0.0,0.0,0.0,0.0,0.0,0.0,0.0,0,0,0,0.0,0.0,0.0,0.0,0.0,0.0,0.0,0.0,0.0,0.0,0.0,0.0,0.0,0.0,0.0,0.0,0.0,0,0.0,0.0,0.0,0,0,0,0,0,0,0,0,0
1039,Kamogelo Sebelebele,24,FW,25,0,0,0,0,0,1.0,1743.0,11.0,27.0,28.3,415.8,777.8,358.9,126.0,64.5,1.0,0.0,0.0,0.0,0.0,1.0,1.0,0.0,0.0,1.0,0,0,13,0.0,0.0,0.0,0.0,0.0,0.0,0.0,0.0,0.0,5.0,80.0,1.0,0.0,0.0,0.0,0.0,0.0,0,1.0,4.0,0.0,1,0,0,0,0,0,0,0,0
1040,Bradley Cross,24,DF,26,0,0,0,0,0,0.0,0.0,0.0,0.0,0.0,0.0,0.0,0.0,0.0,0.0,0.0,0.0,0.0,0.0,0.0,0.0,0.0,0.0,0.0,0.0,0,0,0,0.0,0.0,0.0,0.0,0.0,0.0,0.0,0.0,0.0,0.0,0.0,0.0,0.0,0.0,0.0,0.0,0.0,0,0.0,0.0,0.0,0,0,0,0,0,0,0,0,0
1041,David Raya,10,GK,1,0,0,0,0,0,0.0,0.0,0.0,0.0,0.0,0.0,0.0,0.0,0.0,0.0,0.0,0.0,0.0,0.0,0.0,0.0,0.0,0.0,0.0,0.0,0,0,0,0.0,0.0,0.0,0.0,0.0,0.0,0.0,0.0,0.0,0.0,0.0,0.0,0.0,0.0,0.0,0.0,0.0,0,0.0,0.0,0.0,0,0,0,0,0,0,0,0,0
1042,Marc Pubill,10,DF,2,0,0,0,0,0,1.0,456.0,3.0,6.0,26.2,159.6,188.5,65.3,36.8,5.5,1.0,1.0,100.0,0.0,1.0,0.0,1.0,0.0,0.0,0.0,0,0,3,0.0,0.0,0.0,0.0,0.0,0.0,0.0,0.0,0.0,2.0,100.0,0.0,0.0,0.0,0.0,0.0,0.0,0,0.0,0.0,0.0,0,0,0,0,0,0,0,0,0
1043,Alex Grimaldo,10,DF,3,0,0,0,0,0,0.0,0.0,0.0,0.0,0.0,0.0,0.0,0.0,0.0,0.0,0.0,0.0,0.0,0.0,0.0,0.0,0.0,0.0,0.0,0.0,0,0,0,0.0,0.0,0.0,0.0,0.0,0.0,0.0,0.0,0.0,0.0,0.0,0.0,0.0,0.0,0.0,0.0,0.0,0,0.0,0.0,0.0,0,0,0,0,0,0,0,0,0
1044,Eric Garcia,10,DF,4,0,0,0,0,0,1.0,2697.0,6.0,23.0,25.1,1214.0,1184.8,211.4,86.7,0.0,3.0,2.0,66.67,0.0,3.0,0.0,3.0,0.0,0.0,0.0,0,0,29,0.0,0.0,0.0,0.0,0.0,0.0,0.0,0.0,0.0,11.0,91.0,0.0,0.0,0.0,0.0,1.0,100.0,0,1.0,1.0,1.0,1,0,0,0,0,0,0,0,0
1045,Marcos Llorente,10,DF,5,0,0,0,0,0,3.0,22236.0,94.0,218.0,32.6,9187.1,8950.7,2463.5,1090.5,544.4,30.0,23.0,76.67,3.0,22.0,5.0,28.0,0.0,2.0,6.0,0,1,217,0.0,0.0,0.0,0.0,0.0,0.0,0.0,0.0,0.0,152.0,93.0,6.0,33.0,5.0,80.0,0.0,0.0,0,12.0,43.0,12.0,2,1,0,0,0,0,0,0,0
1046,Mikel Merino,10,MF,6,2,2,0,0,2,8.0,32158.0,142.0,568.0,30.5,9146.899999999998,14135.3,6723.0,1933.1,219.40000000000003,23.0,22.0,95.65,12.0,7.0,4.0,23.0,0.0,0.0,1.0,2,0,262,3.0,5.0,40.0,5.0,0.0,1.0,1.57,1.27,0.0,101.0,88.0,1.0,0.0,4.0,75.0,2.0,100.0,0,24.0,107.0,10.0,6,8,0,0,0,0,0,0,0
1047,Ferran Torres,10,FW,7,1,1,0,0,1,8.0,35976.0,197.0,345.0,33.6,16436.699999999997,12482.6,3955.0,2110.8,990.7999999999998,17.0,9.0,52.94,11.0,5.0,1.0,12.0,2.0,3.0,6.0,1,1,349,4.0,14.0,7.0,13.0,1.0,5.0,2.72,0.37,0.0,86.0,73.0,6.0,0.0,12.0,50.0,0.0,0.0,0,8.0,94.0,11.0,6,4,1,0,0,3,0,0,0
1048,Fabian Ruiz,10,MF,8,1,1,0,0,1,8.0,42083.0,111.0,518.0,30.2,14086.6,20034.7,6359.9,1347.6,254.3,74.0,60.0,81.08,20.0,36.0,18.0,66.0,4.0,4.0,7.0,1,0,366,2.0,8.0,13.0,4.0,4.0,1.0,1.33,0.75,0.0,297.0,90.0,7.0,29.0,12.0,58.0,3.0,100.0,0,9.0,82.0,10.0,1,3,0,0,0,0,0,0,0
1049,Gavi,10,MF,9,0,0,0,0,0,2.0,10708.0,45.0,122.0,29.9,3029.9,5510.900000000001,1354.0,557.2,255.8,3.0,2.0,66.67,1.0,0.0,2.0,2.0,1.0,0.0,2.0,0,0,85,0.0,1.0,0.0,1.0,0.0,0.0,0.01,0.0,0.0,31.0,94.0,2.0,0.0,1.0,100.0,1.0,100.0,0,4.0,33.0,8.0,2,1,0,0,0,0,0,0,0
1050,Dani Olmo,10,FW,10,0,0,0,0,0,8.0,57943.0,266.0,849.0,32.2,18373.7,25761.6,9477.1,3511.2,819.1,88.0,73.0,82.95,38.0,39.0,11.0,75.0,0.0,13.0,2.0,0,2,535,2.0,13.0,0.0,7.0,6.0,2.0,1.16,0.0,0.0,229.0,90.0,2.0,0.0,17.0,76.0,3.0,100.0,0,37.0,305.0,24.0,6,10,0,0,0,0,0,0,0
1051,Yeremy Pino,10,FW,11,0,0,0,0,0,2.0,8847.0,45.0,114.0,30.7,3020.7,3673.6,1260.4,671.9,220.2,3.0,3.0,100.0,1.0,2.0,0.0,3.0,0.0,0.0,1.0,0,0,83,0.0,0.0,0.0,0.0,0.0,0.0,0.0,0.0,0.0,29.0,86.0,1.0,0.0,0.0,0.0,0.0,0.0,0,3.0,28.0,7.0,2,0,0,0,0,1,0,0,0
1052,Pedro Porro,10,DF,12,2,2,0,0,2,6.0,62982.0,283.0,631.0,33.2,27129.4,23816.7,7109.1,3352.8,1573.8,127.0,97.0,76.38,17.0,70.0,40.0,120.0,4.0,3.0,19.0,2,0,640,3.0,7.0,29.0,4.0,3.0,1.0,1.1,1.82,0.0,420.0,90.0,19.0,26.0,17.0,35.0,9.0,100.0,0,36.0,81.0,20.0,10,9,0,0,0,0,0,0,0
1053,Joan Garcia,10,GK,13,0,0,0,0,0,0.0,0.0,0.0,0.0,0.0,0.0,0.0,0.0,0.0,0.0,0.0,0.0,0.0,0.0,0.0,0.0,0.0,0.0,0.0,0.0,0,0,0,0.0,0.0,0.0,0.0,0.0,0.0,0.0,0.0,0.0,0.0,0.0,0.0,0.0,0.0,0.0,0.0,0.0,0,0.0,0.0,0.0,0,0,0,0,0,0,0,0,0
1054,Aymeric Laporte,10,DF,14,0,0,0,0,0,8.0,79572.0,204.0,695.0,33.0,35442.8,32810.7,7926.5,2683.1000000000004,708.9,182.0,160.0,87.91,42.0,100.0,40.0,174.0,0.0,8.0,0.0,0,1,824,2.0,5.0,0.0,3.0,2.0,3.0,0.36,0.0,0.0,660.0,94.0,0.0,0.0,12.0,58.0,8.0,100.0,0,21.0,34.0,4.0,5,4,1,0,0,0,0,0,0
1055,Alex Baena,10,MF,15,1,1,0,0,1,7.0,55401.0,264.0,626.0,34.0,21615.8,21743.4,7520.7,3236.3,1284.7,58.0,39.0,67.24,20.0,24.0,14.0,45.0,7.0,6.0,20.0,1,1,522,5.0,12.0,8.0,4.0,8.0,0.0,0.5,2.0,28.0,218.0,82.0,44.0,18.0,18.0,67.0,2.0,100.0,0,24.0,152.0,25.0,13,8,1,0,0,2,0,0,0
1056,Rodri,10,MF,16,0,0,0,0,0,8.0,96234.0,318.0,1294.0,31.5,30824.8,44470.3,15304.899999999998,4504.400000000001,1129.3,187.0,171.0,91.44,78.0,57.0,52.0,182.0,0.0,5.0,3.0,0,0,819,0.0,7.0,0.0,2.0,5.0,1.0,0.27,0.0,0.0,799.0,93.0,3.0,0.0,21.0,90.0,11.0,91.0,0,43.0,112.0,39.0,11,9,0,0,0,1,0,0,0
1057,Nico Williams,10,FW,17,0,0,0,0,0,6.0,16644.0,116.0,185.0,33.9,6317.8,6357.9,2108.4,1222.7,636.7,10.0,7.0,70.0,2.0,7.0,1.0,4.0,1.0,5.0,8.0,0,1,159,2.0,4.0,0.0,2.0,2.0,1.0,0.56,0.0,3.0,50.0,90.0,9.0,22.0,6.0,83.0,0.0,0.0,0,11.0,42.0,1.0,2,1,0,0,0,1,0,0,0
1058,Martin Zubimendi,10,MF,18,0,0,0,0,0,1.0,3571.0,7.0,36.0,26.4,1035.8,1989.5,411.0,117.5,16.7,6.0,4.0,66.67,1.0,2.0,3.0,6.0,0.0,0.0,0.0,0,0,29,0.0,0.0,0.0,0.0,0.0,0.0,0.0,0.0,0.0,24.0,92.0,0.0,0.0,0.0,0.0,0.0,0.0,0,0.0,1.0,0.0,0,0,0,0,0,0,0,0,0
1059,Lamine Yamal,10,FW,19,1,1,0,0,1,8.0,64219.0,262.0,559.0,32.9,31035.8,22385.0,6168.3,3090.2,1539.9,74.0,49.0,66.22,18.0,38.0,18.0,35.0,15.0,24.0,29.0,1,0,697,12.0,27.0,4.0,13.0,14.0,0.0,2.44,0.41,15.0,265.0,85.0,40.0,20.0,36.0,72.0,3.0,100.0,0,22.0,147.0,27.0,14,9,0,0,0,7,0,0,0
1060,Pedri,10,MF,20,0,0,0,0,0,8.0,68014.0,291.0,976.0,30.5,19693.4,31814.3,11462.9,4115.8,927.3,130.0,105.0,80.77,58.0,48.0,24.0,125.0,1.0,4.0,7.0,0,0,565,2.0,5.0,0.0,1.0,4.0,0.0,0.47,0.0,8.0,469.0,90.0,14.0,36.0,16.0,75.0,2.0,100.0,0,51.0,257.0,38.0,4,5,1,0,0,1,0,0,0
1061,Mikel Oyarzabal,10,FW,21,5,4,1,0,5,8.0,65551.0,319.0,745.0,32.2,26814.6,24401.7,8665.7,4172.7,1496.8,24.0,19.0,79.17,13.0,9.0,2.0,20.0,1.0,3.0,8.0,5,1,664,12.0,23.0,22.0,16.0,7.0,5.0,4.33,1.14,0.0,149.0,83.0,8.0,13.0,4.0,25.0,2.0,50.0,0,58.0,272.0,16.0,4,5,0,0,0,1,0,0,0
1062,Pau Cubarsi,10,DF,22,0,0,0,0,0,8.0,85956.0,263.0,816.0,32.4,37264.2,34965.3,9070.3,3338.2,1317.9,186.0,178.0,95.7,51.0,117.0,18.0,177.0,1.0,8.0,1.0,0,0,857,2.0,4.0,0.0,1.0,3.0,1.0,0.3,0.0,0.0,690.0,97.0,1.0,0.0,7.0,71.0,2.0,100.0,0,14.0,33.0,13.0,4,5,1,0,0,0,0,0,0
1063,Unai Simon,10,GK,23,0,0,0,0,0,8.0,48090.0,44.0,143.0,29.9,37836.0,8305.0,1398.4,460.2,90.6,99.0,50.0,50.51,18.0,5.0,76.0,99.0,0.0,0.0,0.0,0,0,857,0.0,0.0,0.0,0.0,0.0,0.0,0.0,0.0,0.0,314.0,81.0,0.0,0.0,5.0,20.0,2.0,100.0,0,0.0,0.0,0.0,0,3,0,0,0,0,14,120,93
1064,Marc Cucurella,10,DF,24,0,0,0,0,0,8.0,87986.0,363.0,907.0,33.3,35446.1,35667.5,10387.8,4750.799999999999,1734.0,109.0,87.0,79.82,20.0,60.0,29.0,104.0,1.0,4.0,15.0,0,2,857,3.0,5.0,0.0,3.0,2.0,1.0,0.35,0.0,0.0,474.0,91.0,15.0,20.0,13.0,54.0,2.0,100.0,0,21.0,113.0,26.0,8,4,1,0,0,4,0,0,0
1065,Victor Munoz,10,FW,25,0,0,0,0,0,0.0,0.0,0.0,0.0,0.0,0.0,0.0,0.0,0.0,0.0,0.0,0.0,0.0,0.0,0.0,0.0,0.0,0.0,0.0,0.0,0,0,0,0.0,0.0,0.0,0.0,0.0,0.0,0.0,0.0,0.0,0.0,0.0,0.0,0.0,0.0,0.0,0.0,0.0,0,0.0,0.0,0.0,0,0,0,0,0,0,0,0,0
1066,Borja Iglesias,10,FW,26,0,0,0,0,0,1.0,252.0,2.0,6.0,29.3,44.0,112.3,56.6,24.0,14.7,0.0,0.0,0.0,0.0,0.0,0.0,0.0,0.0,0.0,0.0,0,0,1,0.0,0.0,0.0,0.0,0.0,0.0,0.0,0.0,0.0,0.0,0.0,0.0,0.0,0.0,0.0,0.0,0.0,0,0.0,4.0,0.0,0,0,0,0,0,0,0,0,0
1067,Jacob Widell Zetterstrom,35,GK,1,0,0,0,0,0,2.0,10559.0,8.0,17.0,27.7,7976.5,2263.0,232.7,76.8,10.3,43.0,16.0,37.21,1.0,4.0,38.0,43.0,0.0,0.0,0.0,0,0,200,0.0,0.0,0.0,0.0,0.0,0.0,0.0,0.0,0.0,73.0,53.0,0.0,0.0,6.0,17.0,0.0,0.0,0,0.0,0.0,0.0,0,0,0,0,0,0,12,54,46
1068,Gustaf Lagerbielke,35,DF,2,0,0,0,0,0,4.0,41310.0,119.0,436.0,30.3,15524.0,18477.0,5359.2,1552.0,398.1,74.0,52.0,70.27,11.0,36.0,27.0,73.0,1.0,0.0,1.0,0,0,400,1.0,3.0,0.0,3.0,0.0,3.0,0.13,0.0,0.0,206.0,84.0,1.0,0.0,7.0,57.0,1.0,100.0,0,8.0,50.0,14.0,1,3,0,0,0,1,0,0,0
1069,Victor Lindelof,35,DF,3,0,0,0,0,0,4.0,37262.0,101.0,315.0,28.8,15582.8,16089.5,4021.8,1364.6,203.5,60.0,53.0,88.33,19.0,25.0,16.0,59.0,0.0,1.0,0.0,0,0,390,0.0,2.0,0.0,2.0,0.0,2.0,0.26,0.0,0.0,200.0,95.0,0.0,0.0,3.0,67.0,1.0,100.0,0,5.0,24.0,10.0,3,0,0,0,0,0,0,0,0
1070,Isak Hien,35,DF,4,0,0,0,0,0,3.0,22458.0,69.0,173.0,33.5,8729.300000000001,10359.7,2128.1,829.0999999999999,412.4,18.0,14.0,77.78,5.0,9.0,4.0,18.0,0.0,0.0,0.0,0,0,237,0.0,0.0,0.0,0.0,0.0,0.0,0.0,0.0,0.0,128.0,95.0,0.0,0.0,1.0,0.0,1.0,100.0,0,13.0,13.0,8.0,3,3,1,0,0,0,0,0,0
1071,Gabriel Gudmundsson,35,DF,5,0,0,0,0,0,4.0,36817.0,137.0,340.0,33.7,14117.7,16042.3,4130.9,1787.9,738.1999999999999,46.0,24.0,52.17,2.0,18.0,26.0,42.0,2.0,2.0,4.0,0,0,356,0.0,0.0,0.0,0.0,0.0,0.0,0.0,0.0,1.0,147.0,76.0,5.0,20.0,7.0,14.0,2.0,100.0,0,13.0,58.0,14.0,5,7,1,0,0,0,0,0,0
1072,Herman Johansson,35,DF,6,0,0,0,0,0,0.0,0.0,0.0,0.0,0.0,0.0,0.0,0.0,0.0,0.0,0.0,0.0,0.0,0.0,0.0,0.0,0.0,0.0,0.0,0.0,0,0,0,0.0,0.0,0.0,0.0,0.0,0.0,0.0,0.0,0.0,0.0,0.0,0.0,0.0,0.0,0.0,0.0,0.0,0,0.0,0.0,0.0,0,0,0,0,0,0,0,0,0
1073,Lucas Bergvall,35,MF,7,0,0,0,0,0,4.0,23863.0,89.0,283.0,32.6,8399.5,10503.2,3370.7,1103.3,486.1,28.0,24.0,85.71,16.0,6.0,6.0,27.0,1.0,0.0,2.0,0,1,207,0.0,2.0,0.0,2.0,0.0,1.0,0.68,0.0,0.0,88.0,91.0,2.0,0.0,2.0,100.0,0.0,0.0,0,10.0,60.0,13.0,7,4,1,0,0,0,0,0,0
1074,Daniel Svensson,35,DF,8,0,0,0,0,0,3.0,13088.0,63.0,149.0,31.9,4364.3,5919.8,1665.8,825.0,313.6,16.0,9.0,56.25,5.0,4.0,7.0,16.0,0.0,0.0,1.0,0,0,114,0.0,1.0,0.0,0.0,1.0,0.0,0.01,0.0,1.0,46.0,83.0,2.0,50.0,3.0,33.0,0.0,0.0,0,8.0,24.0,3.0,0,0,0,0,0,1,0,0,0
1075,Alexander Isak,35,FW,9,1,1,0,0,1,4.0,35655.0,155.0,346.0,32.6,15695.5,13210.3,3733.7,2039.3,976.4,23.0,18.0,78.26,13.0,6.0,4.0,22.0,1.0,0.0,4.0,1,3,389,6.0,8.0,13.0,5.0,3.0,1.0,0.68,1.48,0.0,81.0,80.0,4.0,0.0,5.0,60.0,2.0,50.0,0,5.0,110.0,15.0,4,1,0,0,0,5,0,0,0
1076,Benjamin Nygren,35,MF,10,0,0,0,0,0,4.0,18973.0,104.0,282.0,31.5,5157.2,8619.4,3305.5,1301.9,588.9,12.0,8.0,66.67,6.0,4.0,2.0,11.0,1.0,0.0,3.0,0,0,149,0.0,1.0,0.0,0.0,1.0,0.0,0.03,0.0,3.0,50.0,92.0,6.0,33.0,4.0,50.0,0.0,0.0,0,4.0,71.0,13.0,3,0,0,0,0,0,0,0,0
1077,Anthony Elanga,35,FW,11,2,2,0,0,2,4.0,24266.0,118.0,211.0,37.2,11317.2,8421.1,2361.3,1237.9,928.1,26.0,15.0,57.69,9.0,13.0,4.0,22.0,2.0,2.0,11.0,2,0,247,3.0,3.0,67.0,2.0,1.0,0.0,0.53,3.77,1.0,76.0,79.0,12.0,0.0,9.0,33.0,0.0,0.0,0,10.0,31.0,1.0,0,7,0,0,0,1,0,0,0
1078,Viktor Johansson,35,GK,12,0,0,0,0,0,0.0,0.0,0.0,0.0,0.0,0.0,0.0,0.0,0.0,0.0,0.0,0.0,0.0,0.0,0.0,0.0,0.0,0.0,0.0,0.0,0,0,0,0.0,0.0,0.0,0.0,0.0,0.0,0.0,0.0,0.0,0.0,0.0,0.0,0.0,0.0,0.0,0.0,0.0,0,0.0,0.0,0.0,0,0,0,0,0,0,0,0,0
1079,Ken Sema,35,MF,13,0,0,0,0,0,1.0,2294.0,7.0,22.0,27.7,884.2,989.1,306.6,97.8,16.8,0.0,0.0,0.0,0.0,0.0,0.0,0.0,0.0,0.0,0.0,0,0,22,0.0,1.0,0.0,1.0,0.0,0.0,0.06,0.0,0.0,3.0,100.0,0.0,0.0,0.0,0.0,0.0,0.0,0,2.0,5.0,2.0,0,1,0,0,0,0,0,0,0
1080,Hjalmar Ekdal,35,DF,14,0,0,0,0,0,0.0,0.0,0.0,0.0,0.0,0.0,0.0,0.0,0.0,0.0,0.0,0.0,0.0,0.0,0.0,0.0,0.0,0.0,0.0,0.0,0,0,0,0.0,0.0,0.0,0.0,0.0,0.0,0.0,0.0,0.0,0.0,0.0,0.0,0.0,0.0,0.0,0.0,0.0,0,0.0,0.0,0.0,0,0,0,0,0,0,0,0,0
1081,Carl Starfelt,35,DF,15,0,0,0,0,0,1.0,1117.0,3.0,8.0,26.3,382.5,562.5,116.2,48.3,7.2,1.0,0.0,0.0,1.0,0.0,0.0,1.0,0.0,0.0,0.0,0,0,10,0.0,0.0,0.0,0.0,0.0,0.0,0.0,0.0,0.0,12.0,92.0,0.0,0.0,0.0,0.0,0.0,0.0,0,0.0,0.0,0.0,0,0,0,0,0,0,0,0,0
1082,Jesper Karlstrom,35,MF,16,0,0,0,0,0,2.0,16847.0,48.0,199.0,31.3,5288.6,8501.1,2284.9,625.5,146.8,10.0,8.0,80.0,3.0,3.0,4.0,9.0,0.0,1.0,0.0,0,0,147,0.0,1.0,0.0,1.0,0.0,0.0,0.05,0.0,0.0,37.0,84.0,0.0,0.0,2.0,50.0,0.0,0.0,0,7.0,38.0,7.0,3,0,0,0,0,0,0,0,0
1083,Viktor Gyokeres,35,FW,17,1,1,0,0,1,4.0,42857.0,177.0,426.0,34.8,18165.4,16676.8,4873.8,2100.3,1041.0,15.0,10.0,66.67,4.0,5.0,6.0,13.0,1.0,1.0,1.0,1,2,400,6.0,12.0,8.0,9.0,3.0,0.0,1.39,0.72,0.0,70.0,69.0,1.0,100.0,8.0,50.0,1.0,100.0,0,14.0,75.0,4.0,4,7,1,0,0,1,0,0,0
1084,Yasin Ayari,35,MF,18,2,2,0,0,2,4.0,39608.0,109.0,434.0,30.7,15089.1,17098.899999999998,5438.1,1607.6,374.1,40.0,19.0,47.5,17.0,5.0,18.0,33.0,5.0,2.0,5.0,2,0,371,3.0,7.0,29.0,1.0,6.0,0.0,0.44,4.59,9.0,107.0,79.0,17.0,29.0,2.0,0.0,3.0,67.0,0,21.0,100.0,22.0,4,8,1,0,0,0,0,0,0
1085,Mattias Svanberg,35,MF,19,1,1,0,0,1,2.0,3157.0,15.0,49.0,26.4,921.7,1375.8,587.8,243.6,28.200000000000003,1.0,1.0,100.0,1.0,0.0,0.0,1.0,0.0,0.0,0.0,1,0,25,2.0,3.0,33.0,2.0,1.0,0.0,0.23,4.26,0.0,7.0,100.0,0.0,0.0,0.0,0.0,0.0,0.0,0,0.0,5.0,1.0,0,1,0,0,0,0,0,0,0
1086,Eric Smith,35,DF,20,0,0,0,0,0,0.0,0.0,0.0,0.0,0.0,0.0,0.0,0.0,0.0,0.0,0.0,0.0,0.0,0.0,0.0,0.0,0.0,0.0,0.0,0.0,0,0,0,0.0,0.0,0.0,0.0,0.0,0.0,0.0,0.0,0.0,0.0,0.0,0.0,0.0,0.0,0.0,0.0,0.0,0,0.0,0.0,0.0,0,0,0,0,0,0,0,0,0
1087,Alexander Bernhardsson,35,DF,21,0,0,0,0,0,3.0,25110.0,90.0,268.0,31.1,9472.8,10711.5,3193.3,1268.9,463.3,24.0,12.0,50.0,8.0,8.0,8.0,20.0,0.0,4.0,3.0,0,0,233,1.0,1.0,0.0,0.0,1.0,0.0,0.05,0.0,0.0,67.0,76.0,3.0,0.0,3.0,67.0,1.0,100.0,0,14.0,81.0,9.0,2,5,0,0,0,0,0,0,0
1088,Besfort Zeneli,35,MF,22,0,0,0,0,0,2.0,8630.0,51.0,137.0,31.4,2239.9,3788.1,1664.6,674.0,263.7,8.0,6.0,75.0,6.0,1.0,1.0,8.0,0.0,0.0,2.0,0,0,69,1.0,1.0,0.0,0.0,1.0,0.0,0.01,0.0,0.0,38.0,89.0,2.0,0.0,2.0,50.0,0.0,0.0,0,3.0,35.0,7.0,1,0,0,0,0,0,0,0,0
1089,Kristoffer Nordfeldt,35,GK,23,0,0,0,0,0,2.0,9861.0,1.0,8.0,25.0,8115.5,1651.8000000000002,75.9,18.1,0.0,28.0,9.0,32.14,0.0,1.0,27.0,28.0,0.0,0.0,0.0,0,0,200,0.0,0.0,0.0,0.0,0.0,0.0,0.0,0.0,0.0,66.0,68.0,0.0,0.0,3.0,67.0,1.0,100.0,0,0.0,0.0,0.0,0,0,0,0,0,0,4,22,20
1090,Elliot Stroud,35,DF,24,0,0,0,0,0,4.0,20521.0,94.0,251.0,32.8,7502.4,8312.2,2881.5,1312.3000000000002,512.4,17.0,11.0,64.71,4.0,9.0,4.0,12.0,0.0,5.0,4.0,0,0,183,0.0,1.0,0.0,1.0,0.0,0.0,0.09,0.0,3.0,49.0,78.0,6.0,33.0,6.0,50.0,0.0,0.0,0,9.0,61.0,7.0,3,1,0,0,0,0,0,0,0
1091,Gustaf Nilsson,35,FW,25,0,0,0,0,0,1.0,714.0,2.0,11.0,24.2,179.1,385.6,102.3,46.7,0.0,0.0,0.0,0.0,0.0,0.0,0.0,0.0,0.0,0.0,0.0,0,0,5,0.0,1.0,0.0,1.0,0.0,1.0,0.01,0.0,0.0,2.0,50.0,0.0,0.0,0.0,0.0,0.0,0.0,0,0.0,3.0,0.0,0,0,0,0,0,0,0,0,0
1092,Taha Ali,35,FW,26,0,0,0,0,0,2.0,4822.0,26.0,61.0,31.2,1716.3,1886.6,724.5,366.3,128.2,5.0,5.0,100.0,1.0,4.0,0.0,2.0,0.0,3.0,1.0,0,0,46,0.0,0.0,0.0,0.0,0.0,0.0,0.0,0.0,0.0,16.0,94.0,1.0,0.0,2.0,100.0,0.0,0.0,0,4.0,15.0,0.0,0,2,0,0,0,0,0,0,0
1093,Gregor Kobel,11,GK,1,0,0,0,0,0,6.0,38006.0,13.0,82.0,28.8,28746.3,8311.4,786.5,142.10000000000002,19.8,81.0,30.0,37.04,5.0,5.0,71.0,81.0,0.0,0.0,0.0,0,0,673,0.0,0.0,0.0,0.0,0.0,0.0,0.0,0.0,0.0,255.0,75.0,0.0,0.0,6.0,0.0,2.0,50.0,0,0.0,0.0,0.0,0,3,0,0,0,0,20,100,88
1094,Miro Muheim,11,DF,2,0,0,0,1,1,3.0,12070.0,44.0,150.0,31.9,4641.700000000001,5125.6,1533.3,559.3,210.2,14.0,7.0,50.0,3.0,2.0,9.0,12.0,1.0,1.0,3.0,0,0,115,0.0,0.0,0.0,0.0,0.0,0.0,0.0,0.0,0.0,40.0,78.0,3.0,0.0,5.0,20.0,0.0,0.0,1,3.0,16.0,1.0,1,3,1,0,0,0,0,0,0
1095,Silvan Widmer,11,DF,3,0,0,0,0,0,5.0,22663.0,97.0,290.0,32.5,8502.1,8969.2,3426.3,1305.3000000000002,459.8,19.0,10.0,52.63,1.0,7.0,11.0,19.0,0.0,0.0,4.0,0,0,210,0.0,0.0,0.0,0.0,0.0,0.0,0.0,0.0,0.0,73.0,78.0,4.0,25.0,5.0,40.0,1.0,100.0,0,11.0,59.0,13.0,2,0,0,0,0,0,0,0,0
1096,Nico Elvedi,11,DF,4,0,0,0,0,0,6.0,63204.0,199.0,611.0,32.5,24448.0,28624.2,6913.599999999999,2311.7,906.8000000000002,117.0,104.0,88.89,27.0,68.0,22.0,105.0,0.0,12.0,0.0,0,0,673,0.0,3.0,0.0,3.0,0.0,2.0,0.3,0.0,0.0,438.0,93.0,0.0,0.0,2.0,50.0,5.0,100.0,0,8.0,48.0,12.0,5,6,1,0,0,0,0,0,0
1097,Manuel Akanji,11,DF,5,0,0,0,0,0,6.0,62661.0,187.0,631.0,33.5,26450.6,25775.3,7261.4,2272.7,901.3,120.0,106.0,88.33,40.0,46.0,34.0,114.0,0.0,6.0,0.0,0,0,673,1.0,1.0,0.0,1.0,0.0,0.0,0.18,0.0,0.0,479.0,93.0,0.0,0.0,8.0,88.0,8.0,100.0,0,15.0,44.0,21.0,4,4,0,0,0,0,0,0,0
1098,Denis Zakaria,11,MF,6,0,0,0,0,0,4.0,39537.0,168.0,393.0,33.3,16450.100000000002,15699.7,4293.2,2160.5,933.9,44.0,30.0,68.18,8.0,24.0,12.0,37.0,2.0,5.0,14.0,0,0,392,2.0,5.0,0.0,5.0,0.0,1.0,0.61,0.0,0.0,185.0,86.0,14.0,14.0,10.0,70.0,0.0,0.0,0,19.0,63.0,23.0,4,0,2,0,0,1,0,0,0
1099,Breel Embolo,11,FW,7,2,1,1,0,2,6.0,49484.0,235.0,468.0,34.7,23169.0,17048.0,5453.599999999999,2581.0,1232.8,13.0,9.0,69.23,9.0,2.0,2.0,12.0,0.0,1.0,1.0,2,2,531,5.0,10.0,20.0,8.0,2.0,2.0,2.58,0.78,0.0,72.0,78.0,1.0,0.0,8.0,63.0,0.0,0.0,0,40.0,177.0,25.0,9,11,2,1,1,4,0,0,0
1100,Remo Freuler,11,MF,8,0,0,0,0,0,6.0,73750.0,213.0,1001.0,29.4,27160.3,32542.3,10968.9,2684.3,394.9,69.0,59.0,85.51,18.0,38.0,13.0,66.0,1.0,2.0,4.0,0,0,654,1.0,2.0,0.0,1.0,1.0,0.0,0.07,0.0,0.0,324.0,92.0,5.0,20.0,7.0,71.0,2.0,0.0,0,27.0,193.0,31.0,8,3,0,0,0,1,0,0,0
1101,Johan Manzambi,11,MF,9,3,3,0,0,3,4.0,24380.0,113.0,345.0,33.9,8466.099999999999,10123.600000000002,3848.0,1388.4,554.5,13.0,8.0,61.54,6.0,5.0,2.0,9.0,0.0,4.0,7.0,3,2,220,3.0,6.0,50.0,4.0,2.0,0.0,0.63,4.73,0.0,54.0,80.0,7.0,43.0,7.0,57.0,0.0,0.0,0,14.0,102.0,13.0,3,3,0,0,0,1,0,0,0
1102,Granit Xhaka,11,MF,10,1,0,1,0,1,6.0,72776.0,210.0,1062.0,28.9,24713.9,31529.300000000003,13158.500000000002,3041.5,332.70000000000005,168.0,137.0,81.55,63.0,62.0,43.0,160.0,2.0,6.0,1.0,1,0,673,2.0,9.0,11.0,1.0,8.0,0.0,1.16,0.86,0.0,470.0,91.0,4.0,0.0,15.0,47.0,8.0,100.0,0,28.0,116.0,18.0,4,12,2,0,0,0,0,0,0
1103,Dan Ndoye,11,FW,11,2,2,0,0,2,6.0,44248.0,248.0,509.0,33.6,17585.6,16669.1,5613.6,3011.0,1368.3,16.0,9.0,56.25,4.0,10.0,2.0,8.0,1.0,7.0,13.0,2,0,437,8.0,16.0,13.0,15.0,1.0,1.0,0.86,2.31,0.0,92.0,79.0,13.0,15.0,10.0,50.0,0.0,0.0,0,32.0,141.0,20.0,5,16,0,0,0,4,0,0,0
1104,Yvon Mvogo,11,GK,12,0,0,0,0,0,0.0,0.0,0.0,0.0,0.0,0.0,0.0,0.0,0.0,0.0,0.0,0.0,0.0,0.0,0.0,0.0,0.0,0.0,0.0,0.0,0,0,0,0.0,0.0,0.0,0.0,0.0,0.0,0.0,0.0,0.0,0.0,0.0,0.0,0.0,0.0,0.0,0.0,0.0,0,0.0,0.0,0.0,0,0,0,0,0,0,0,0,0
1105,Ricardo Rodriguez,11,DF,13,0,0,0,0,0,6.0,55242.0,200.0,541.0,31.1,24234.2,21455.5,6372.0,2578.0,603.2,115.0,71.0,61.74,15.0,48.0,52.0,108.0,6.0,1.0,12.0,0,1,567,0.0,1.0,0.0,0.0,1.0,0.0,0.02,0.0,4.0,295.0,82.0,17.0,18.0,24.0,33.0,4.0,50.0,0,24.0,60.0,16.0,11,2,0,0,0,0,0,0,0
1106,Ardon Jashari,11,MF,14,0,0,0,0,0,3.0,10277.0,53.0,158.0,32.2,3184.2,4595.4,1724.6,583.4000000000001,189.4,8.0,5.0,62.5,2.0,3.0,3.0,6.0,1.0,1.0,1.0,0,0,87,0.0,2.0,0.0,0.0,2.0,0.0,0.03,0.0,0.0,30.0,83.0,1.0,0.0,3.0,67.0,1.0,0.0,0,3.0,33.0,4.0,2,1,0,0,0,0,0,0,0
1107,Djibril Sow,11,MF,15,0,0,0,0,0,4.0,31183.0,147.0,421.0,31.7,9757.4,14174.3,4731.700000000001,2008.0,512.1,18.0,14.0,77.78,6.0,8.0,4.0,18.0,0.0,0.0,4.0,0,0,276,1.0,2.0,0.0,1.0,1.0,0.0,0.23,0.0,0.0,97.0,86.0,4.0,25.0,7.0,57.0,1.0,100.0,0,8.0,54.0,5.0,5,4,0,0,0,0,0,0,0
1108,Christian Fassnacht,11,FW,16,0,0,0,0,0,1.0,1744.0,14.0,31.0,31.7,447.9,649.6,382.2,192.5,71.6,0.0,0.0,0.0,0.0,0.0,0.0,0.0,0.0,0.0,0.0,0,0,12,0.0,0.0,0.0,0.0,0.0,0.0,0.0,0.0,0.0,5.0,100.0,0.0,0.0,0.0,0.0,0.0,0.0,0,0.0,8.0,2.0,0,0,0,0,0,0,0,0,0
1109,Ruben Vargas,11,FW,17,2,2,0,0,2,6.0,31605.0,170.0,373.0,34.3,13767.7,10601.7,4276.7,1957.2,1002.3,28.0,15.0,53.57,7.0,14.0,7.0,11.0,6.0,11.0,10.0,2,1,314,4.0,6.0,33.0,4.0,2.0,0.0,1.31,1.53,11.0,88.0,74.0,24.0,25.0,16.0,44.0,0.0,0.0,0,14.0,94.0,19.0,6,6,0,0,0,2,0,0,0
1110,Eray Coemert,11,DF,18,0,0,0,0,0,1.0,3960.0,11.0,32.0,32.6,1659.8,1672.3,359.0,163.8,104.8,1.0,1.0,100.0,1.0,0.0,0.0,1.0,0.0,0.0,0.0,0,0,39,0.0,0.0,0.0,0.0,0.0,0.0,0.0,0.0,0.0,5.0,100.0,0.0,0.0,0.0,0.0,0.0,0.0,0,1.0,9.0,1.0,0,0,0,0,0,0,0,0,0
1111,Noah Okafor,11,FW,19,0,0,0,0,0,1.0,2914.0,11.0,38.0,32.9,994.1,1242.8,488.9,111.7,76.9,2.0,0.0,0.0,0.0,1.0,1.0,1.0,0.0,1.0,0.0,0,0,25,0.0,1.0,0.0,1.0,0.0,0.0,0.18,0.0,0.0,9.0,78.0,0.0,0.0,2.0,0.0,0.0,0.0,0,1.0,11.0,3.0,0,0,0,0,0,0,0,0,0
1112,Michel Aebischer,11,MF,20,0,0,0,0,0,4.0,21048.0,117.0,321.0,31.3,7742.199999999999,7796.299999999999,3445.3,1582.6,481.1,17.0,12.0,70.59,6.0,8.0,3.0,15.0,0.0,2.0,2.0,0,0,176,1.0,2.0,0.0,2.0,0.0,1.0,0.34,0.0,5.0,76.0,87.0,6.0,0.0,3.0,33.0,0.0,0.0,0,8.0,52.0,6.0,3,2,0,0,0,0,0,0,0
1113,Marvin Keller,11,GK,21,0,0,0,0,0,0.0,0.0,0.0,0.0,0.0,0.0,0.0,0.0,0.0,0.0,0.0,0.0,0.0,0.0,0.0,0.0,0.0,0.0,0.0,0.0,0,0,0,0.0,0.0,0.0,0.0,0.0,0.0,0.0,0.0,0.0,0.0,0.0,0.0,0.0,0.0,0.0,0.0,0.0,0,0.0,0.0,0.0,0,0,0,0,0,0,0,0,0
1114,Fabian Rieder,11,MF,22,0,0,0,0,0,5.0,38929.0,179.0,566.0,32.8,12436.499999999998,16995.4,6485.6,2319.2,692.5,23.0,10.0,43.48,9.0,5.0,9.0,18.0,5.0,0.0,6.0,0,0,332,2.0,7.0,0.0,4.0,3.0,0.0,1.09,0.0,8.0,87.0,82.0,16.0,0.0,10.0,40.0,2.0,100.0,0,19.0,210.0,30.0,3,6,0,0,0,0,0,0,0
1115,Zeki Amdouni,11,FW,23,0,0,0,0,0,4.0,11529.0,40.0,125.0,31.7,4136.5,5127.5,1514.1,499.3,252.1,4.0,2.0,50.0,2.0,1.0,1.0,2.0,0.0,2.0,0.0,0,0,101,0.0,1.0,0.0,0.0,1.0,0.0,0.0,0.0,0.0,11.0,73.0,0.0,0.0,0.0,0.0,0.0,0.0,0,3.0,49.0,8.0,5,4,0,0,0,0,0,0,0
1116,Aurele Amenda,11,DF,24,0,0,0,0,0,0.0,0.0,0.0,0.0,0.0,0.0,0.0,0.0,0.0,0.0,0.0,0.0,0.0,0.0,0.0,0.0,0.0,0.0,0.0,0.0,0,0,0,0.0,0.0,0.0,0.0,0.0,0.0,0.0,0.0,0.0,0.0,0.0,0.0,0.0,0.0,0.0,0.0,0.0,0,0.0,0.0,0.0,0,0,0,0,0,0,0,0,0
1117,Luca Jaquez,11,DF,25,0,0,0,0,0,2.0,9612.0,39.0,96.0,33.6,3426.8,4325.1,1090.3,498.4,271.2,10.0,6.0,60.0,0.0,5.0,5.0,10.0,0.0,0.0,2.0,0,0,89,0.0,0.0,0.0,0.0,0.0,0.0,0.0,0.0,0.0,41.0,76.0,2.0,0.0,4.0,50.0,0.0,0.0,0,3.0,15.0,4.0,3,1,0,0,0,0,0,0,0
1118,Cedric Itten,11,FW,26,0,0,0,0,0,3.0,7442.0,33.0,89.0,30.1,2481.8,3337.7,1140.8,364.30000000000007,117.1,0.0,0.0,0.0,0.0,0.0,0.0,0.0,0.0,0.0,1.0,0,0,62,0.0,0.0,0.0,0.0,0.0,0.0,0.0,0.0,0.0,5.0,60.0,1.0,0.0,0.0,0.0,0.0,0.0,0,4.0,27.0,6.0,4,2,0,0,0,0,0,0,0
1119,Mouhib Chamakh,46,GK,1,0,0,0,0,0,1.0,3891.0,0.0,4.0,21.3,3334.9,512.2,40.1,4.2,0.0,9.0,3.0,33.33,0.0,0.0,9.0,9.0,0.0,0.0,0.0,0,0,100,0.0,0.0,0.0,0.0,0.0,0.0,0.0,0.0,0.0,23.0,70.0,0.0,0.0,0.0,0.0,0.0,0.0,0,0.0,0.0,0.0,0,0,0,0,0,0,1,26,20
1120,Ali Abdi,46,DF,2,0,0,0,0,0,3.0,29933.0,150.0,343.0,34.8,12208.5,10993.7,3823.3,2083.7,823.5999999999999,20.0,11.0,55.0,3.0,6.0,11.0,18.0,0.0,2.0,4.0,0,0,293,0.0,1.0,0.0,0.0,1.0,0.0,0.05,0.0,1.0,74.0,69.0,5.0,0.0,5.0,60.0,0.0,0.0,0,22.0,102.0,24.0,4,2,0,0,0,0,0,0,0
1121,Montassar Talbi,46,DF,3,0,0,0,0,0,3.0,29946.0,77.0,275.0,30.6,11665.8,13596.7,3213.9,1017.8,451.8,17.0,12.0,70.59,3.0,6.0,8.0,17.0,0.0,0.0,0.0,0,0,298,0.0,1.0,0.0,1.0,0.0,1.0,0.08,0.0,0.0,113.0,95.0,0.0,0.0,0.0,0.0,4.0,75.0,0,5.0,17.0,6.0,1,1,0,0,0,0,0,0,0
1122,Omar Rekik,46,DF,4,1,1,0,0,1,2.0,20477.0,66.0,199.0,30.7,8182.3,8711.3,2329.5,888.4000000000001,365.8,32.0,23.0,71.88,5.0,17.0,10.0,32.0,0.0,0.0,2.0,1,0,200,0.0,0.0,0.0,0.0,0.0,0.0,0.0,0.0,0.0,93.0,83.0,2.0,0.0,4.0,25.0,1.0,100.0,0,5.0,17.0,5.0,0,1,0,0,0,1,0,0,0
1123,Adam Arous,46,DF,5,0,0,0,0,0,0.0,0.0,0.0,0.0,0.0,0.0,0.0,0.0,0.0,0.0,0.0,0.0,0.0,0.0,0.0,0.0,0.0,0.0,0.0,0.0,0,0,0,0.0,0.0,0.0,0.0,0.0,0.0,0.0,0.0,0.0,0.0,0.0,0.0,0.0,0.0,0.0,0.0,0.0,0,0.0,0.0,0.0,0,0,0,0,0,0,0,0,0
1124,Dylan Bronn,46,DF,6,0,0,0,0,0,1.0,5013.0,13.0,38.0,27.8,2061.9,2284.7,448.3,166.2,51.6,6.0,3.0,50.0,0.0,3.0,3.0,6.0,0.0,0.0,0.0,0,0,49,0.0,0.0,0.0,0.0,0.0,0.0,0.0,0.0,0.0,20.0,80.0,0.0,0.0,0.0,0.0,1.0,0.0,0,1.0,4.0,1.0,1,0,0,0,0,0,0,0,0
1125,Elias Achouri,46,FW,7,0,0,0,0,0,3.0,6477.0,40.0,68.0,30.3,2723.3,2159.0,907.8,471.3,215.6,3.0,2.0,66.67,0.0,2.0,1.0,3.0,0.0,0.0,0.0,0,0,58,1.0,3.0,0.0,0.0,3.0,0.0,0.13,0.0,0.0,8.0,88.0,0.0,0.0,0.0,0.0,0.0,0.0,0,1.0,19.0,6.0,0,1,0,0,0,1,0,0,0
1126,Elias Saad,46,FW,8,0,0,0,0,0,2.0,15480.0,86.0,199.0,32.3,4302.6,7313.0,2217.5,1249.9,397.7,1.0,1.0,100.0,0.0,1.0,0.0,1.0,0.0,0.0,1.0,0,0,124,0.0,1.0,0.0,0.0,1.0,0.0,0.06,0.0,1.0,29.0,76.0,2.0,0.0,1.0,100.0,0.0,0.0,0,6.0,53.0,3.0,1,3,0,0,0,1,0,0,0
1127,Hazem Mastouri,46,FW,9,1,1,0,0,1,1.0,10041.0,39.0,106.0,34.8,3896.7,4212.0,1235.7,460.8,235.9,1.0,0.0,0.0,1.0,0.0,0.0,1.0,0.0,0.0,1.0,1,0,92,0.0,0.0,0.0,0.0,0.0,0.0,0.0,0.0,0.0,10.0,70.0,1.0,100.0,0.0,0.0,0.0,0.0,0,1.0,38.0,4.0,2,2,0,0,0,0,0,0,0
1128,Hannibal Mejbri,46,MF,10,0,0,0,0,0,3.0,31221.0,102.0,368.0,31.7,11626.4,13658.1,4090.3,1360.1,486.3,52.0,36.0,69.23,18.0,13.0,21.0,48.0,4.0,0.0,4.0,0,2,298,1.0,3.0,0.0,0.0,3.0,0.0,0.06,0.0,4.0,123.0,76.0,9.0,33.0,11.0,55.0,7.0,71.0,0,19.0,125.0,17.0,4,15,0,0,0,0,0,0,0
1129,Ismael Gharbi,46,MF,11,0,0,0,0,0,3.0,15754.0,65.0,185.0,31.0,5040.0,7238.5,2206.2,900.5,368.7000000000001,3.0,2.0,66.67,1.0,1.0,1.0,2.0,1.0,0.0,0.0,0,0,142,0.0,3.0,0.0,2.0,1.0,0.0,0.26,0.0,1.0,36.0,97.0,1.0,0.0,0.0,0.0,0.0,0.0,0,3.0,62.0,9.0,0,2,0,0,0,0,0,0,0
1130,Mortadha Ben Ouanes,46,DF,12,0,0,0,0,0,1.0,3379.0,18.0,38.0,28.6,868.8,1659.0,580.5,196.6,74.2,1.0,0.0,0.0,0.0,0.0,1.0,1.0,0.0,0.0,0.0,0,0,27,0.0,0.0,0.0,0.0,0.0,0.0,0.0,0.0,0.0,4.0,75.0,0.0,0.0,1.0,0.0,0.0,0.0,0,3.0,10.0,3.0,0,1,0,0,0,0,0,0,0
1131,Rani Khedira,46,MF,13,0,0,0,0,0,3.0,18577.0,49.0,218.0,28.7,5961.599999999999,8987.300000000001,2695.0,826.8000000000001,106.8,5.0,3.0,60.0,1.0,0.0,4.0,5.0,0.0,0.0,1.0,0,0,162,0.0,1.0,0.0,0.0,1.0,0.0,0.06,0.0,0.0,30.0,83.0,1.0,0.0,2.0,50.0,0.0,0.0,0,6.0,49.0,10.0,3,0,1,0,0,0,0,0,0
1132,Khalil Ayari,46,MF,14,0,0,0,0,0,0.0,0.0,0.0,0.0,0.0,0.0,0.0,0.0,0.0,0.0,0.0,0.0,0.0,0.0,0.0,0.0,0.0,0.0,0.0,0.0,0,0,0,0.0,0.0,0.0,0.0,0.0,0.0,0.0,0.0,0.0,0.0,0.0,0.0,0.0,0.0,0.0,0.0,0.0,0,0.0,0.0,0.0,0,0,0,0,0,0,0,0,0
1133,Mohamed Hadj Mahmoud,46,MF,15,0,0,0,0,0,2.0,5920.0,36.0,67.0,31.0,2017.4,2429.7,829.3,424.6,219.6,4.0,4.0,100.0,1.0,1.0,2.0,4.0,0.0,0.0,0.0,0,0,52,0.0,0.0,0.0,0.0,0.0,0.0,0.0,0.0,0.0,13.0,92.0,0.0,0.0,0.0,0.0,1.0,100.0,0,1.0,25.0,6.0,2,0,0,0,0,0,0,0,0
1134,Aymen Dahmen,46,GK,16,0,0,0,0,0,2.0,7797.0,0.0,9.0,19.7,6594.200000000001,1093.8000000000002,109.0,0.0,0.0,32.0,11.0,34.38,1.0,1.0,30.0,32.0,0.0,0.0,0.0,0,0,198,0.0,0.0,0.0,0.0,0.0,0.0,0.0,0.0,0.0,48.0,50.0,0.0,0.0,1.0,100.0,1.0,0.0,0,0.0,0.0,0.0,0,1,0,0,0,0,6,51,44
1135,Ellyes Skhiri,46,MF,17,0,0,0,1,1,3.0,29335.0,59.0,286.0,31.2,10426.2,14602.1,3244.6,824.5000000000001,237.5,32.0,26.0,81.25,15.0,8.0,9.0,31.0,0.0,1.0,0.0,0,0,267,0.0,0.0,0.0,0.0,0.0,0.0,0.0,0.0,0.0,109.0,91.0,0.0,0.0,3.0,0.0,2.0,100.0,1,10.0,40.0,10.0,0,1,0,0,0,0,0,0,0
1136,Rayan Elloumi,46,FW,18,0,0,0,0,0,0.0,0.0,0.0,0.0,0.0,0.0,0.0,0.0,0.0,0.0,0.0,0.0,0.0,0.0,0.0,0.0,0.0,0.0,0.0,0.0,0,0,0,0.0,0.0,0.0,0.0,0.0,0.0,0.0,0.0,0.0,0.0,0.0,0.0,0.0,0.0,0.0,0.0,0.0,0,0.0,0.0,0.0,0,0,0,0,0,0,0,0,0
1137,Firas Chaouat,46,FW,19,0,0,0,0,0,3.0,6947.0,35.0,83.0,34.4,2272.6,3014.9,991.3,417.0,251.3,0.0,0.0,0.0,0.0,0.0,0.0,0.0,0.0,0.0,0.0,0,0,66,0.0,0.0,0.0,0.0,0.0,0.0,0.0,0.0,0.0,7.0,100.0,0.0,0.0,0.0,0.0,0.0,0.0,0,0.0,18.0,0.0,1,2,0,0,0,3,0,0,0
1138,Yan Valery,46,DF,20,0,0,0,0,0,3.0,29256.0,130.0,296.0,33.1,10846.0,12132.1,3566.5,1909.2,802.4,25.0,8.0,32.0,2.0,10.0,13.0,21.0,3.0,1.0,7.0,0,0,274,0.0,0.0,0.0,0.0,0.0,0.0,0.0,0.0,0.0,80.0,68.0,7.0,29.0,8.0,13.0,1.0,100.0,0,13.0,68.0,10.0,4,1,0,0,0,1,0,0,0
1139,Mohamed Amine Ben Hmida,46,DF,21,0,0,0,0,0,3.0,22029.0,70.0,167.0,33.8,9568.1,9271.1,1992.5,843.9,353.2,43.0,30.0,69.77,5.0,18.0,20.0,40.0,0.0,3.0,0.0,0,0,221,0.0,0.0,0.0,0.0,0.0,0.0,0.0,0.0,0.0,98.0,83.0,0.0,0.0,1.0,0.0,1.0,0.0,0,7.0,30.0,11.0,3,1,0,0,0,0,0,0,0
1140,Sabri Ben Hessen,46,GK,22,0,0,0,0,0,0.0,0.0,0.0,0.0,0.0,0.0,0.0,0.0,0.0,0.0,0.0,0.0,0.0,0.0,0.0,0.0,0.0,0.0,0.0,0.0,0,0,0,0.0,0.0,0.0,0.0,0.0,0.0,0.0,0.0,0.0,0.0,0.0,0.0,0.0,0.0,0.0,0.0,0.0,0,0.0,0.0,0.0,0,0,0,0,0,0,0,0,0
1141,Moutaz Neffati,46,DF,23,0,0,0,0,0,0.0,0.0,0.0,0.0,0.0,0.0,0.0,0.0,0.0,0.0,0.0,0.0,0.0,0.0,0.0,0.0,0.0,0.0,0.0,0.0,0,0,0,0.0,0.0,0.0,0.0,0.0,0.0,0.0,0.0,0.0,0.0,0.0,0.0,0.0,0.0,0.0,0.0,0.0,0,0.0,0.0,0.0,0,0,0,0,0,0,0,0,0
1142,Raed Chikhaoui,46,DF,24,0,0,0,0,0,0.0,0.0,0.0,0.0,0.0,0.0,0.0,0.0,0.0,0.0,0.0,0.0,0.0,0.0,0.0,0.0,0.0,0.0,0.0,0.0,0,0,0,0.0,0.0,0.0,0.0,0.0,0.0,0.0,0.0,0.0,0.0,0.0,0.0,0.0,0.0,0.0,0.0,0.0,0,0.0,0.0,0.0,0,0,0,0,0,0,0,0,0
1143,Anis Slimane,46,MF,25,0,0,0,0,0,3.0,30658.0,123.0,408.0,30.3,8915.4,15215.0,4315.4,1771.0,441.3,20.0,15.0,75.0,7.0,9.0,4.0,17.0,0.0,3.0,3.0,0,0,257,1.0,1.0,0.0,1.0,0.0,1.0,0.11,0.0,2.0,75.0,79.0,4.0,50.0,2.0,50.0,2.0,100.0,0,5.0,92.0,5.0,0,0,0,0,0,2,0,0,0
1144,Sebastian Tounekti,46,MF,26,0,0,0,0,0,3.0,11128.0,55.0,146.0,32.9,4016.9,4499.5,1660.3000000000002,753.6,198.4,1.0,0.0,0.0,0.0,1.0,0.0,0.0,1.0,0.0,3.0,0,0,98,0.0,0.0,0.0,0.0,0.0,0.0,0.0,0.0,0.0,18.0,89.0,3.0,0.0,1.0,0.0,0.0,0.0,0,1.0,33.0,1.0,1,0,0,0,0,0,0,0,0
1145,Mert Gunok,47,GK,1,0,0,0,0,0,0.0,0.0,0.0,0.0,0.0,0.0,0.0,0.0,0.0,0.0,0.0,0.0,0.0,0.0,0.0,0.0,0.0,0.0,0.0,0.0,0,0,0,0.0,0.0,0.0,0.0,0.0,0.0,0.0,0.0,0.0,0.0,0.0,0.0,0.0,0.0,0.0,0.0,0.0,0,0.0,0.0,0.0,0,0,0,0,0,0,0,0,0
1146,Zeki Celik,47,DF,2,0,0,0,0,0,1.0,9542.0,47.0,118.0,34.7,3456.2,3863.1,1348.4,577.8,296.0,6.0,5.0,83.33,0.0,5.0,1.0,6.0,0.0,0.0,0.0,0,0,173,1.0,1.0,0.0,1.0,0.0,0.0,0.1,0.0,1.0,79.0,89.0,1.0,0.0,1.0,100.0,1.0,100.0,0,5.0,35.0,9.0,1,0,0,0,0,0,0,0,0
1147,Merih Demiral,47,DF,3,0,0,0,0,0,2.0,21211.0,57.0,153.0,33.8,9654.1,8665.9,1709.6,715.3,466.3,18.0,13.0,72.22,3.0,7.0,8.0,17.0,0.0,1.0,1.0,0,0,208,2.0,6.0,0.0,3.0,3.0,2.0,0.24,0.0,0.0,124.0,96.0,1.0,0.0,5.0,40.0,2.0,100.0,0,3.0,9.0,3.0,2,1,0,0,0,3,0,0,0
1148,Caglar Soyuncu,47,DF,4,0,0,0,0,0,0.0,0.0,0.0,0.0,0.0,0.0,0.0,0.0,0.0,0.0,0.0,0.0,0.0,0.0,0.0,0.0,0.0,0.0,0.0,0.0,0,0,15,0.0,0.0,0.0,0.0,0.0,0.0,0.0,0.0,0.0,4.0,75.0,0.0,0.0,0.0,0.0,0.0,0.0,0,0.0,1.0,1.0,0,0,0,0,0,0,0,0,0
1149,Salih Ozcan,47,MF,5,0,0,0,0,0,1.0,1980.0,12.0,26.0,28.3,587.8,855.9,347.4,173.4,15.5,2.0,2.0,100.0,0.0,2.0,0.0,2.0,0.0,0.0,0.0,0,0,120,0.0,0.0,0.0,0.0,0.0,0.0,0.0,0.0,0.0,61.0,85.0,1.0,0.0,3.0,33.0,2.0,100.0,0,5.0,33.0,12.0,2,2,0,0,0,0,0,0,0
1150,Orkun Kokcu,47,MF,6,0,0,0,0,0,2.0,9057.0,36.0,99.0,31.1,3059.5,4180.0,1260.0,445.3,112.2,14.0,9.0,64.29,5.0,4.0,5.0,12.0,1.0,1.0,4.0,0,1,172,0.0,3.0,0.0,2.0,1.0,0.0,0.56,0.0,2.0,85.0,71.0,6.0,0.0,4.0,25.0,0.0,0.0,0,7.0,37.0,9.0,2,4,0,0,0,0,0,0,0
1151,Kerem Akturkoglu,47,FW,7,0,0,0,0,0,2.0,15234.0,73.0,147.0,32.4,6520.6,5907.2,1597.8,854.9000000000001,353.6,1.0,0.0,0.0,0.0,0.0,1.0,1.0,0.0,0.0,2.0,0,0,143,1.0,3.0,0.0,2.0,1.0,0.0,0.59,0.0,0.0,15.0,60.0,2.0,50.0,0.0,0.0,0.0,0.0,0,10.0,38.0,2.0,0,2,0,0,0,0,0,0,0
1152,Arda Guler,47,FW,8,1,1,0,0,1,2.0,22797.0,81.0,286.0,30.4,8326.0,9885.5,3364.8,1034.1,186.3,65.0,51.0,78.46,14.0,34.0,17.0,58.0,1.0,6.0,5.0,1,0,313,4.0,12.0,8.0,3.0,9.0,0.0,0.75,1.34,11.0,198.0,86.0,14.0,29.0,9.0,67.0,5.0,80.0,0,12.0,62.0,7.0,3,10,0,0,0,2,0,0,0
1153,Deniz Gul,47,FW,9,0,0,0,0,0,2.0,5153.0,22.0,43.0,30.1,2347.8,1949.2,503.2000000000001,249.2,103.4,0.0,0.0,0.0,0.0,0.0,0.0,0.0,0.0,0.0,0.0,0,0,50,1.0,2.0,0.0,2.0,0.0,1.0,0.7,0.0,0.0,0.0,0.0,0.0,0.0,0.0,0.0,0.0,0.0,0,0.0,5.0,0.0,2,0,0,0,0,0,0,0,0
1154,Hakan Calhanoglu,47,MF,10,0,0,0,0,0,2.0,24004.0,72.0,319.0,30.1,7500.3,11371.4,4010.6,931.5,190.2,52.0,43.0,82.69,10.0,22.0,20.0,47.0,0.0,5.0,1.0,0,0,208,2.0,11.0,0.0,2.0,9.0,0.0,0.4,0.0,8.0,190.0,90.0,10.0,10.0,5.0,60.0,7.0,86.0,0,11.0,28.0,5.0,2,1,0,0,0,0,0,0,0
1155,Kenan Yildiz,47,FW,11,0,0,0,0,0,2.0,15842.0,42.0,142.0,31.8,7082.5,6438.799999999999,1671.2,495.6,154.29999999999998,18.0,12.0,66.67,4.0,13.0,1.0,13.0,2.0,3.0,7.0,0,0,249,1.0,14.0,0.0,11.0,3.0,0.0,0.38,0.0,0.0,121.0,89.0,8.0,13.0,10.0,70.0,1.0,0.0,0,7.0,32.0,5.0,2,4,0,0,0,0,0,0,0
1156,Altay Bayindir,47,GK,12,0,0,0,0,0,0.0,0.0,0.0,0.0,0.0,0.0,0.0,0.0,0.0,0.0,0.0,0.0,0.0,0.0,0.0,0.0,0.0,0.0,0.0,0.0,0,0,0,0.0,0.0,0.0,0.0,0.0,0.0,0.0,0.0,0.0,0.0,0.0,0.0,0.0,0.0,0.0,0.0,0.0,0,0.0,0.0,0.0,0,0,0,0,0,0,0,0,0
1157,Eren Elmali,47,DF,13,0,0,0,0,0,1.0,3410.0,13.0,35.0,32.4,1210.8,1333.8,603.7,163.2,98.2,4.0,4.0,100.0,2.0,1.0,1.0,3.0,0.0,1.0,1.0,0,0,134,0.0,0.0,0.0,0.0,0.0,0.0,0.0,0.0,0.0,59.0,88.0,4.0,25.0,1.0,100.0,1.0,100.0,0,4.0,26.0,3.0,2,1,1,0,0,0,0,0,0
1158,Abdulkerim Bardakci,47,DF,14,0,0,0,0,0,2.0,19876.0,59.0,165.0,31.5,8822.1,8032.299999999999,1906.6,786.8,328.29999999999995,45.0,39.0,86.67,5.0,30.0,10.0,40.0,4.0,1.0,6.0,0,0,300,0.0,3.0,0.0,1.0,2.0,0.0,0.07,0.0,0.0,242.0,92.0,6.0,33.0,3.0,33.0,5.0,60.0,0,3.0,27.0,12.0,1,3,0,0,0,0,0,0,0
1159,Ozan Kabak,47,DF,15,0,0,0,0,0,0.0,0.0,0.0,0.0,0.0,0.0,0.0,0.0,0.0,0.0,0.0,0.0,0.0,0.0,0.0,0.0,0.0,0.0,0.0,0.0,0,0,104,0.0,0.0,0.0,0.0,0.0,0.0,0.0,0.0,0.0,36.0,72.0,0.0,0.0,2.0,0.0,0.0,0.0,0,3.0,10.0,7.0,3,0,0,0,0,0,0,0,0
1160,Ismail Yuksek,47,MF,16,0,0,0,0,0,2.0,16926.0,43.0,156.0,32.3,6692.7,7478.5,1884.7,604.5,265.7,25.0,20.0,80.0,13.0,6.0,6.0,22.0,0.0,3.0,1.0,0,0,153,0.0,5.0,0.0,3.0,2.0,1.0,0.32,0.0,0.0,111.0,94.0,1.0,0.0,2.0,50.0,2.0,100.0,0,16.0,34.0,13.0,2,0,0,0,0,0,0,0,0
1161,Irfan Can Kahveci,47,FW,17,0,0,0,0,0,0.0,0.0,0.0,0.0,0.0,0.0,0.0,0.0,0.0,0.0,0.0,0.0,0.0,0.0,0.0,0.0,0.0,0.0,0.0,0.0,0,0,7,0.0,0.0,0.0,0.0,0.0,0.0,0.0,0.0,0.0,2.0,100.0,0.0,0.0,0.0,0.0,0.0,0.0,0,0.0,4.0,1.0,0,0,0,0,0,0,0,0,0
1162,Mert Muldur,47,DF,18,0,0,0,0,0,2.0,14102.0,50.0,133.0,31.5,5312.2,5944.3,1631.5,663.4,550.5,16.0,15.0,93.75,0.0,13.0,3.0,15.0,0.0,1.0,5.0,0,0,132,0.0,3.0,0.0,3.0,0.0,3.0,0.22,0.0,0.0,81.0,89.0,6.0,17.0,4.0,100.0,0.0,0.0,0,1.0,10.0,5.0,1,2,0,0,0,0,0,0,0
1163,Yunus Akgun,47,FW,19,0,0,0,0,0,2.0,10803.0,52.0,101.0,31.7,4080.0,4552.799999999999,1386.0,568.4,216.0,8.0,6.0,75.0,3.0,3.0,2.0,5.0,2.0,1.0,2.0,0,0,103,0.0,0.0,0.0,0.0,0.0,0.0,0.0,0.0,0.0,52.0,79.0,2.0,50.0,2.0,0.0,0.0,0.0,0,3.0,12.0,4.0,2,1,1,0,0,0,0,0,0
1164,Ferdi Kadioglu,47,DF,20,0,0,0,0,0,2.0,19552.0,101.0,218.0,32.1,7267.9,7930.8,2607.3,1255.2,491.3,54.0,46.0,85.19,9.0,35.0,10.0,50.0,1.0,3.0,4.0,0,0,179,0.0,1.0,0.0,0.0,1.0,0.0,0.04,0.0,0.0,175.0,92.0,4.0,0.0,9.0,78.0,1.0,0.0,0,0.0,16.0,7.0,0,3,0,0,0,0,0,0,0
1165,Baris Alper Yilmaz,47,FW,21,1,1,0,0,1,2.0,11297.0,53.0,127.0,34.3,4058.6,4735.4,1506.8000000000002,663.9,332.0,14.0,9.0,64.29,0.0,10.0,4.0,4.0,3.0,7.0,15.0,1,1,200,0.0,1.0,100.0,0.0,1.0,0.0,0.06,16.87,0.0,38.0,76.0,15.0,0.0,12.0,67.0,2.0,0.0,0,24.0,37.0,5.0,4,1,0,0,0,2,0,0,0
1166,Kaan Ayhan,47,MF,22,1,1,0,0,1,0.0,0.0,0.0,0.0,0.0,0.0,0.0,0.0,0.0,0.0,0.0,0.0,0.0,0.0,0.0,0.0,0.0,0.0,0.0,0.0,1,0,11,1.0,1.0,100.0,1.0,0.0,0.0,0.68,1.48,0.0,3.0,33.0,0.0,0.0,0.0,0.0,0.0,0.0,0,0.0,1.0,1.0,0,0,0,0,0,0,0,0,0
1167,Ugurcan Cakir,47,GK,23,0,0,0,0,0,2.0,10556.0,9.0,44.0,28.8,7787.2,2179.4,468.7000000000001,89.4,31.4,10.0,5.0,50.0,1.0,2.0,7.0,10.0,0.0,0.0,0.0,0,0,313,0.0,0.0,0.0,0.0,0.0,0.0,0.0,0.0,0.0,98.0,79.0,0.0,0.0,0.0,0.0,1.0,100.0,0,0.0,0.0,0.0,0,0,0,0,0,0,8,55,46
1168,Oguz Aydin,47,FW,24,0,0,0,0,0,0.0,0.0,0.0,0.0,0.0,0.0,0.0,0.0,0.0,0.0,0.0,0.0,0.0,0.0,0.0,0.0,0.0,0.0,0.0,0.0,0,0,97,0.0,0.0,0.0,0.0,0.0,0.0,0.0,0.0,0.0,46.0,85.0,3.0,0.0,3.0,67.0,0.0,0.0,0,3.0,24.0,9.0,0,2,0,0,0,0,0,0,0
1169,Samet Akaydin,47,DF,25,0,0,0,0,0,0.0,0.0,0.0,0.0,0.0,0.0,0.0,0.0,0.0,0.0,0.0,0.0,0.0,0.0,0.0,0.0,0.0,0.0,0.0,0.0,0,0,0,0.0,0.0,0.0,0.0,0.0,0.0,0.0,0.0,0.0,0.0,0.0,0.0,0.0,0.0,0.0,0.0,0.0,0,0.0,0.0,0.0,0,0,0,0,0,0,0,0,0
1170,Can Uzun,47,FW,26,0,0,0,0,0,1.0,4446.0,19.0,59.0,28.5,1748.8,1779.0,636.7,216.4,64.7,9.0,6.0,66.67,2.0,6.0,1.0,8.0,0.0,1.0,0.0,0,0,55,1.0,4.0,0.0,3.0,1.0,0.0,0.39,0.0,0.0,24.0,92.0,0.0,0.0,0.0,0.0,0.0,0.0,0,4.0,9.0,3.0,0,1,0,0,0,0,0,0,0
1171,Sergio Rochet,36,GK,1,0,0,0,0,0,1.0,3079.0,3.0,6.0,28.2,2053.9,896.5,85.2,27.3,16.5,12.0,4.0,33.33,1.0,0.0,11.0,12.0,0.0,0.0,0.0,0,0,51,0.0,0.0,0.0,0.0,0.0,0.0,0.0,0.0,0.0,19.0,53.0,0.0,0.0,3.0,67.0,0.0,0.0,0,0.0,0.0,0.0,0,0,0,0,0,0,0,7,5
1172,Jose Maria Gimenez,36,DF,2,0,0,0,0,0,0.0,0.0,0.0,0.0,0.0,0.0,0.0,0.0,0.0,0.0,0.0,0.0,0.0,0.0,0.0,0.0,0.0,0.0,0.0,0.0,0,0,0,0.0,0.0,0.0,0.0,0.0,0.0,0.0,0.0,0.0,0.0,0.0,0.0,0.0,0.0,0.0,0.0,0.0,0,0.0,0.0,0.0,0,0,0,0,0,0,0,0,0
1173,Sebastian Caceres,36,DF,3,0,0,0,0,0,3.0,30360.0,98.0,303.0,33.0,13101.7,11989.7,3527.9999999999995,1168.3,572.1999999999999,46.0,31.0,67.39,4.0,17.0,25.0,42.0,1.0,3.0,1.0,0,0,313,0.0,3.0,0.0,2.0,1.0,2.0,0.13,0.0,0.0,172.0,90.0,1.0,0.0,4.0,50.0,3.0,100.0,0,8.0,31.0,13.0,2,2,0,0,0,0,0,0,0
1174,Ronald Araujo,36,DF,4,0,0,0,0,0,0.0,0.0,0.0,0.0,0.0,0.0,0.0,0.0,0.0,0.0,0.0,0.0,0.0,0.0,0.0,0.0,0.0,0.0,0.0,0.0,0,0,0,0.0,0.0,0.0,0.0,0.0,0.0,0.0,0.0,0.0,0.0,0.0,0.0,0.0,0.0,0.0,0.0,0.0,0,0.0,0.0,0.0,0,0,0,0,0,0,0,0,0
1175,Manuel Ugarte,36,MF,5,0,0,0,0,0,3.0,21107.0,72.0,239.0,31.8,7841.6,9541.7,2571.0,941.9,211.0,33.0,24.0,72.73,12.0,10.0,11.0,33.0,0.0,0.0,0.0,0,0,197,1.0,3.0,0.0,0.0,3.0,0.0,0.09,0.0,0.0,136.0,87.0,0.0,0.0,4.0,50.0,1.0,0.0,0,3.0,40.0,17.0,1,0,0,0,0,0,0,0,0
1176,Rodrigo Bentancur,36,MF,6,0,0,0,0,0,3.0,33645.0,145.0,352.0,32.6,14399.1,12963.2,3875.7,1817.6,589.0,42.0,34.0,80.95,18.0,17.0,7.0,39.0,0.0,3.0,3.0,0,0,313,0.0,4.0,0.0,3.0,1.0,3.0,0.32,0.0,0.0,174.0,90.0,3.0,0.0,2.0,50.0,0.0,0.0,0,9.0,82.0,15.0,7,5,1,0,0,0,0,0,0
1177,Nicolas De La Cruz,36,MF,7,0,0,0,0,0,3.0,12115.0,65.0,174.0,29.9,3995.900000000001,4896.0,2004.3,934.8,283.6,16.0,11.0,68.75,7.0,2.0,7.0,16.0,0.0,0.0,1.0,0,0,115,2.0,4.0,0.0,1.0,3.0,0.0,0.11,0.0,4.0,55.0,82.0,4.0,50.0,7.0,43.0,4.0,100.0,0,7.0,36.0,6.0,2,3,1,0,0,0,0,0,0
1178,Federico Valverde,36,MF,8,0,0,0,0,0,3.0,25917.0,99.0,228.0,34.9,10197.4,11423.5,2620.7,1150.0,525.2,41.0,29.0,70.73,7.0,22.0,12.0,38.0,1.0,2.0,6.0,0,0,272,2.0,10.0,0.0,3.0,7.0,0.0,0.5,0.0,2.0,120.0,82.0,8.0,0.0,12.0,67.0,5.0,100.0,0,19.0,76.0,8.0,1,0,0,0,0,0,0,0,0
1179,Darwin Nunez,36,FW,9,0,0,0,0,0,3.0,19040.0,93.0,190.0,34.8,7843.799999999999,6994.4,2322.4,1151.1,728.7,6.0,5.0,83.33,0.0,4.0,2.0,5.0,0.0,1.0,3.0,0,0,182,0.0,2.0,0.0,1.0,1.0,1.0,0.2,0.0,0.0,25.0,80.0,3.0,33.0,3.0,100.0,1.0,100.0,0,6.0,95.0,2.0,1,1,0,0,0,2,0,0,0
1180,Giorgian De Arrascaeta,36,MF,10,0,0,0,0,0,0.0,0.0,0.0,0.0,0.0,0.0,0.0,0.0,0.0,0.0,0.0,0.0,0.0,0.0,0.0,0.0,0.0,0.0,0.0,0.0,0,0,0,0.0,0.0,0.0,0.0,0.0,0.0,0.0,0.0,0.0,0.0,0.0,0.0,0.0,0.0,0.0,0.0,0.0,0,0.0,0.0,0.0,0,0,0,0,0,0,0,0,0
1181,Facundo Pellistri,36,FW,11,0,0,0,0,0,0.0,0.0,0.0,0.0,0.0,0.0,0.0,0.0,0.0,0.0,0.0,0.0,0.0,0.0,0.0,0.0,0.0,0.0,0.0,0.0,0,0,0,0.0,0.0,0.0,0.0,0.0,0.0,0.0,0.0,0.0,0.0,0.0,0.0,0.0,0.0,0.0,0.0,0.0,0,0.0,0.0,0.0,0,0,0,0,0,0,0,0,0
1182,Santiago Mele,36,GK,12,0,0,0,0,0,0.0,0.0,0.0,0.0,0.0,0.0,0.0,0.0,0.0,0.0,0.0,0.0,0.0,0.0,0.0,0.0,0.0,0.0,0.0,0.0,0,0,0,0.0,0.0,0.0,0.0,0.0,0.0,0.0,0.0,0.0,0.0,0.0,0.0,0.0,0.0,0.0,0.0,0.0,0,0.0,0.0,0.0,0,0,0,0,0,0,0,0,0
1183,Guillermo Varela,36,DF,13,0,0,0,0,0,3.0,32751.0,149.0,352.0,33.3,12447.5,13502.1,4062.1,1943.3,795.9000000000001,41.0,34.0,82.93,7.0,21.0,13.0,37.0,3.0,1.0,10.0,0,0,313,0.0,2.0,0.0,0.0,2.0,0.0,0.01,0.0,0.0,134.0,89.0,10.0,30.0,8.0,75.0,1.0,100.0,0,8.0,20.0,5.0,1,1,1,0,0,0,0,0,0
1184,Agustin Canobbio,36,MF,14,1,1,0,0,1,3.0,28186.0,162.0,348.0,33.4,9201.0,11913.6,4019.400000000001,2033.2,1018.9,18.0,15.0,83.33,3.0,12.0,3.0,11.0,3.0,4.0,9.0,1,0,261,1.0,4.0,25.0,4.0,0.0,1.0,0.75,1.33,0.0,68.0,90.0,9.0,33.0,5.0,60.0,0.0,0.0,0,16.0,107.0,16.0,7,5,0,1,0,1,0,0,0
1185,Emiliano Martinez,36,MF,15,0,0,0,0,0,0.0,0.0,0.0,0.0,0.0,0.0,0.0,0.0,0.0,0.0,0.0,0.0,0.0,0.0,0.0,0.0,0.0,0.0,0.0,0.0,0,0,0,0.0,0.0,0.0,0.0,0.0,0.0,0.0,0.0,0.0,0.0,0.0,0.0,0.0,0.0,0.0,0.0,0.0,0,0.0,0.0,0.0,0,0,0,0,0,0,0,0,0
1186,Mathias Olivera,36,DF,16,0,0,0,0,0,3.0,34595.0,126.0,458.0,28.4,12605.9,14216.7,5609.5,1872.7,290.4,52.0,42.0,80.77,16.0,26.0,10.0,47.0,1.0,4.0,3.0,0,0,313,0.0,1.0,0.0,1.0,0.0,1.0,0.05,0.0,0.0,226.0,94.0,3.0,0.0,6.0,50.0,3.0,100.0,0,20.0,42.0,18.0,3,0,1,0,0,0,0,0,0
1187,Matias Vina,36,DF,17,0,0,0,0,0,1.0,5228.0,30.0,71.0,30.5,1902.4,2077.2,844.8,329.1,74.0,10.0,7.0,70.0,2.0,7.0,1.0,10.0,0.0,0.0,2.0,0,0,49,0.0,0.0,0.0,0.0,0.0,0.0,0.0,0.0,0.0,29.0,79.0,2.0,0.0,0.0,0.0,0.0,0.0,0,4.0,8.0,0.0,0,1,0,0,0,1,0,0,0
1188,Brian Rodriguez,36,FW,18,0,0,0,0,0,3.0,6498.0,35.0,90.0,34.9,2526.0,2372.9,1022.1,399.4,177.10000000000002,11.0,6.0,54.55,0.0,8.0,3.0,6.0,2.0,3.0,6.0,0,0,61,1.0,3.0,0.0,1.0,2.0,0.0,0.22,0.0,10.0,26.0,73.0,14.0,7.0,7.0,71.0,1.0,100.0,0,2.0,15.0,1.0,0,1,0,0,0,0,0,0,0
1189,Rodrigo Aguirre,36,FW,19,0,0,0,0,0,1.0,899.0,4.0,12.0,30.6,333.8,285.4,167.5,81.7,30.3,0.0,0.0,0.0,0.0,0.0,0.0,0.0,0.0,0.0,0.0,0,0,8,0.0,0.0,0.0,0.0,0.0,0.0,0.0,0.0,0.0,1.0,0.0,0.0,0.0,0.0,0.0,0.0,0.0,0,0.0,0.0,0.0,0,0,0,0,0,0,0,0,0
1190,Maxi Araujo,36,MF,20,2,2,0,0,2,3.0,27643.0,129.0,308.0,32.4,10849.4,10864.0,3534.2000000000003,1641.9,753.1,19.0,14.0,73.68,3.0,9.0,7.0,15.0,2.0,2.0,5.0,2,1,278,3.0,4.0,50.0,3.0,1.0,2.0,1.09,1.83,10.0,57.0,88.0,18.0,44.0,7.0,86.0,0.0,0.0,0,10.0,79.0,11.0,2,7,0,0,0,6,0,0,0
1191,Federico Vinas,36,FW,21,0,0,0,0,0,3.0,20226.0,102.0,195.0,32.2,9665.9,6581.200000000001,2418.0,1107.3,453.4,3.0,1.0,33.33,0.0,0.0,3.0,3.0,0.0,0.0,0.0,0,0,211,3.0,6.0,0.0,6.0,0.0,5.0,0.39,0.0,0.0,29.0,62.0,0.0,0.0,1.0,0.0,0.0,0.0,0,12.0,63.0,6.0,3,3,0,0,0,3,0,0,0
1192,Joaquin Piquerez,36,MF,22,0,0,0,0,0,0.0,0.0,0.0,0.0,0.0,0.0,0.0,0.0,0.0,0.0,0.0,0.0,0.0,0.0,0.0,0.0,0.0,0.0,0.0,0.0,0,0,0,0.0,0.0,0.0,0.0,0.0,0.0,0.0,0.0,0.0,0.0,0.0,0.0,0.0,0.0,0.0,0.0,0.0,0,0.0,0.0,0.0,0,0,0,0,0,0,0,0,0
1193,Fernando Muslera,36,GK,23,0,0,0,0,0,3.0,11069.0,7.0,22.0,29.7,9076.9,1655.9,242.1,69.1,25.3,22.0,11.0,50.0,1.0,1.0,20.0,22.0,0.0,0.0,0.0,0,0,261,0.0,0.0,0.0,0.0,0.0,0.0,0.0,0.0,0.0,71.0,80.0,0.0,0.0,1.0,0.0,0.0,0.0,0,0.0,0.0,0.0,0,0,0,0,0,0,4,41,34
1194,Santiago Bueno,36,DF,24,0,0,0,0,0,0.0,0.0,0.0,0.0,0.0,0.0,0.0,0.0,0.0,0.0,0.0,0.0,0.0,0.0,0.0,0.0,0.0,0.0,0.0,0.0,0,0,0,0.0,0.0,0.0,0.0,0.0,0.0,0.0,0.0,0.0,0.0,0.0,0.0,0.0,0.0,0.0,0.0,0.0,0,0.0,0.0,0.0,0,0,0,0,0,0,0,0,0
1195,Juan Manuel Sanabria,36,MF,25,0,0,0,0,0,3.0,25094.0,129.0,320.0,32.6,9262.6,9752.2,3729.3,1709.4,640.8000000000001,26.0,20.0,76.92,2.0,11.0,13.0,25.0,1.0,0.0,12.0,0,0,237,0.0,3.0,0.0,2.0,1.0,0.0,0.09,0.0,0.0,103.0,86.0,12.0,0.0,4.0,75.0,0.0,0.0,0,9.0,51.0,12.0,1,0,1,0,0,1,0,0,0
1196,Rodrigo Zalazar,36,MF,26,0,0,0,0,0,0.0,0.0,0.0,0.0,0.0,0.0,0.0,0.0,0.0,0.0,0.0,0.0,0.0,0.0,0.0,0.0,0.0,0.0,0.0,0.0,0,0,0,0.0,0.0,0.0,0.0,0.0,0.0,0.0,0.0,0.0,0.0,0.0,0.0,0.0,0.0,0.0,0.0,0.0,0,0.0,0.0,0.0,0,0,0,0,0,0,0,0,0
1197,Matt Turner,12,GK,1,0,0,0,0,0,0.0,0.0,0.0,0.0,0.0,0.0,0.0,0.0,0.0,0.0,0.0,0.0,0.0,0.0,0.0,0.0,0.0,0.0,0.0,0.0,0,0,104,0.0,0.0,0.0,0.0,0.0,0.0,0.0,0.0,0.0,33.0,73.0,0.0,0.0,0.0,0.0,1.0,0.0,0,0.0,0.0,0.0,0,0,0,0,0,0,0,21,17
1198,Sergino Dest,12,DF,2,0,0,0,0,0,4.0,34098.0,192.0,424.0,33.4,10864.0,15206.1,4693.0,2283.2000000000003,1052.1999999999998,23.0,17.0,73.91,7.0,13.0,3.0,15.0,2.0,6.0,7.0,0,0,335,1.0,3.0,0.0,1.0,2.0,0.0,0.21,0.0,0.0,102.0,87.0,7.0,29.0,14.0,64.0,0.0,0.0,0,14.0,97.0,9.0,2,4,0,0,0,0,0,0,0
1199,Chris Richards,12,DF,3,0,0,0,0,0,4.0,42887.0,97.0,486.0,30.7,14660.8,20699.7,5923.0,1326.5,277.0,39.0,31.0,79.49,10.0,20.0,9.0,39.0,0.0,0.0,0.0,0,0,419,0.0,1.0,0.0,1.0,0.0,1.0,0.06,0.0,0.0,291.0,95.0,0.0,0.0,2.0,0.0,2.0,100.0,0,4.0,22.0,11.0,8,3,1,0,0,0,0,0,0
1200,Tyler Adams,12,MF,4,0,0,0,0,0,4.0,41839.0,175.0,566.0,32.2,14036.2,17960.4,6862.200000000001,2410.4,569.8,62.0,50.0,80.65,22.0,23.0,17.0,62.0,0.0,0.0,0.0,0,0,397,0.0,0.0,0.0,0.0,0.0,0.0,0.0,0.0,0.0,231.0,91.0,0.0,0.0,6.0,67.0,1.0,100.0,0,30.0,65.0,21.0,5,6,1,0,0,0,0,0,0
1201,Antonee Robinson,12,DF,5,0,0,0,0,0,4.0,43816.0,206.0,556.0,34.0,14583.6,19154.9,6461.799999999999,2386.1000000000004,1229.1,71.0,46.0,64.79,14.0,28.0,29.0,62.0,3.0,6.0,13.0,0,0,399,0.0,0.0,0.0,0.0,0.0,0.0,0.0,0.0,3.0,221.0,82.0,18.0,22.0,13.0,46.0,2.0,50.0,0,14.0,66.0,18.0,4,1,1,0,0,0,0,0,0
1202,Auston Trusty,12,DF,6,1,1,0,0,1,1.0,1756.0,7.0,23.0,29.1,661.6,752.7,235.4,78.9,28.0,2.0,0.0,0.0,0.0,1.0,1.0,1.0,1.0,0.0,1.0,1,0,123,2.0,3.0,33.0,3.0,0.0,1.0,0.27,3.7,0.0,50.0,76.0,2.0,0.0,2.0,0.0,1.0,100.0,0,5.0,31.0,6.0,2,0,0,0,0,0,0,0,0
1203,Giovanni Reyna,12,MF,7,1,1,0,0,1,4.0,9294.0,31.0,156.0,26.0,2480.6000000000004,4442.0,1853.7,490.5,27.0,10.0,8.0,80.0,2.0,3.0,5.0,10.0,0.0,0.0,0.0,1,0,155,1.0,2.0,50.0,2.0,0.0,0.0,0.22,4.61,0.0,94.0,84.0,1.0,0.0,9.0,78.0,1.0,100.0,0,8.0,46.0,6.0,1,2,0,0,0,0,0,0,0
1204,Weston Mckennie,12,MF,8,0,0,0,0,0,4.0,46718.0,193.0,613.0,32.4,16793.5,18829.6,7686.4,2471.1,937.5,53.0,38.0,71.7,16.0,20.0,17.0,51.0,1.0,1.0,10.0,0,0,504,1.0,5.0,0.0,4.0,1.0,2.0,0.6,0.0,0.0,220.0,79.0,11.0,27.0,27.0,74.0,4.0,75.0,0,22.0,102.0,21.0,8,2,1,0,0,0,0,0,0
1205,Ricardo Pepi,12,FW,9,0,0,0,0,0,4.0,16248.0,96.0,211.0,33.2,5017.6,6934.999999999999,2544.3,1230.4,520.9,3.0,2.0,66.67,0.0,2.0,1.0,2.0,0.0,1.0,1.0,0,0,247,0.0,5.0,0.0,5.0,0.0,2.0,0.38,0.0,0.0,38.0,87.0,1.0,0.0,1.0,100.0,0.0,0.0,0,18.0,84.0,15.0,5,2,0,0,0,2,0,0,0
1206,Christian Pulisic,12,FW,10,0,0,0,0,0,3.0,24481.0,113.0,313.0,33.7,8220.8,10743.0,3567.4,1448.1,501.9,22.0,15.0,68.18,8.0,11.0,3.0,9.0,2.0,11.0,5.0,0,1,253,2.0,4.0,0.0,2.0,2.0,0.0,0.42,0.0,1.0,81.0,88.0,6.0,17.0,7.0,71.0,0.0,0.0,0,8.0,73.0,9.0,1,6,0,0,0,2,0,0,0
1207,Brenden Aaronson,12,FW,11,0,0,0,0,0,0.0,0.0,0.0,0.0,0.0,0.0,0.0,0.0,0.0,0.0,0.0,0.0,0.0,0.0,0.0,0.0,0.0,0.0,0.0,0.0,0,0,82,1.0,3.0,0.0,3.0,0.0,0.0,0.46,0.0,0.0,22.0,95.0,3.0,33.0,2.0,50.0,0.0,0.0,0,6.0,37.0,9.0,2,1,0,0,0,0,0,0,0
1208,Miles Robinson,12,DF,12,0,0,0,0,0,0.0,0.0,0.0,0.0,0.0,0.0,0.0,0.0,0.0,0.0,0.0,0.0,0.0,0.0,0.0,0.0,0.0,0.0,0.0,0.0,0,0,104,0.0,1.0,0.0,1.0,0.0,1.0,0.06,0.0,0.0,58.0,93.0,0.0,0.0,0.0,0.0,1.0,100.0,0,6.0,11.0,5.0,2,0,0,0,0,0,0,0,0
1209,Tim Ream,12,DF,13,0,0,0,0,0,4.0,38064.0,109.0,432.0,32.3,17031.5,14437.6,4920.5,1361.0,313.1,88.0,77.0,87.5,13.0,53.0,22.0,88.0,0.0,0.0,0.0,0,0,419,0.0,0.0,0.0,0.0,0.0,0.0,0.0,0.0,0.0,298.0,94.0,0.0,0.0,6.0,33.0,5.0,100.0,0,3.0,16.0,6.0,0,2,0,0,0,0,0,0,0
1210,Sebastian Berhalter,12,MF,14,1,1,0,0,1,4.0,15338.0,65.0,231.0,31.0,4862.4,6595.700000000001,2806.7000000000003,839.5,233.9,30.0,22.0,73.33,10.0,7.0,13.0,30.0,0.0,0.0,0.0,1,1,231,1.0,3.0,33.0,0.0,3.0,0.0,0.1,10.14,12.0,136.0,84.0,9.0,78.0,10.0,80.0,3.0,67.0,0,9.0,63.0,17.0,5,7,1,0,0,0,0,0,0
1211,Cristian Roldan,12,MF,15,0,0,0,0,0,0.0,0.0,0.0,0.0,0.0,0.0,0.0,0.0,0.0,0.0,0.0,0.0,0.0,0.0,0.0,0.0,0.0,0.0,0.0,0.0,0,0,0,0.0,0.0,0.0,0.0,0.0,0.0,0.0,0.0,0.0,0.0,0.0,0.0,0.0,0.0,0.0,0.0,0.0,0,0.0,0.0,0.0,0,0,0,0,0,0,0,0,0
1212,Alex Freeman,12,DF,16,1,1,0,0,1,4.0,44768.0,168.0,515.0,34.6,15725.4,20330.1,6261.6,1994.9,456.1,84.0,71.0,84.52,19.0,47.0,18.0,75.0,0.0,9.0,4.0,1,1,442,1.0,4.0,25.0,4.0,0.0,3.0,0.78,1.28,0.0,283.0,90.0,4.0,0.0,9.0,67.0,4.0,75.0,0,17.0,64.0,20.0,1,1,0,0,0,0,0,0,0
1213,Malik Tillman,12,MF,17,2,2,0,0,2,4.0,42960.0,211.0,585.0,32.9,14776.899999999998,17792.8,6927.8,2563.5,898.8,52.0,35.0,67.31,26.0,11.0,15.0,41.0,4.0,7.0,4.0,2,1,415,4.0,8.0,25.0,5.0,3.0,0.0,0.73,2.75,10.0,163.0,79.0,15.0,27.0,18.0,50.0,2.0,100.0,0,15.0,115.0,25.0,3,14,1,0,0,0,0,0,0
1214,Max Arfsten,12,DF,18,0,0,0,0,0,1.0,232.0,2.0,1.0,27.4,92.9,61.5,22.8,20.9,33.8,0.0,0.0,0.0,0.0,0.0,0.0,0.0,0.0,0.0,0.0,0,0,2,0.0,0.0,0.0,0.0,0.0,0.0,0.0,0.0,0.0,0.0,0.0,0.0,0.0,0.0,0.0,0.0,0.0,0,0.0,0.0,0.0,0,0,0,0,0,0,0,0,0
1215,Haji Wright,12,FW,19,0,0,0,0,0,2.0,549.0,4.0,7.0,31.2,139.6,228.0,69.7,36.1,76.0,0.0,0.0,0.0,0.0,0.0,0.0,0.0,0.0,0.0,0.0,0,0,4,0.0,0.0,0.0,0.0,0.0,0.0,0.0,0.0,0.0,1.0,100.0,0.0,0.0,0.0,0.0,0.0,0.0,0,0.0,0.0,0.0,0,0,0,0,0,1,0,0,0
1216,Folarin Balogun,12,FW,20,3,3,0,0,3,4.0,34952.0,183.0,329.0,35.6,12964.0,14860.5,4100.6,2018.6,1007.9,9.0,5.0,55.56,4.0,4.0,1.0,5.0,0.0,4.0,6.0,3,0,348,5.0,14.0,21.0,14.0,0.0,2.0,2.02,1.49,0.0,44.0,68.0,6.0,0.0,6.0,67.0,0.0,0.0,0,29.0,106.0,7.0,3,8,1,1,0,3,0,0,0
1217,Timothy Weah,12,FW,21,0,0,0,0,0,1.0,3275.0,25.0,51.0,28.4,970.6,1269.7,640.2,352.6,42.0,1.0,1.0,100.0,0.0,1.0,0.0,1.0,0.0,0.0,0.0,0,0,90,0.0,2.0,0.0,1.0,1.0,0.0,0.05,0.0,0.0,34.0,88.0,2.0,0.0,2.0,50.0,0.0,0.0,0,5.0,34.0,4.0,2,0,0,0,0,2,0,0,0
1218,Mark Mckenzie,12,DF,22,0,0,0,0,0,0.0,0.0,0.0,0.0,0.0,0.0,0.0,0.0,0.0,0.0,0.0,0.0,0.0,0.0,0.0,0.0,0.0,0.0,0.0,0.0,0,0,104,0.0,0.0,0.0,0.0,0.0,0.0,0.0,0.0,0.0,51.0,92.0,0.0,0.0,1.0,0.0,0.0,0.0,0,2.0,9.0,1.0,1,1,0,0,0,0,0,0,0
1219,Joe Scally,12,DF,23,0,0,0,0,0,1.0,1888.0,7.0,27.0,30.3,753.8,702.0,334.0,75.2,22.7,2.0,0.0,0.0,1.0,0.0,1.0,2.0,0.0,0.0,0.0,0,0,100,0.0,0.0,0.0,0.0,0.0,0.0,0.0,0.0,0.0,53.0,87.0,4.0,25.0,2.0,50.0,0.0,0.0,0,4.0,19.0,4.0,0,2,0,0,0,1,0,0,0
1220,Matt Freese,12,GK,24,0,0,0,0,0,4.0,24115.0,6.0,26.0,25.5,18499.4,5252.5,296.0,62.6,4.2,38.0,14.0,36.84,3.0,1.0,34.0,38.0,0.0,0.0,0.0,0,0,419,0.0,0.0,0.0,0.0,0.0,0.0,0.0,0.0,0.0,95.0,66.0,0.0,0.0,2.0,0.0,0.0,0.0,0,0.0,0.0,0.0,0,2,0,0,0,0,10,58,48
1221,Chris Brady,12,GK,25,0,0,0,0,0,0.0,0.0,0.0,0.0,0.0,0.0,0.0,0.0,0.0,0.0,0.0,0.0,0.0,0.0,0.0,0.0,0.0,0.0,0.0,0.0,0,0,0,0.0,0.0,0.0,0.0,0.0,0.0,0.0,0.0,0.0,0.0,0.0,0.0,0.0,0.0,0.0,0.0,0.0,0,0.0,0.0,0.0,0,0,0,0,0,0,0,0,0
1222,Alex Zendejas,12,FW,26,0,0,0,0,0,0.0,0.0,0.0,0.0,0.0,0.0,0.0,0.0,0.0,0.0,0.0,0.0,0.0,0.0,0.0,0.0,0.0,0.0,0.0,0.0,0,0,22,0.0,1.0,0.0,1.0,0.0,0.0,0.0,0.0,0.0,7.0,86.0,1.0,0.0,1.0,0.0,0.0,0.0,0,1.0,16.0,2.0,1,0,0,0,0,0,0,0,0
1223,Utkir Yusupov,48,GK,1,0,0,0,0,0,1.0,5094.0,1.0,7.0,22.5,4300.5,694.1,87.5,12.3,0.0,12.0,3.0,25.0,0.0,1.0,11.0,12.0,0.0,0.0,0.0,0,0,105,0.0,0.0,0.0,0.0,0.0,0.0,0.0,0.0,0.0,29.0,59.0,0.0,0.0,2.0,0.0,1.0,100.0,0,0.0,0.0,0.0,0,1,0,0,0,0,1,27,21
1224,Abdukodir Khusanov,48,DF,2,0,0,0,0,0,3.0,27913.0,93.0,218.0,36.5,11917.6,11773.0,2479.6,1025.3,717.4000000000001,34.0,22.0,64.71,6.0,10.0,18.0,34.0,0.0,0.0,0.0,0,0,311,0.0,0.0,0.0,0.0,0.0,0.0,0.0,0.0,0.0,98.0,83.0,0.0,0.0,1.0,0.0,1.0,100.0,0,11.0,23.0,8.0,6,0,2,0,0,0,0,0,0
1225,Khojiakbar Alijonov,48,DF,3,0,0,0,0,0,2.0,16086.0,87.0,228.0,32.4,5900.900000000001,6055.6,2635.9,1057.5,435.9,16.0,5.0,31.25,4.0,4.0,8.0,12.0,3.0,1.0,4.0,0,0,155,0.0,0.0,0.0,0.0,0.0,0.0,0.0,0.0,0.0,41.0,66.0,4.0,0.0,2.0,0.0,1.0,0.0,0,4.0,76.0,11.0,2,1,0,0,0,0,0,0,0
1226,Farrukh Sayfiev,48,DF,4,0,0,0,0,0,1.0,5770.0,31.0,71.0,30.6,2257.9,2092.7,831.6,442.8,145.1,3.0,3.0,100.0,1.0,1.0,1.0,3.0,0.0,0.0,1.0,0,0,55,0.0,0.0,0.0,0.0,0.0,0.0,0.0,0.0,0.0,14.0,86.0,1.0,0.0,2.0,100.0,0.0,0.0,0,1.0,5.0,0.0,0,2,0,0,0,0,0,0,0
1227,Rustam Ashurmatov,48,DF,5,0,0,0,0,0,3.0,27011.0,80.0,288.0,31.4,10600.3,12145.1,3087.7,907.1,271.0,53.0,39.0,73.58,11.0,18.0,24.0,53.0,0.0,0.0,0.0,0,0,288,0.0,0.0,0.0,0.0,0.0,0.0,0.0,0.0,0.0,123.0,82.0,0.0,0.0,4.0,0.0,1.0,100.0,0,17.0,32.0,9.0,1,0,0,0,0,0,0,0,0
1228,Akmal Mozgovoy,48,MF,6,0,0,0,0,0,3.0,27541.0,94.0,361.0,32.2,9535.5,12365.8,4178.9,1198.4,262.0,27.0,20.0,74.07,7.0,8.0,12.0,26.0,0.0,1.0,0.0,0,1,243,0.0,1.0,0.0,1.0,0.0,0.0,0.08,0.0,0.0,79.0,82.0,0.0,0.0,8.0,50.0,3.0,67.0,0,5.0,83.0,8.0,0,3,0,0,0,0,0,0,0
1229,Otabek Shukurov,48,MF,7,0,0,0,0,0,3.0,29888.0,85.0,378.0,30.7,9835.3,14356.9,4476.0,998.0,221.9,43.0,32.0,74.42,18.0,12.0,13.0,39.0,0.0,4.0,0.0,0,0,268,0.0,2.0,0.0,0.0,2.0,0.0,0.08,0.0,0.0,117.0,88.0,1.0,0.0,3.0,33.0,3.0,100.0,0,5.0,96.0,12.0,2,5,0,0,0,0,0,0,0
1230,Jamshid Iskanderov,48,MF,8,0,0,0,0,0,1.0,2149.0,8.0,34.0,28.4,518.4,1091.1,412.9,106.8,19.8,5.0,2.0,40.0,1.0,3.0,1.0,5.0,0.0,0.0,0.0,0,0,16,0.0,0.0,0.0,0.0,0.0,0.0,0.0,0.0,1.0,17.0,65.0,1.0,0.0,2.0,50.0,0.0,0.0,0,0.0,4.0,0.0,0,0,0,0,0,0,0,0,0
1231,Odiljon Xamrobekov,48,MF,9,0,0,0,0,0,2.0,10324.0,39.0,161.0,29.5,2985.9,4712.9,1957.9,546.6,120.6,13.0,11.0,84.62,8.0,3.0,2.0,13.0,0.0,0.0,0.0,0,0,90,0.0,1.0,0.0,1.0,0.0,0.0,0.16,0.0,0.0,43.0,88.0,0.0,0.0,1.0,0.0,0.0,0.0,0,7.0,39.0,6.0,1,1,1,0,0,0,0,0,0
1232,Ruslanbek Jiyanov,48,MF,10,0,0,0,0,0,1.0,589.0,4.0,9.0,29.4,115.9,247.4,137.9,54.6,33.1,0.0,0.0,0.0,0.0,0.0,0.0,0.0,0.0,0.0,0.0,0,0,0,0.0,0.0,0.0,0.0,0.0,0.0,0.0,0.0,0.0,0.0,0.0,0.0,0.0,0.0,0.0,0.0,0.0,0,0.0,0.0,0.0,0,0,0,0,0,0,0,0,0
1233,Oston Urunov,48,MF,11,0,0,0,0,0,2.0,8454.0,35.0,92.0,30.4,3363.4,3280.4,1259.8000000000002,415.8,135.1,2.0,1.0,50.0,0.0,2.0,0.0,1.0,0.0,1.0,0.0,0,0,75,0.0,0.0,0.0,0.0,0.0,0.0,0.0,0.0,0.0,10.0,80.0,0.0,0.0,2.0,50.0,0.0,0.0,0,4.0,41.0,1.0,0,0,0,0,0,0,0,0,0
1234,Abduvohid Nematov,48,GK,12,0,0,0,1,1,2.0,9231.0,2.0,20.0,25.1,7311.200000000001,1682.8,204.1,31.7,1.5,29.0,8.0,27.59,2.0,0.0,27.0,29.0,0.0,0.0,0.0,0,0,206,0.0,0.0,0.0,0.0,0.0,0.0,0.0,0.0,0.0,56.0,50.0,0.0,0.0,4.0,0.0,0.0,0.0,1,0.0,0.0,0.0,0,0,0,0,0,0,5,55,44
1235,Sherzod Nasrullaev,48,DF,13,0,0,0,0,0,3.0,21552.0,95.0,232.0,34.1,8272.7,8979.0,2682.2,1180.7,437.3,15.0,6.0,40.0,3.0,5.0,7.0,13.0,1.0,1.0,3.0,0,0,206,1.0,1.0,0.0,1.0,0.0,0.0,0.08,0.0,0.0,48.0,73.0,3.0,0.0,5.0,0.0,0.0,0.0,0,5.0,42.0,9.0,3,2,1,0,0,0,0,0,0
1236,Eldor Shomurodov,48,FW,14,1,1,0,0,1,3.0,30198.0,149.0,274.0,34.0,14529.0,10044.7,3164.2000000000003,1605.1,855.4,11.0,7.0,63.64,5.0,4.0,2.0,11.0,0.0,0.0,1.0,1,0,304,2.0,4.0,25.0,4.0,0.0,0.0,0.17,5.79,0.0,72.0,72.0,1.0,0.0,4.0,25.0,0.0,0.0,0,28.0,96.0,11.0,8,4,0,0,0,1,0,0,0
1237,Umar Eshmurodov,48,DF,15,0,0,0,0,0,0.0,0.0,0.0,0.0,0.0,0.0,0.0,0.0,0.0,0.0,0.0,0.0,0.0,0.0,0.0,0.0,0.0,0.0,0.0,0.0,0,0,0,0.0,0.0,0.0,0.0,0.0,0.0,0.0,0.0,0.0,0.0,0.0,0.0,0.0,0.0,0.0,0.0,0.0,0,0.0,0.0,0.0,0,0,0,0,0,0,0,0,0
1238,Botirali Ergashev,48,GK,16,0,0,0,0,0,0.0,0.0,0.0,0.0,0.0,0.0,0.0,0.0,0.0,0.0,0.0,0.0,0.0,0.0,0.0,0.0,0.0,0.0,0.0,0.0,0,0,0,0.0,0.0,0.0,0.0,0.0,0.0,0.0,0.0,0.0,0.0,0.0,0.0,0.0,0.0,0.0,0.0,0.0,0,0.0,0.0,0.0,0,0,0,0,0,0,0,0,0
1239,Dostonbek Khamdamov,48,MF,17,0,0,0,0,0,2.0,13626.0,63.0,184.0,32.3,4541.4,5966.4,2105.6,855.8,156.39999999999998,5.0,3.0,60.0,3.0,1.0,1.0,5.0,0.0,0.0,3.0,0,0,120,0.0,2.0,0.0,1.0,1.0,1.0,0.08,0.0,2.0,34.0,85.0,5.0,60.0,1.0,0.0,0.0,0.0,0,9.0,74.0,6.0,1,0,0,0,0,1,0,0,0
1240,Abdulla Abdullaev,48,DF,18,0,0,0,0,0,2.0,19762.0,57.0,191.0,32.5,8348.5,8244.5,2184.1000000000004,714.7,270.1,23.0,19.0,82.61,9.0,8.0,6.0,22.0,0.0,1.0,0.0,0,0,206,0.0,0.0,0.0,0.0,0.0,0.0,0.0,0.0,0.0,72.0,90.0,0.0,0.0,1.0,100.0,0.0,0.0,0,7.0,22.0,7.0,5,1,0,0,0,0,0,0,0
1241,Azizjon Ganiev,48,MF,19,0,0,0,0,0,2.0,15858.0,96.0,216.0,29.9,5782.299999999999,6077.4,2431.8,1241.2,325.3,16.0,9.0,56.25,5.0,6.0,5.0,13.0,3.0,0.0,4.0,0,0,140,0.0,1.0,0.0,0.0,1.0,0.0,0.01,0.0,1.0,59.0,81.0,6.0,0.0,3.0,0.0,1.0,100.0,0,6.0,79.0,11.0,2,1,0,0,0,0,0,0,0
1242,Azizbek Amonov,48,FW,20,0,0,0,0,0,1.0,2708.0,16.0,36.0,30.1,1020.9,1005.6,378.6,220.7,82.3,2.0,1.0,50.0,1.0,0.0,1.0,2.0,0.0,0.0,1.0,0,0,23,0.0,1.0,0.0,0.0,1.0,0.0,0.01,0.0,0.0,6.0,83.0,1.0,0.0,0.0,0.0,1.0,100.0,0,1.0,4.0,0.0,0,0,0,0,0,0,0,0,0
1243,Igor Sergeev,48,FW,21,0,0,0,0,0,3.0,5592.0,26.0,79.0,27.0,1559.2,2698.8,946.9,375.7000000000001,11.3,0.0,0.0,0.0,0.0,0.0,0.0,0.0,0.0,0.0,0.0,0,0,46,0.0,0.0,0.0,0.0,0.0,0.0,0.0,0.0,0.0,4.0,100.0,0.0,0.0,0.0,0.0,0.0,0.0,0,0.0,21.0,2.0,0,0,0,0,0,1,0,0,0
1244,Abbosbek Fayzullaev,48,MF,22,1,1,0,0,1,3.0,25302.0,141.0,341.0,33.9,8836.8,10233.5,3901.3,1679.6,650.7,9.0,5.0,55.56,5.0,1.0,3.0,9.0,0.0,0.0,3.0,1,0,240,2.0,3.0,33.0,2.0,1.0,1.0,1.0,1.0,5.0,36.0,67.0,9.0,22.0,2.0,50.0,1.0,100.0,0,17.0,137.0,27.0,6,4,0,0,0,0,0,0,0
1245,Sherzod Esanov,48,MF,23,0,0,0,0,0,1.0,657.0,6.0,15.0,26.8,85.4,226.5,214.9,103.3,27.0,0.0,0.0,0.0,0.0,0.0,0.0,0.0,0.0,0.0,0.0,0,0,3,0.0,0.0,0.0,0.0,0.0,0.0,0.0,0.0,0.0,1.0,100.0,0.0,0.0,0.0,0.0,0.0,0.0,0,0.0,2.0,0.0,0,0,0,0,0,0,0,0,0
1246,Behruzjon Karimov,48,DF,24,0,0,0,0,0,2.0,20671.0,107.0,233.0,32.2,7585.4,8469.4,2788.6000000000004,1348.0,479.7,15.0,7.0,46.67,4.0,4.0,7.0,12.0,1.0,2.0,2.0,0,0,203,0.0,2.0,0.0,0.0,2.0,0.0,0.03,0.0,0.0,55.0,78.0,2.0,50.0,3.0,33.0,2.0,0.0,0,5.0,55.0,7.0,8,4,0,0,0,0,0,0,0
1247,Avazbek Ulmasaliyev,48,DF,25,0,0,0,0,0,0.0,0.0,0.0,0.0,0.0,0.0,0.0,0.0,0.0,0.0,0.0,0.0,0.0,0.0,0.0,0.0,0.0,0.0,0.0,0.0,0,0,0,0.0,0.0,0.0,0.0,0.0,0.0,0.0,0.0,0.0,0.0,0.0,0.0,0.0,0.0,0.0,0.0,0.0,0,0.0,0.0,0.0,0,0,0,0,0,0,0,0,0
1248,Jakhongir Urozov,48,DF,26,0,0,0,0,0,2.0,11463.0,39.0,125.0,30.8,4280.3,5268.9,1348.1,481.6,83.9,20.0,10.0,50.0,2.0,6.0,12.0,19.0,0.0,1.0,0.0,0,0,112,0.0,0.0,0.0,0.0,0.0,0.0,0.0,0.0,0.0,45.0,69.0,0.0,0.0,1.0,100.0,2.0,100.0,0,2.0,9.0,5.0,0,0,0,0,0,0,0,0,0
