PlayerID,Matches,DistanceMeters,Sprints,HighSpeedRunning,TopSpeedKmh,SpeedZone1,SpeedZone2,SpeedZone3,SpeedZone4,SpeedZone5,LineBreaksAttempted,LineBreaksCompleted,LineBreaksAccuracyPct,Through,Around,Over,Pass,Crosses,Prog,TotalCrosses
1056,8,96233.70000000001,318,1294.0,31.5,30824.8,44470.3,15304.899999999998,4504.400000000001,1129.3,187,171,91.44,78,57,52,182,0,5,3
46,8,90561.90000000002,277,1024.0,30.2,32710.0,41710.2,11818.199999999999,3470.1,853.3000000000001,76,63,82.89,31,31,14,76,0,0,1
1064,8,87986.09999999999,363,907.0,33.3,35446.1,35667.5,10387.8,4750.799999999999,1734.0,109,87,79.82,20,60,29,104,1,4,15
1062,8,85956.1,263,816.0,32.4,37264.2,34965.299999999996,9070.3,3338.2,1317.9,186,178,95.7,51,117,18,177,1,8,1
479,8,84499.7,388,1054.0,34.7,26863.100000000002,37368.0,12546.8,5484.8,2237.0,133,103,77.44,52,56,25,117,3,13,4
50,7,82829.0,332,1054.0,32.6,29517.4,35612.200000000004,12078.099999999999,4210.7,1410.9,124,111,89.52,34,69,21,119,1,4,5
1054,8,79571.99999999999,204,695.0,33.0,35442.8,32810.7,7926.5,2683.1000000000004,708.9,182,160,87.91,42,100,40,174,0,8,0
450,8,78697.99999999999,282,1006.0,29.9,26107.9,36039.5,11896.199999999999,3870.0999999999995,784.0000000000001,112,89,79.46,44,34,34,106,2,4,3
451,7,78564.7,260,859.0,32.4,30358.0,32799.7,10316.8,4078.2999999999997,1011.8,36,24,66.67,13,10,13,34,0,2,3
1100,6,73750.5,213,1001.0,29.4,27160.299999999996,32542.299999999996,10968.900000000001,2684.3,394.9,69,59,85.51,18,38,13,66,1,2,4
472,8,73611.40000000001,228,598.0,35.4,31258.5,30935.599999999995,7105.400000000001,2889.6,1422.3,126,112,88.89,26,75,25,126,0,0,0
452,8,73254.59999999999,403,947.0,32.4,29881.100000000002,24808.9,11589.699999999999,5170.900000000001,1803.8000000000002,63,43,68.25,23,25,15,51,3,9,9
1102,6,72775.9,210,1062.0,28.9,24713.9,31529.300000000003,13158.500000000002,3041.5,332.70000000000005,168,137,81.55,63,62,43,160,2,6,1
35,8,71340.5,340,787.0,35.0,24818.299999999996,31846.899999999998,8803.800000000001,4194.5,1677.0,29,22,75.86,4,16,9,26,0,3,1
482,7,71263.1,248,816.0,30.8,28461.600000000002,29071.999999999996,9515.7,3485.2000000000003,728.6,98,88,89.8,30,51,17,93,1,4,2
448,8,70981.7,203,660.0,32.9,28476.4,31544.1,7420.199999999999,2583.6,957.2,102,91,89.22,20,57,25,98,0,4,0
752,6,70474.7,276,836.0,34.1,22581.299999999996,31778.5,10702.9,3630.8999999999996,1781.1,72,58,80.56,25,36,11,70,0,2,0
473,8,69981.29999999999,323,834.0,32.8,26411.2,28285.499999999996,9381.0,4360.900000000001,1542.8,108,82,75.93,10,73,25,105,0,3,15
444,8,69849.09999999999,195,666.0,32.5,32480.0,26477.5,7577.799999999999,2474.4,839.3,95,84,88.42,22,58,15,94,0,1,3
108,6,68409.0,227,806.0,30.8,22811.0,31976.199999999997,9788.199999999999,2902.1,931.4000000000001,93,75,80.65,19,43,31,91,0,2,0
1060,8,68013.59999999999,291,976.0,30.5,19693.399999999998,31814.3,11462.9,4115.8,927.3000000000001,130,105,80.77,58,48,24,125,1,4,7
475,8,67503.0,274,817.0,30.5,26792.000000000004,25952.5,9652.2,4281.1,825.3,80,49,61.25,31,29,20,67,6,7,22
446,7,66754.7,233,709.0,33.1,24066.9,29733.0,8534.800000000001,3106.2000000000003,1313.6000000000001,98,80,81.63,31,37,30,87,7,4,5
478,8,66726.59999999999,250,529.0,37.6,33200.7,22441.2,6312.499999999999,2811.8,1960.5,76,63,82.89,19,40,17,56,0,20,10
1061,8,65551.3,319,745.0,32.2,26814.6,24401.7,8665.7,4172.7,1496.8,24,19,79.17,13,9,2,20,1,3,8
125,6,65175.3,335,844.0,32.6,20120.5,29132.3,10279.599999999999,4413.3,1229.5,92,68,73.91,8,38,46,87,4,1,20
36,8,64419.5,204,527.0,30.8,41334.399999999994,14066.900000000001,5803.000000000001,2724.2999999999997,490.8,132,87,65.91,57,38,37,105,9,18,15
1059,8,64219.40000000001,262,559.0,32.9,31035.799999999996,22385.0,6168.3,3090.2,1539.9,74,49,66.22,18,38,18,35,15,24,29
730,6,63750.6,296,624.0,35.5,27057.199999999997,23730.800000000003,7196.9,3492.5,2273.6,97,74,76.29,21,54,22,82,4,11,13
1096,6,63204.299999999996,199,611.0,32.5,24448.0,28624.2,6913.599999999999,2311.7,906.8000000000002,117,104,88.89,27,68,22,105,0,12,0
114,6,63148.799999999996,276,802.0,33.2,20572.4,28334.8,9557.9,3519.2,1164.8,52,40,76.92,18,18,16,47,2,3,11
814,5,63083.2,192,770.0,33.1,21144.5,29302.899999999998,9145.699999999999,2737.5,752.5999999999999,83,79,95.18,31,42,10,82,0,1,2
1052,6,62981.9,283,631.0,33.2,27129.4,23816.7,7109.1,3352.8,1573.8,127,97,76.38,17,70,40,120,4,3,19
816,5,62928.9,302,878.0,32.5,20655.2,26557.9,10526.0,3757.1999999999994,1432.6999999999998,82,64,78.05,24,42,16,73,3,6,3
1097,6,62661.1,187,631.0,33.5,26450.6,25775.3,7261.4,2272.7,901.3,120,106,88.33,40,46,34,114,0,6,0
32,7,62187.6,167,485.0,31.3,31448.299999999996,22385.699999999997,5632.400000000001,2089.8,631.6,122,104,85.25,30,62,30,119,1,2,3
112,5,61812.600000000006,256,862.0,29.8,18494.9,29052.2,10137.400000000001,3485.4,642.6999999999999,85,60,70.59,29,33,23,76,6,3,9
872,5,60749.0,205,756.0,31.2,19743.1,28754.2,8795.5,2773.9,682.2,30,24,80.0,10,12,8,30,0,0,0
812,6,59224.0,263,797.0,32.2,20133.000000000004,24622.0,9430.2,3772.2999999999997,1266.3000000000002,33,23,69.7,7,14,12,29,1,3,2
1050,8,57942.7,266,849.0,32.2,18373.7,25761.6,9477.1,3511.2,819.1,88,73,82.95,38,39,11,75,0,13,2
52,7,57871.20000000001,265,608.0,33.7,24633.399999999998,21381.3,7233.6,3192.5,1430.6000000000001,66,40,60.61,12,33,21,65,1,0,6
39,7,57671.799999999996,108,415.0,32.3,31654.6,19232.7,5175.0,1305.7,303.6,97,89,91.75,32,53,12,97,0,0,0
248,5,57392.40000000001,195,742.0,31.3,20377.6,25330.5,8541.8,2626.9,515.4,66,55,83.33,24,33,9,62,1,3,2
435,5,56580.299999999996,260,829.0,33.0,18329.4,24072.199999999997,9897.6,3215.7999999999997,1065.3,127,91,71.65,33,47,47,122,4,1,8
1055,7,55400.799999999996,264,626.0,34.0,21615.8,21743.4,7520.7,3236.3,1284.7,58,39,67.24,20,24,14,45,7,6,20
1105,6,55242.3,200,541.0,31.1,24234.2,21455.5,6372.0,2578.0,603.2,115,71,61.74,15,48,52,108,6,1,12
809,5,54843.600000000006,150,480.0,35.1,25041.5,21711.899999999998,5579.199999999999,1698.3000000000002,812.6,58,51,87.93,12,35,11,50,1,7,2
164,5,54744.100000000006,158,739.0,28.9,17718.5,25567.700000000004,8919.7,2285.6000000000004,252.8,56,37,66.07,27,13,16,51,3,2,5
33,7,54526.5,286,573.0,32.2,23406.8,19670.9,6767.2,3539.8999999999996,1141.7,61,48,78.69,23,22,16,50,8,3,12
445,7,54499.1,236,596.0,34.2,21112.0,22056.8,6958.400000000001,3094.0,1277.8999999999999,46,41,89.13,7,24,15,42,2,2,6
31,7,54268.2,148,566.0,30.2,22184.0,23201.6,6485.9,1917.4,479.5,128,115,89.84,51,52,25,126,0,2,0
109,6,54016.399999999994,234,653.0,32.9,17795.1,24134.300000000003,7676.5,3166.1,1244.5000000000002,62,40,64.52,12,26,24,57,2,3,11
210,5,53458.100000000006,264,683.0,35.1,19468.7,20624.5,8209.4,3485.3999999999996,1670.1,97,67,69.07,10,36,51,88,6,3,24
736,6,53453.1,266,654.0,33.3,17347.2,23436.499999999996,7799.900000000001,3698.7000000000003,1171.3,80,65,81.25,32,34,14,71,3,6,5
241,5,52994.799999999996,248,510.0,35.1,22428.399999999998,20035.7,6153.3,2892.9999999999995,1484.3,32,22,68.75,9,10,13,25,1,6,6
29,7,52897.899999999994,191,542.0,31.1,22184.999999999996,21021.9,6291.700000000001,2454.9999999999995,944.0000000000001,38,24,63.16,5,21,12,37,1,0,4
471,6,52627.700000000004,211,588.0,31.2,24419.1,17935.4,6828.0,2617.0,828.0,81,67,82.72,13,47,21,76,4,1,17
215,5,52496.899999999994,210,897.0,29.8,15627.800000000001,21066.9,11989.2,3460.0,353.0,91,69,75.82,23,38,30,85,6,0,7
172,5,52462.899999999994,220,642.0,31.7,18238.300000000003,23360.300000000003,6994.799999999999,2965.9000000000005,903.5,60,48,80.0,8,33,19,59,1,0,6
218,5,52214.299999999996,256,667.0,32.3,18312.5,22187.5,7539.900000000001,3080.5,1094.0,23,13,56.52,6,11,6,22,1,0,6
419,5,52140.5,201,516.0,31.2,21414.4,21627.800000000003,5733.5,2478.4,886.4999999999999,77,55,71.43,15,35,27,71,3,3,17
823,5,51748.2,141,475.0,33.1,19567.9,24328.699999999997,5457.9,1803.4,590.5,55,46,83.64,6,41,8,52,0,3,0
418,5,51489.399999999994,181,514.0,33.4,20263.800000000003,22069.399999999998,6095.9,2347.3,712.9000000000001,45,31,68.89,3,20,22,45,0,0,0
899,5,51136.8,197,638.0,30.6,15859.8,24476.9,7227.4,2787.5,785.0,46,40,86.96,16,19,11,46,0,0,1
751,6,50933.2,226,554.0,34.6,23651.0,16980.6,6064.2,2936.7999999999997,1300.7,64,45,70.31,23,28,13,58,2,4,13
159,5,50836.7,122,500.0,31.7,21375.100000000002,21653.7,5583.1,1554.9999999999998,669.8000000000001,86,76,88.37,16,58,12,84,0,2,0
727,5,50296.8,185,567.0,33.2,18616.0,21798.7,6637.4,2620.1,624.5,66,36,54.55,17,16,33,51,10,5,17
892,5,50225.1,219,572.0,32.0,18955.000000000004,20856.2,6633.500000000001,2839.6000000000004,940.6999999999999,79,62,78.48,14,30,35,68,8,3,12
897,5,49867.8,145,498.0,32.4,22064.2,19868.5,5477.4,1976.5,481.20000000000005,81,73,90.12,19,54,8,78,0,3,0
250,5,49541.6,170,713.0,32.5,16143.399999999998,22340.4,8327.0,2263.5,467.5,58,50,86.21,27,21,10,56,0,2,2
485,6,49524.899999999994,157,407.0,34.1,22747.4,19196.600000000002,4707.3,1991.5000000000002,882.1999999999999,32,28,87.5,10,17,5,31,0,1,0
1099,6,49484.2,235,468.0,34.7,23169.0,17048.0,5453.599999999999,2581.0,1232.8,13,9,69.23,9,2,2,12,0,1,1
815,5,49468.90000000001,172,375.0,36.5,24130.7,17409.399999999998,4526.299999999999,1994.6999999999998,1407.8000000000002,7,2,28.57,2,2,3,5,0,2,1
160,5,49331.5,141,453.0,33.8,20384.199999999997,20922.6,5275.0,1908.5,841.3,66,56,84.85,5,38,23,65,1,0,1
426,5,49161.899999999994,201,493.0,33.6,17867.3,22245.0,5572.0,2463.0,1014.5999999999999,32,21,65.62,14,9,9,25,3,4,8
427,5,49154.5,225,726.0,32.4,13948.7,22693.100000000002,8625.199999999999,2933.7999999999997,953.8,21,13,61.9,6,8,7,18,1,2,2
488,8,49084.299999999996,269,587.0,33.5,17528.800000000003,19550.9,7095.1,3391.9999999999995,1518.0,51,35,68.63,21,24,6,43,2,6,5
873,5,49082.7,109,342.0,32.3,25429.300000000003,17731.6,3871.5,1452.1,598.1,14,8,57.14,2,2,10,14,0,0,0
738,6,49003.9,225,524.0,33.1,20919.1,17920.3,6253.2,2963.6,947.9000000000001,42,24,57.14,13,17,12,32,2,8,8
862,5,48658.8,193,521.0,33.9,19606.8,19762.899999999998,5866.4,2515.9,906.7000000000002,68,27,39.71,8,13,47,64,3,1,9
811,5,48590.2,216,520.0,33.4,17461.9,21265.899999999998,5915.799999999999,2537.3,1409.1,65,46,70.77,6,39,20,60,2,3,7
257,5,48497.200000000004,145,441.0,33.8,21543.5,19405.2,5064.5,1766.5000000000002,717.6999999999999,106,80,75.47,19,43,44,103,0,3,0
881,4,48496.600000000006,237,560.0,31.1,16797.1,20374.6,6678.099999999999,3410.6,1236.1,27,15,55.56,9,7,11,26,0,1,4
1063,8,48090.49999999999,44,143.0,29.9,37836.0,8305.0,1398.3999999999999,460.2,90.6,99,50,50.51,18,5,76,99,0,0,0
742,5,48036.100000000006,102,413.0,32.7,23530.3,18153.0,4758.0,1259.1000000000001,335.4,68,45,66.18,13,33,22,68,0,0,0
731,6,48034.4,146,396.0,33.9,21203.600000000002,20121.0,4334.5,1763.8000000000002,611.4,63,51,80.95,13,35,15,59,0,4,4
163,5,47848.59999999999,253,514.0,34.1,22908.300000000003,14364.0,6015.9,2978.3,1582.0,44,30,68.18,13,25,6,23,2,19,15
236,5,47613.3,221,598.0,31.6,16270.2,20290.300000000003,7120.2,2974.9,957.7,31,24,77.42,6,10,15,31,0,0,9
734,5,47487.7,166,586.0,31.6,14339.9,23305.299999999996,6818.499999999999,2189.1,835.0,38,28,73.68,12,17,9,35,0,3,0
65,4,47323.2,186,648.0,32.8,13835.199999999999,22645.100000000002,7983.4,2376.9,482.6,71,46,64.79,22,26,23,61,3,7,4
718,5,47274.9,251,581.0,33.0,17458.7,19021.800000000003,6575.9,2983.3,1235.1,29,25,86.21,12,6,11,23,2,4,4
459,7,47046.3,227,608.0,33.6,16120.400000000001,19488.1,7386.799999999999,2887.7999999999997,1162.9,27,23,85.19,12,11,4,22,2,3,6
1006,4,46719.8,216,556.0,34.5,16149.099999999999,19889.7,6384.1,2967.8,1329.0,13,6,46.15,8,2,3,11,0,2,2
1204,4,46718.2,193,613.0,32.4,16793.5,18829.6,7686.4,2471.1,937.5,53,38,71.7,16,20,17,51,1,1,10
111,5,46613.0,204,573.0,32.2,16524.800000000003,19476.0,7110.200000000001,2645.7,856.0,73,48,65.75,26,24,23,65,6,2,10
511,4,46415.8,229,653.0,33.0,14242.3,20910.3,7143.900000000001,3165.4,954.0999999999999,70,49,70.0,29,29,12,56,3,11,10
907,5,46256.4,174,559.0,31.4,14323.6,22527.399999999998,6567.099999999999,2341.4,496.70000000000005,96,84,87.5,27,51,18,94,0,2,0
877,5,46088.5,237,538.0,33.9,15250.5,19577.5,6560.1,3032.3,1668.1000000000001,13,9,69.23,5,6,2,7,1,5,3
230,5,46053.8,231,464.0,35.2,18311.8,17910.0,5408.6,2817.5,1606.0000000000002,70,56,80.0,10,32,28,64,0,6,4
467,8,45630.799999999996,214,417.0,36.2,20078.4,16595.399999999998,4839.400000000001,2317.5,1799.7000000000003,70,53,75.71,12,43,15,58,2,10,9
10,4,45534.200000000004,177,549.0,32.7,15036.499999999998,21186.7,6271.3,2264.3,775.5,47,35,74.47,16,17,14,43,2,2,5
1003,4,45457.399999999994,164,467.0,32.8,17214.4,19882.4,5349.0,2217.7,794.1,72,57,79.17,11,39,22,64,2,6,9
474,5,45337.1,110,590.0,30.3,15917.0,19970.9,7491.4,1599.8000000000002,358.0,49,43,87.76,21,24,4,45,0,4,1
739,5,45216.9,315,615.0,33.7,13778.0,18488.5,7164.500000000001,3977.7000000000007,1808.0999999999997,13,11,84.62,6,6,1,11,0,2,7
476,4,45082.799999999996,155,637.0,31.4,16789.7,18125.199999999997,7620.3,2070.7,477.09999999999997,46,41,89.13,22,19,5,45,1,0,2
161,5,45002.4,116,449.0,29.3,15844.0,21922.0,5243.0,1618.1,375.2,46,34,73.91,21,4,21,43,3,0,4
501,4,44897.0,202,577.0,32.9,15934.8,18215.1,6891.6,2780.1,1075.4,9,6,66.67,4,5,0,8,0,1,3
127,6,44872.3,128,508.0,31.9,14031.7,22569.100000000002,5918.799999999999,1863.2999999999997,489.3,74,55,74.32,19,28,27,72,1,1,8
1212,4,44768.3,168,515.0,34.6,15725.400000000001,20330.1,6261.6,1994.8999999999999,456.09999999999997,84,71,84.52,19,47,18,75,0,9,4
169,5,44689.100000000006,217,495.0,34.2,18569.7,15987.199999999999,5655.999999999999,2886.1000000000004,1590.3,89,71,79.78,14,56,19,84,3,2,7
500,4,44638.600000000006,157,518.0,31.4,14747.599999999999,21033.1,5999.4,2020.2999999999997,838.3,133,107,80.45,18,71,44,126,7,0,7
55,4,44568.5,142,424.0,33.4,16359.300000000001,21079.0,4785.9,1805.8,538.5,80,56,70.0,21,37,22,75,1,4,1
22,4,44461.600000000006,152,524.0,32.7,15187.099999999999,20872.200000000004,6088.299999999999,1874.6999999999998,439.1,42,25,59.52,19,14,9,35,0,7,1
212,5,44379.4,174,528.0,32.8,14428.000000000002,20577.6,6028.2,2410.2999999999997,935.1999999999999,55,43,78.18,8,29,18,55,0,0,1
409,4,44302.100000000006,187,494.0,32.2,16020.6,19192.6,5806.3,2532.0,750.7,39,22,56.41,16,14,9,28,3,8,3
433,4,44288.899999999994,161,538.0,31.6,16400.9,18726.2,6351.200000000001,2124.6000000000004,686.1,51,36,70.59,5,16,30,50,1,0,2
1103,6,44247.5,248,509.0,33.6,17585.6,16669.1,5613.6,3011.0,1368.3,16,9,56.25,4,10,2,8,1,7,13
294,4,44145.0,184,553.0,32.1,14479.1,19833.199999999997,6353.6,2657.0,821.9000000000001,47,35,74.47,12,19,16,45,0,2,4
225,5,43975.3,213,537.0,34.2,14812.6,18774.6,6377.1,2720.1000000000004,1291.0,23,15,65.22,5,14,4,14,1,8,17
237,5,43823.100000000006,115,350.0,34.1,21591.600000000002,16339.5,3982.5,1333.2999999999997,576.1,53,37,69.81,8,16,29,52,0,1,0
1201,4,43815.5,206,556.0,34.0,14583.599999999999,19154.9,6461.799999999999,2386.1000000000004,1229.1,71,46,64.79,14,28,29,62,3,6,13
460,6,43686.700000000004,232,474.0,35.8,19838.2,13832.199999999999,5669.099999999999,2660.0,1687.4,42,29,69.05,9,24,9,29,2,11,10
887,4,43586.0,110,429.0,32.1,17550.0,19046.0,4939.9,1574.4999999999998,475.6,57,46,80.7,16,26,15,56,0,1,0
708,4,43502.6,137,497.0,33.0,15524.3,19956.2,5874.1,1778.3999999999999,369.8,50,40,80.0,13,17,20,49,1,0,2
776,4,43452.1,183,470.0,34.3,18368.4,15974.0,5527.8,2596.2000000000003,985.7,45,23,51.11,2,20,23,38,5,2,17
405,4,43374.7,177,648.0,30.9,15290.699999999999,17603.6,7556.5,2599.3,324.3,85,75,88.24,24,38,23,81,3,1,5
185,4,43337.9,111,395.0,31.8,18646.1,18209.0,4595.5,1419.0,468.5,68,46,67.65,15,23,30,67,0,1,0
251,4,43296.3,198,474.0,33.8,19421.9,14825.9,5426.6,2520.3,1101.9,55,36,65.45,8,14,33,53,2,0,12
725,5,43286.3,136,395.0,33.8,17810.9,18402.6,4776.7,1617.8000000000002,678.6,57,36,63.16,7,20,30,46,5,6,19
864,5,43140.09999999999,123,457.0,31.3,20133.800000000003,15995.1,5001.4,1535.5,474.5,56,24,42.86,6,12,38,55,0,1,1
71,4,43035.799999999996,82,370.0,30.7,17363.899999999998,20177.0,4193.3,985.6,316.0,64,41,64.06,23,10,31,64,0,0,0
268,4,42992.7,169,613.0,31.9,11674.900000000001,20526.4,7896.0,2355.6,539.9000000000001,45,31,68.89,17,15,13,43,0,2,1
1213,4,42959.600000000006,211,585.0,32.9,14776.899999999998,17792.8,6927.8,2563.5,898.8,52,35,67.31,26,11,15,41,4,7,4
49,8,42953.1,18,78.0,27.6,35905.5,5887.299999999999,877.5,249.7,33.1,99,41,41.41,4,5,90,99,0,0,0
1199,4,42887.0,97,486.0,30.7,14660.8,20699.7,5923.0,1326.5,277.0,39,31,79.49,10,20,9,39,0,0,0
1083,4,42857.3,177,426.0,34.8,18165.4,16676.8,4873.8,2100.3,1041.0,15,10,66.67,4,5,6,13,1,1,1
424,5,42840.6,185,522.0,33.5,15189.499999999998,18351.4,6050.6,2493.9,755.3000000000001,44,27,61.36,8,25,11,36,0,8,2
480,8,42770.6,165,340.0,36.3,18848.199999999997,16086.2,4252.400000000001,1988.1000000000001,1596.0,25,19,76.0,5,20,0,16,0,9,7
760,4,42651.4,114,374.0,31.5,17765.3,18604.399999999998,4304.1,1480.4,497.1,88,73,82.95,25,47,16,85,1,2,1
98,4,42644.7,194,442.0,34.1,15835.0,18271.3,5054.300000000001,2380.2000000000003,1103.8000000000002,38,29,76.32,9,17,12,37,0,1,7
704,4,42620.0,223,485.0,32.6,15065.5,17780.0,5791.4,2609.2999999999997,1373.6999999999998,35,31,88.57,3,21,11,33,0,2,5
1007,4,42611.7,119,386.0,30.9,16791.2,19471.4,4524.9,1446.4,377.79999999999995,80,69,86.25,14,40,26,78,1,1,2
498,4,42610.2,119,392.0,32.9,16013.2,19712.5,4639.900000000001,1527.7,716.7,70,64,91.43,30,30,10,69,1,0,1
124,6,42602.6,159,586.0,30.6,14073.7,18878.1,6887.799999999999,2251.0,511.8999999999999,29,24,82.76,12,12,5,27,0,2,3
314,4,42580.9,196,418.0,33.7,16606.8,17540.3,4849.1,2336.2000000000003,1248.3999999999999,47,32,68.09,4,21,22,45,1,1,5
484,8,42478.9,14,110.0,29.6,31789.0,9406.699999999999,1106.5,153.90000000000003,22.9,61,31,50.82,4,9,48,61,0,0,0
413,4,42353.3,134,505.0,34.5,15710.900000000001,18144.7,6032.7,1910.1,554.9000000000001,75,56,74.67,25,24,26,69,4,2,2
998,4,42224.8,204,435.0,32.3,16906.7,16677.3,5056.0,2635.6,949.1,36,30,83.33,12,19,5,24,1,11,22
1048,8,42083.0,111,518.0,30.2,14086.599999999999,20034.7,6359.9,1347.6,254.3,74,60,81.08,20,36,18,66,4,4,7
449,7,42010.7,213,518.0,33.0,16702.0,15510.8,5968.3,2655.6,1174.0,22,15,68.18,7,8,7,16,3,3,18
707,4,41955.3,132,449.0,30.7,16347.400000000001,18194.6,5421.799999999999,1678.3999999999999,313.4,40,33,82.5,5,24,11,38,0,2,0
1200,4,41838.8,175,566.0,32.2,14036.2,17960.4,6862.200000000001,2410.4,569.8,62,50,80.65,22,23,17,62,0,0,0
443,7,41775.3,27,118.0,30.2,29828.4,10361.099999999999,1240.1999999999998,283.5,62.2,113,53,46.9,9,6,98,113,0,0,0
186,4,41751.1,99,366.0,35.0,17315.4,18720.3,3992.7,1111.5,611.2,77,59,76.62,26,35,16,74,0,3,0
326,4,41581.8,183,452.0,33.5,17935.800000000003,14928.4,5145.0,2267.2,1305.4,35,23,65.71,3,12,20,30,3,2,17
891,5,41504.100000000006,153,330.0,31.6,20313.7,15116.5,3577.2,1801.3,695.4,13,10,76.92,4,6,3,12,0,1,1
280,4,41481.3,140,384.0,33.4,18850.399999999998,15492.2,4484.1,1868.3000000000002,786.3000000000001,13,9,69.23,3,5,5,11,0,2,2
87,4,41364.0,233,488.0,33.6,16911.199999999997,14751.7,5868.299999999999,2703.8,1128.9,49,30,61.22,7,19,23,38,8,3,21
1068,4,41310.5,119,436.0,30.3,15524.0,18477.0,5359.2,1552.0,398.1,74,52,70.27,11,36,27,73,1,0,1
318,4,40954.8,118,410.0,32.3,15305.4,19146.8,4525.5,1463.5,513.7,51,29,56.86,4,18,29,50,0,1,0
421,5,40932.2,128,435.0,31.4,16392.6,17363.0,5106.5,1568.7,501.3,52,37,71.15,10,17,25,51,0,1,0
121,5,40926.6,217,426.0,33.5,15710.8,16625.3,5111.599999999999,2518.3,960.9000000000001,21,11,52.38,7,5,9,19,0,2,5
820,6,40597.8,173,571.0,32.9,13279.7,17495.4,6653.900000000001,2435.4,733.1,57,44,77.19,14,20,23,55,0,2,4
140,4,40423.2,176,375.0,33.0,16839.9,15763.8,4517.700000000001,2140.4,1161.6,12,9,75.0,7,4,1,11,0,1,0
262,4,40401.2,194,460.0,33.7,15988.800000000001,15667.7,5366.2,2433.8,944.5,61,41,67.21,7,25,29,55,2,4,7
245,5,40007.6,159,410.0,31.2,17660.8,14945.6,4566.8,1985.1,849.2,50,44,88.0,15,31,4,42,0,8,2
531,4,39933.9,167,285.0,35.1,19444.3,13653.9,3455.9,1929.4,1450.4,16,12,75.0,6,9,1,8,1,7,5
393,4,39830.9,192,420.0,33.6,14744.6,15856.9,5290.800000000001,2506.2,1432.6999999999998,54,30,55.56,1,30,23,43,7,4,15
993,4,39822.1,140,449.0,29.9,13768.0,18430.9,5201.0,1988.6,433.5,78,64,82.05,26,33,19,77,0,1,1
83,4,39797.9,164,479.0,32.4,14292.7,16829.8,5600.1,2034.2000000000003,1041.1,37,20,54.05,5,10,22,37,0,0,2
534,4,39697.9,158,365.0,33.2,16833.8,16024.899999999998,4165.2,1946.4,727.5,57,41,71.93,12,16,29,56,0,1,3
84,4,39640.1,132,491.0,32.7,12657.2,19052.9,5521.6,1732.2,676.3,33,29,87.88,12,12,9,31,1,1,3
1084,4,39607.8,109,434.0,30.7,15089.099999999999,17098.899999999998,5438.1,1607.6,374.1,40,19,47.5,17,5,18,33,5,2,5
188,4,39576.5,116,388.0,30.1,13649.1,19407.699999999997,4678.1,1465.5,376.40000000000003,42,32,76.19,18,17,7,41,0,1,1
1035,4,39562.7,183,460.0,33.8,15396.1,15970.1,5392.2,2121.7,682.3000000000001,60,43,71.67,14,20,26,60,0,0,0
1098,4,39537.4,168,393.0,33.3,16450.100000000002,15699.699999999999,4293.2,2160.5,933.9,44,30,68.18,8,24,12,37,2,5,14
645,4,39533.7,119,358.0,32.9,17140.6,16298.199999999999,4033.7000000000003,1450.8999999999999,610.3000000000001,65,50,76.92,5,39,21,60,4,1,10
329,4,39444.7,158,548.0,31.8,11609.8,18598.899999999998,6174.4,2391.4,670.2,29,19,65.52,9,13,7,27,1,1,6
765,4,39227.0,177,418.0,33.2,16095.8,15381.900000000001,4527.6,2307.4,914.4,30,16,53.33,6,12,12,25,1,4,9
1034,4,39120.5,189,399.0,34.3,14567.0,16615.6,4563.2,2075.7000000000003,1298.8999999999999,48,38,79.17,16,24,8,45,0,3,5
909,5,39049.6,160,382.0,35.2,16451.600000000002,14993.900000000001,4503.4,1897.2,1203.3,83,52,62.65,16,37,30,74,5,4,12
1114,5,38929.299999999996,179,566.0,32.8,12436.499999999998,16995.4,6485.6,2319.2,692.5,23,10,43.48,9,5,9,18,5,0,6
813,5,38790.00000000001,187,483.0,33.7,13873.4,15800.800000000001,5619.4,2258.8999999999996,1237.3,15,11,73.33,3,7,5,12,0,3,5
639,4,38789.2,128,423.0,31.4,14165.5,17452.7,5044.4,1792.5,334.0,49,37,75.51,11,21,17,48,1,0,2
775,4,38652.6,109,424.0,30.4,13680.0,18114.4,5147.0,1418.5,292.79999999999995,55,45,81.82,14,27,14,55,0,0,0
746,4,38595.4,99,393.0,32.9,15633.999999999998,17145.1,4159.3,1341.3,315.6,28,21,75.0,8,12,8,28,0,0,0
60,4,38524.700000000004,175,513.0,32.3,13065.099999999999,16542.7,6013.1,2184.7,719.1,26,19,73.08,8,11,7,25,0,1,5
658,3,38422.0,142,635.0,32.3,10032.9,18841.0,7282.200000000001,1905.7,360.4,39,23,58.97,13,7,19,38,0,1,0
264,4,38203.700000000004,128,311.0,31.4,16867.199999999997,15714.0,3563.7,1492.4,566.3,33,23,69.7,5,18,10,31,0,2,0
758,4,38197.1,100,292.0,35.1,19333.2,13313.5,3728.1000000000004,1275.7,546.8000000000001,57,50,87.72,15,28,14,56,0,1,0
17,4,38083.6,170,480.0,33.0,13791.099999999999,15861.699999999999,5407.099999999999,2207.5,816.3,33,28,84.85,8,19,6,31,0,2,5
1209,4,38063.7,109,432.0,32.3,17031.5,14437.6,4920.5,1361.0,313.1,88,77,87.5,13,53,22,88,0,0,0
513,4,38060.1,221,477.0,34.4,14325.800000000001,13005.099999999999,6099.1,2896.4,1733.8999999999999,36,19,52.78,8,22,6,25,4,7,11
135,4,38026.4,142,339.0,32.0,15805.000000000002,15618.300000000001,4007.1000000000004,1854.5,741.5,53,42,79.25,6,26,21,51,0,2,9
499,4,38018.1,165,597.0,31.4,9821.7,18120.6,7095.800000000001,2406.8,573.3000000000001,62,56,90.32,24,31,7,59,0,3,1
1093,6,38006.0,13,82.0,28.8,28746.299999999996,8311.4,786.5,142.10000000000002,19.799999999999997,81,30,37.04,5,5,71,81,0,0,0
1020,4,37864.8,154,442.0,31.0,14634.7,15579.3,5003.799999999999,2186.8,460.0,47,28,59.57,13,15,19,39,6,2,8
2,4,37858.0,81,331.0,30.0,17850.199999999997,15081.0,3502.4,1076.3,348.2,82,66,80.49,16,43,23,82,0,0,0
202,4,37830.2,170,468.0,33.8,14782.4,14840.9,5260.5,2169.4,776.9,17,12,70.59,6,10,1,14,0,3,5
328,4,37805.7,175,489.0,33.6,12532.0,16578.8,5665.0,2335.9,693.8,20,11,55.0,4,11,5,13,2,5,8
48,7,37720.9,151,369.0,31.5,14218.099999999999,16530.1,4371.099999999999,1885.1,716.4,4,2,50.0,3,1,0,3,0,1,2
902,5,37581.2,208,368.0,35.3,16447.5,12715.899999999998,4436.7,2420.6,1560.4,29,22,75.86,5,19,5,20,2,7,13
129,4,37462.6,112,353.0,34.5,15295.9,16187.5,4101.0,1263.1,615.2,47,42,89.36,9,25,13,46,0,1,0
762,4,37432.9,129,443.0,35.6,15011.599999999999,15233.8,4996.5,1737.5,453.5,39,28,71.79,18,14,7,34,1,4,5
866,4,37311.9,179,492.0,32.7,13237.0,14733.000000000002,6084.9,2521.5,735.6,29,17,58.62,5,9,15,26,1,2,0
1069,4,37262.4,101,315.0,28.8,15582.8,16089.5,4021.8,1364.6,203.5,60,53,88.33,19,25,16,59,0,1,0
637,4,36946.0,180,497.0,33.1,12838.5,15321.600000000002,5967.8,2205.4,612.7,28,22,78.57,3,18,7,25,0,3,9
57,4,36920.3,223,396.0,36.7,12171.2,15930.9,4844.1,2674.7,1299.5,22,15,68.18,4,10,8,16,1,5,8
282,4,36904.5,135,347.0,32.2,16886.0,13862.3,4060.0,1584.3000000000002,511.7,65,46,70.77,14,21,30,62,0,3,4
904,5,36826.9,151,388.0,32.9,14326.8,15135.199999999999,4759.1,1985.3999999999999,620.2,51,36,70.59,5,25,21,44,5,2,12
1071,4,36817.100000000006,137,340.0,33.7,14117.699999999999,16042.3,4130.9,1787.9,738.1999999999999,46,24,52.17,2,18,26,42,2,2,4
642,4,36607.9,141,385.0,33.3,13753.6,15874.999999999998,4503.7,1799.3,676.3,6,3,50.0,2,3,1,5,0,1,1
981,3,36575.0,119,451.0,31.1,9565.8,19282.6,5486.7,1595.1,644.7,57,47,82.46,14,30,13,55,1,1,0
322,4,36541.600000000006,122,401.0,32.1,13876.6,15752.3,4675.0,1676.8999999999999,560.7,69,57,82.61,18,24,27,66,3,0,2
51,5,36406.1,121,409.0,32.3,13512.099999999999,16048.199999999999,4512.2,1591.6999999999998,741.7,27,23,85.19,1,15,11,27,0,0,5
466,5,36392.9,131,333.0,33.6,15356.800000000001,14568.1,4194.0,1643.1,631.1,47,32,68.09,10,17,20,39,7,1,10
966,3,36353.6,135,483.0,30.4,11380.0,16989.4,5805.200000000001,1805.6,373.2,23,20,86.96,9,10,4,23,0,0,0
148,4,36234.4,139,419.0,31.5,14158.0,15061.0,4678.200000000001,1805.0,532.0,36,26,72.22,4,20,12,35,0,1,0
1047,8,35975.8,197,345.0,33.6,16436.699999999997,12482.6,3955.0,2110.7999999999997,990.7999999999998,17,9,52.94,11,5,1,12,2,3,6
21,4,35700.1,122,301.0,33.3,16286.2,14122.9,3382.8,1478.3000000000002,429.8,76,61,80.26,16,40,20,75,0,1,0
826,6,35679.50000000001,176,411.0,34.3,14389.099999999999,13336.599999999999,4735.9,2246.5,971.1,29,17,58.62,13,9,7,21,1,7,7
1075,4,35655.1,155,346.0,32.6,15695.5,13210.3,3733.7,2039.3000000000002,976.4,23,18,78.26,13,6,4,22,1,0,4
1028,4,35585.2,138,336.0,33.8,15000.4,14702.5,3659.5999999999995,1460.8000000000002,761.6,56,37,66.07,8,20,28,54,2,0,2
438,5,35476.399999999994,165,321.0,35.2,15430.7,13495.2,3728.1999999999994,1770.8000000000002,1051.1,24,17,70.83,11,8,5,17,1,6,3
396,4,35347.1,119,284.0,32.9,17682.4,12247.0,3288.3,1424.9,704.4,46,32,69.57,8,23,15,43,0,3,0
115,5,35176.6,172,443.0,34.7,15354.4,12011.899999999998,5090.200000000001,1973.6999999999998,746.6,35,26,74.29,12,23,0,18,0,17,11
595,3,34994.8,170,458.0,31.6,11850.6,14875.2,5429.9,2264.0,575.0999999999999,50,31,62.0,6,15,29,42,5,3,8
1216,4,34951.5,183,329.0,35.6,12964.0,14860.5,4100.6,2018.6000000000001,1007.9,9,5,55.56,4,4,1,5,0,4,6
529,4,34883.4,167,416.0,31.0,12147.6,15614.599999999999,4400.5,2156.7000000000003,564.0,11,1,9.09,0,3,8,6,3,2,1
512,3,34794.700000000004,129,354.0,33.8,12390.1,15598.199999999999,4239.700000000001,1743.4,823.2,27,22,81.48,2,22,3,26,0,1,9
1186,3,34595.2,126,458.0,28.4,12605.900000000001,14216.699999999999,5609.5,1872.7,290.4,52,42,80.77,16,26,10,47,1,4,3
648,3,34501.6,114,411.0,31.1,11641.0,16064.6,4827.8,1513.2,455.20000000000005,24,22,91.67,8,14,2,23,0,1,1
297,4,34347.299999999996,178,370.0,34.7,13973.000000000002,12804.0,4127.200000000001,1950.1000000000001,1492.8999999999999,36,26,72.22,9,22,5,23,6,7,13
369,3,34224.899999999994,154,443.0,30.6,11645.6,14500.2,5458.6,1957.6000000000001,662.9,46,23,50.0,8,6,32,39,5,2,9
523,4,34220.6,136,460.0,31.8,10977.0,15480.7,5219.2,1825.1,718.4000000000001,12,7,58.33,4,3,5,12,0,0,1
447,5,34211.8,93,345.0,30.0,14931.3,13959.4,3876.1000000000004,1198.1,246.9,30,28,93.33,6,15,9,29,0,1,0
1198,4,34098.4,192,424.0,33.4,10864.0,15206.1,4693.0,2283.2000000000003,1052.1999999999998,23,17,73.91,7,13,3,15,2,6,7
554,3,33997.0,187,447.0,32.9,10666.8,14860.4,5235.200000000001,2295.2,939.3000000000001,29,19,65.52,7,15,7,26,0,3,6
274,4,33931.4,141,420.0,31.6,10712.0,15876.9,4948.1,1830.8,563.8,30,25,83.33,8,17,5,25,1,4,1
204,4,33908.1,113,313.0,32.3,13846.600000000002,14510.2,3713.8999999999996,1367.4,470.0,33,20,60.61,2,18,13,33,0,0,4
304,4,33682.0,110,387.0,31.9,12745.9,14753.300000000001,4351.3,1483.8,347.9,50,40,80.0,26,19,5,48,0,2,1
244,5,33663.1,56,357.0,26.8,14622.1,14375.699999999999,3924.0,702.7,38.6,74,58,78.38,28,25,21,68,6,0,6
1176,3,33644.8,145,352.0,32.6,14399.1,12963.2,3875.7,1817.6000000000001,589.0,42,34,80.95,18,17,7,39,0,3,3
19,4,33625.8,115,405.0,31.0,12426.8,14775.0,4398.7,1664.6,360.7,71,58,81.69,29,26,16,69,0,2,1
846,3,33573.6,118,446.0,32.8,9866.2,16576.0,5067.2,1664.2,399.9,31,21,67.74,12,5,14,29,0,2,1
659,3,33572.6,138,411.0,33.4,11652.4,14692.2,4650.6,1773.1,804.2,11,7,63.64,5,4,2,9,0,2,8
221,4,33569.7,106,368.0,30.7,13453.699999999999,13862.8,4302.0,1544.5,406.6,48,35,72.92,9,28,11,47,1,0,1
504,4,33546.6,140,412.0,32.3,11628.7,14592.3,4875.200000000001,1819.0,631.4,23,19,82.61,8,12,3,19,1,3,8
165,5,33491.7,134,417.0,31.9,14485.8,12030.9,4902.800000000001,1526.5,545.8,26,15,57.69,9,14,3,18,1,7,2
791,3,33430.3,178,460.0,31.6,10548.4,14440.399999999998,5286.1,2245.8,909.8,34,27,79.41,15,10,9,32,0,2,1
182,4,33427.200000000004,135,395.0,33.2,13439.1,13074.2,4472.1,1760.8999999999999,680.9000000000001,18,11,61.11,3,5,10,10,6,2,8
517,4,33325.1,141,442.0,35.0,11955.6,13835.999999999998,4995.700000000001,1878.1,659.6999999999999,31,28,90.32,18,9,4,29,0,2,2
868,4,33177.6,129,357.0,33.3,11742.3,14747.0,4376.5,1560.4,751.2,19,11,57.89,4,7,8,13,1,5,1
563,3,33149.8,138,470.0,33.3,10608.7,14311.3,5811.1,1868.2,550.6,29,27,93.1,9,15,5,27,1,1,2
861,4,33031.8,94,271.0,32.1,16443.100000000002,11946.599999999999,3119.7000000000003,1214.5,307.79999999999995,37,17,45.95,8,7,22,37,0,0,0
149,4,32991.0,130,365.0,31.9,13250.599999999999,13582.500000000002,4145.5,1458.6999999999998,553.6999999999999,39,23,58.97,7,19,13,28,5,6,10
807,5,32935.9,6,60.0,27.6,25851.5,6456.9,543.5,73.6,10.4,111,60,54.05,7,3,101,111,0,0,0
788,3,32898.2,133,415.0,32.3,11314.0,14093.800000000001,4931.299999999999,1905.9,653.2,47,37,78.72,17,14,16,45,2,0,2
41,7,32891.700000000004,153,322.0,33.5,12732.900000000001,13136.100000000002,4224.700000000001,1808.6999999999998,989.4000000000001,16,8,50.0,6,7,3,10,0,6,9
429,3,32856.3,166,408.0,30.7,11011.5,14309.3,4754.799999999999,2242.1000000000004,538.5999999999999,60,47,78.33,13,25,22,57,1,2,7
578,3,32836.4,65,406.0,26.7,11953.0,15067.5,4763.099999999999,988.8000000000001,64.0,35,24,68.57,12,8,15,33,0,2,0
709,4,32815.0,143,483.0,32.2,10933.2,13685.0,5732.1,1896.3,568.5,31,23,74.19,15,6,10,31,0,0,2
286,4,32800.9,114,343.0,33.3,13991.0,13364.7,3758.7,1329.1,357.2,77,57,74.03,15,37,25,69,6,2,9
1183,3,32750.899999999998,149,352.0,33.3,12447.5,13502.099999999999,4062.1,1943.3,795.9000000000001,41,34,82.93,7,21,13,37,3,1,10
259,5,32718.499999999996,155,267.0,35.1,16625.1,10131.7,3107.9,1684.8,1169.0,7,4,57.14,5,0,2,6,0,1,3
634,4,32576.2,152,346.0,31.3,11809.6,13701.599999999999,4344.1,2075.0,645.9,24,15,62.5,9,10,5,21,1,2,4
320,4,32503.100000000006,108,354.0,32.2,10966.9,15169.1,4401.7,1445.6000000000001,519.7,43,39,90.7,18,20,5,37,0,6,0
682,3,32488.100000000002,97,372.0,30.6,10162.400000000001,16509.5,4235.299999999999,1271.8999999999999,308.9,47,38,80.85,23,12,12,44,1,2,3
192,4,32481.1,109,339.0,30.8,12157.3,14740.099999999999,3715.0,1479.5,389.4,19,8,42.11,3,7,9,17,1,1,1
371,3,32407.7,81,373.0,29.8,12010.6,14535.2,4501.7,1216.6999999999998,143.4,63,48,76.19,16,28,19,61,2,0,2
556,3,32370.0,112,431.0,34.2,10798.9,14816.0,5145.5,1333.0,276.7,45,30,66.67,18,9,18,34,6,5,2
635,3,32326.0,239,432.0,35.0,11044.5,12043.9,5143.9,2750.6000000000004,1343.3000000000002,6,5,83.33,3,3,0,5,0,1,3
1046,8,32157.8,142,568.0,30.5,9146.899999999998,14135.300000000001,6723.0,1933.1,219.40000000000003,23,22,95.65,12,7,4,23,0,0,1
786,3,32154.3,112,472.0,28.7,9534.3,14997.0,5629.1,1605.8,388.2,29,22,75.86,14,8,7,27,0,2,0
711,4,32083.3,141,295.0,33.3,14931.599999999999,11180.3,3798.9,1542.4,630.2,14,9,64.29,5,3,6,13,0,1,1
15,4,32073.300000000003,157,355.0,33.5,13086.199999999999,11977.0,4308.0,1916.1,785.6999999999999,52,39,75.0,8,32,12,47,0,5,9
671,3,31944.2,103,407.0,31.1,9549.2,16087.099999999999,4577.8,1346.3,383.8,22,14,63.64,8,3,11,20,0,2,0
1019,4,31917.6,145,446.0,34.4,11237.8,13305.3,5026.6,1759.7,588.0999999999999,31,24,77.42,12,11,8,29,1,1,4
670,3,31861.399999999998,170,423.0,31.8,11187.8,13269.8,4683.5,2200.0,520.3,30,15,50.0,5,11,14,27,1,2,6
42,5,31810.0,137,362.0,33.3,9786.7,15176.7,4306.4,1762.0,778.3000000000001,29,25,86.21,14,13,2,28,0,1,1
855,3,31781.300000000003,156,332.0,34.1,12133.7,12664.3,3911.7,2125.2999999999997,946.3,42,26,61.9,9,10,23,35,3,4,8
827,6,31621.2,137,384.0,32.8,12136.8,12453.400000000001,4445.0,1898.6,687.1999999999999,24,16,66.67,5,13,6,18,1,5,7
591,3,31613.9,108,369.0,32.9,13016.3,12632.1,4032.1000000000004,1326.6,606.7,28,15,53.57,1,9,18,27,1,0,3
1109,6,31605.3,170,373.0,34.3,13767.7,10601.699999999999,4276.7,1957.1999999999998,1002.3,28,15,53.57,7,14,7,11,6,11,10
399,4,31500.799999999996,169,395.0,33.9,12321.3,12046.7,4266.9,1967.2,898.7,26,16,61.54,8,10,8,19,3,4,6
996,4,31487.7,176,453.0,32.6,8985.6,14361.099999999999,5155.6,2215.7000000000003,769.9,19,14,73.68,5,9,5,16,2,1,3
74,4,31483.100000000002,125,495.0,29.9,8895.8,14632.4,5882.4,1719.4000000000003,353.0,32,20,62.5,11,5,16,31,0,1,2
621,3,31441.2,128,307.0,32.1,11322.7,14234.2,3452.2,1723.4,708.7,52,33,63.46,13,16,23,46,2,4,3
870,5,31439.5,5,49.0,24.6,25019.399999999998,5871.699999999999,473.1,75.19999999999999,0.0,113,40,35.4,0,2,111,113,0,0,0
96,4,31408.5,161,439.0,34.0,10307.8,13362.5,5020.700000000001,2081.6,635.5,31,18,58.06,17,5,9,30,1,0,4
303,4,31331.1,132,353.0,33.8,11971.3,12769.5,4065.1,1731.5,793.7,53,40,75.47,10,24,19,48,3,2,11
1128,3,31221.0,102,368.0,31.7,11626.4,13658.099999999999,4090.3,1360.1000000000001,486.29999999999995,52,36,69.23,18,13,21,48,4,0,4
789,3,31195.3,144,333.0,31.9,12700.900000000001,12395.0,3775.2000000000003,1844.5,479.7,9,2,22.22,5,0,4,8,0,1,0
1107,4,31183.4,147,421.0,31.7,9757.400000000001,14174.300000000001,4731.700000000001,2008.0000000000002,512.1,18,14,77.78,6,8,4,18,0,0,4
678,3,31152.000000000004,107,365.0,32.3,11982.5,13278.5,4146.700000000001,1298.8,445.4,40,30,75.0,1,24,15,39,1,0,2
528,4,31122.8,96,447.0,30.0,9468.0,14970.4,5053.0,1379.8000000000002,251.60000000000002,16,14,87.5,9,5,2,16,0,0,0
705,4,31113.1,84,267.0,30.8,13284.8,13456.8,3131.8,977.9,261.79999999999995,42,32,76.19,14,12,16,40,1,1,2
546,4,31108.5,171,285.0,31.6,11826.8,13386.5,3360.7999999999997,1843.7,690.8000000000001,31,20,64.52,3,18,10,26,3,2,8
7,4,31107.7,130,382.0,31.5,11897.2,12590.4,4334.0,1807.8999999999999,478.1,31,18,58.06,5,13,13,27,2,2,2
196,4,31052.7,73,323.0,30.9,11526.6,14497.8,3795.0,894.5,338.70000000000005,22,17,77.27,9,9,4,22,0,0,1
525,3,31028.9,77,359.0,28.5,11631.9,14205.099999999999,3945.9,1107.2,138.89999999999998,43,30,69.77,18,10,15,39,0,4,0
1018,3,30982.5,121,423.0,31.4,10333.6,13773.8,4800.5,1623.7,451.0,61,48,78.69,18,25,18,58,2,1,2
195,3,30954.3,117,257.0,33.5,11900.2,13750.900000000001,3081.5,1573.4,648.3,39,27,69.23,5,19,15,34,1,4,4
796,3,30931.1,103,310.0,33.2,11621.5,13789.6,3588.5,1286.6,644.8,38,35,92.11,10,25,3,37,0,1,0
673,3,30918.7,118,384.0,30.9,11453.8,13103.1,4317.299999999999,1631.2,413.4,28,17,60.71,3,13,12,23,4,1,7
679,3,30898.4,125,388.0,32.8,11202.5,13246.7,4424.2,1510.6,514.4,55,40,72.73,9,27,19,51,3,1,4
843,3,30790.0,101,426.0,31.4,9285.2,14794.0,4957.2,1471.1,282.5,31,22,70.97,11,10,10,28,1,2,1
580,3,30775.8,170,470.0,32.3,11105.5,10345.8,6036.8,2424.7,862.9,14,6,42.86,0,7,7,14,0,0,1
835,3,30753.800000000003,114,315.0,33.8,10780.2,14019.4,3724.0,1525.3,705.0,38,29,76.32,9,11,18,36,1,1,1
1021,4,30714.2,182,405.0,32.2,10234.7,13143.5,4585.7,2131.5,619.1,24,15,62.5,11,6,7,21,1,2,4
1143,3,30658.0,123,408.0,30.3,8915.4,15215.0,4315.4,1771.0,441.3,20,15,75.0,7,9,4,17,0,3,3
136,4,30616.6,116,429.0,30.9,10548.7,12713.7,5226.7,1719.4,408.40000000000003,26,18,69.23,8,8,10,26,0,0,1
137,3,30604.300000000003,141,356.0,32.5,11643.800000000001,12934.8,3797.3999999999996,1598.1999999999998,630.0,28,19,67.86,3,9,16,25,0,3,0
698,3,30578.2,155,309.0,34.1,11437.1,12288.7,3973.8999999999996,1979.4,899.0,21,17,80.95,3,6,12,20,1,0,11
462,5,30578.1,147,335.0,34.3,13478.1,10296.8,3925.2,1718.8000000000002,1159.2,32,23,71.88,6,20,6,17,7,8,22
614,3,30575.1,104,383.0,31.4,10958.3,13145.899999999998,4514.0,1421.8,535.1,43,28,65.12,13,15,15,42,1,0,3
975,3,30532.3,123,349.0,33.6,12377.5,12194.3,3747.0,1480.0,733.5,38,32,84.21,5,28,5,34,0,4,0
581,3,30405.3,156,345.0,34.0,11427.2,12374.7,3893.3,1935.8000000000002,774.4,10,4,40.0,3,2,5,7,1,2,2
848,3,30384.6,117,322.0,33.2,11490.1,13013.5,3865.5,1311.6999999999998,703.8000000000001,91,64,70.33,15,40,36,86,5,0,8
1173,3,30359.699999999997,98,303.0,33.0,13101.7,11989.7,3527.9999999999995,1168.3,572.1999999999999,46,31,67.39,4,17,25,42,1,3,1
102,4,30227.100000000002,115,392.0,30.0,9213.9,14692.900000000001,4406.6,1509.7,404.2,27,20,74.07,13,6,8,24,0,3,1
1236,3,30198.499999999996,149,274.0,34.0,14529.0,10044.7,3164.2000000000003,1605.1,855.4,11,7,63.64,5,4,2,11,0,0,1
551,3,30006.2,89,298.0,32.2,11424.5,13647.400000000001,3404.9,1049.1999999999998,480.20000000000005,40,37,92.5,8,29,3,39,0,1,1
1121,3,29945.8,77,275.0,30.6,11665.8,13596.7,3213.8999999999996,1017.8,451.8,17,12,70.59,3,6,8,17,0,0,0
1120,3,29933.0,150,343.0,34.8,12208.5,10993.699999999999,3823.2999999999997,2083.7,823.5999999999999,20,11,55.0,3,6,11,18,0,2,4
293,4,29901.800000000003,79,287.0,32.3,12668.1,12652.7,3177.2,1042.2,361.5,29,25,86.21,9,18,2,28,0,1,0
343,3,29893.699999999997,116,320.0,33.3,11334.8,12556.0,3719.2000000000003,1487.5,796.2,43,31,72.09,6,20,17,42,0,1,0
1229,3,29888.199999999997,85,378.0,30.7,9835.3,14356.9,4476.0,998.0,221.89999999999998,43,32,74.42,18,12,13,39,0,4,0
45,7,29858.9,89,336.0,30.6,12431.000000000002,11713.7,4102.6,1120.3999999999999,491.19999999999993,36,32,88.89,7,23,6,36,0,0,0
105,6,29790.5,13,55.0,26.6,24050.0,4927.3,604.4,168.20000000000002,40.400000000000006,78,34,43.59,1,4,73,78,0,0,0
948,3,29778.0,150,324.0,32.7,11521.4,11635.0,3649.1000000000004,1919.7,1052.8,40,24,60.0,10,9,21,39,0,1,4
822,4,29767.200000000004,137,322.0,35.6,12044.5,11384.5,3818.2999999999997,1635.6000000000001,884.4,31,16,51.61,1,6,24,28,1,2,7
487,5,29720.3,134,288.0,36.2,12004.8,11659.4,3386.5,1740.2000000000003,929.3000000000001,48,42,87.5,6,31,11,44,2,2,5
289,3,29623.6,120,323.0,31.4,12934.1,10918.7,3782.9,1458.6,529.2,61,42,68.85,14,24,23,56,1,4,9
86,4,29618.0,70,297.0,31.2,11268.0,13723.0,3384.8999999999996,1009.9000000000001,232.10000000000002,66,48,72.73,10,28,28,65,1,0,1
838,3,29554.0,147,319.0,31.9,10105.8,13410.5,3716.6,1690.9,630.3,19,9,47.37,3,8,8,17,2,0,11
403,4,29489.899999999998,108,233.0,33.1,12695.5,12350.7,2575.1000000000004,1345.2999999999997,523.4,5,3,60.0,3,1,1,3,0,2,1
1002,3,29465.200000000004,141,384.0,34.7,8587.7,13702.2,4499.6,1766.7,909.0999999999999,26,18,69.23,1,11,14,24,1,1,11
348,3,29455.9,88,315.0,31.8,11417.6,12948.099999999999,3400.1000000000004,1235.5,454.59999999999997,36,25,69.44,13,13,10,33,2,1,2
946,3,29452.0,160,400.0,33.3,11435.2,10954.2,4483.2,1896.1,683.3,23,14,60.87,6,10,7,21,1,1,1
368,3,29418.4,94,311.0,32.0,11673.2,12686.500000000002,3635.3,1141.7,281.7,23,12,52.17,3,5,15,22,1,0,1
439,5,29415.000000000004,14,60.0,26.2,23046.1,5546.699999999999,623.4,192.9,5.9,43,21,48.84,3,2,38,43,0,0,0
1014,4,29411.2,114,356.0,31.5,9324.7,13741.400000000001,4337.599999999999,1685.8,321.5,52,39,75.0,23,12,17,50,1,1,3
538,3,29365.8,74,230.0,32.7,13191.4,12268.0,2859.4,859.6999999999999,187.4,28,14,50.0,1,7,20,28,0,0,0
220,5,29357.000000000004,172,350.0,34.9,10935.1,11340.199999999999,4176.1,1905.3999999999999,1000.1,11,5,45.45,4,5,2,6,0,5,4
1135,3,29334.699999999997,59,286.0,31.2,10426.2,14602.099999999999,3244.6,824.5000000000001,237.5,32,26,81.25,15,8,9,31,0,1,0
1138,3,29256.2,130,296.0,33.1,10846.0,12132.1,3566.5,1909.2,802.4,25,8,32.0,2,10,13,21,3,1,7
828,6,29207.9,136,334.0,34.2,10698.8,12448.4,3872.1,1651.2999999999997,537.4,16,11,68.75,4,9,3,15,0,1,2
914,3,29038.399999999998,88,338.0,32.5,10781.7,13042.800000000001,3796.4,1103.8,313.70000000000005,18,14,77.78,7,8,3,18,0,0,0
315,3,28983.200000000004,102,280.0,32.4,12337.8,11658.400000000001,3237.7,1325.0,424.2,36,27,75.0,9,13,14,35,0,1,0
550,3,28826.9,95,310.0,30.7,11648.0,11908.599999999999,3731.6000000000004,1160.6,378.30000000000007,41,31,75.61,11,11,19,40,0,1,0
576,3,28814.600000000002,78,255.0,32.0,13749.599999999999,11019.300000000001,2865.3,917.9000000000001,262.6,33,17,51.52,9,5,19,33,0,0,0
346,3,28808.1,117,342.0,32.0,9829.099999999999,12905.699999999999,3932.0,1594.4,546.7,17,12,70.59,9,6,2,15,0,2,1
496,4,28802.1,72,258.0,33.1,12840.3,11644.3,2829.7,1040.9,447.0,52,43,82.69,1,36,15,50,1,1,1
453,6,28790.199999999997,147,285.0,35.2,10470.0,12068.100000000002,3247.2000000000003,1703.6,1301.3000000000002,39,24,61.54,5,14,20,23,8,8,19
134,3,28776.699999999997,78,279.0,31.4,11468.599999999999,12701.1,3268.1,991.7,347.4,35,22,62.86,6,10,19,35,0,0,0
345,3,28745.0,142,305.0,32.1,11370.5,10980.2,3861.8999999999996,1727.3999999999999,805.0,27,18,66.67,10,10,7,21,2,4,3
150,4,28616.8,145,318.0,34.8,9703.5,12784.9,3513.6999999999994,1726.2,888.5000000000001,12,3,25.0,3,2,7,4,5,3,6
82,4,28614.0,91,371.0,32.7,10396.0,12202.2,4462.0,1267.7,286.2,27,25,92.59,12,9,6,25,0,2,1
706,4,28528.0,104,342.0,31.5,10797.699999999999,12136.599999999999,3962.8,1115.4,515.4,43,29,67.44,17,13,13,41,1,1,2
306,3,28516.800000000003,72,250.0,34.4,12002.300000000001,12637.2,2635.5,1000.8,241.00000000000003,31,25,80.65,5,16,10,30,0,1,0
969,3,28477.100000000002,98,331.0,30.9,12073.2,11095.5,3708.0,1280.3,320.1,20,16,80.0,5,10,5,13,2,5,5
695,3,28433.499999999996,69,264.0,28.8,12119.7,12236.9,3064.1,884.8,128.0,44,32,72.73,7,14,23,38,3,3,11
945,3,28286.4,123,328.0,31.5,10717.2,11967.2,3520.8999999999996,1466.7,614.4,10,2,20.0,9,1,0,9,0,1,0
655,3,28270.800000000003,78,258.0,32.4,11810.400000000001,12404.0,2805.3,925.9,325.29999999999995,30,22,73.33,7,12,11,26,0,4,0
1184,3,28186.300000000003,162,348.0,33.4,9201.0,11913.6,4019.4000000000005,2033.1999999999998,1018.9000000000001,18,15,83.33,3,12,3,11,3,4,9
1027,3,28152.199999999997,119,463.0,31.2,9796.8,11361.9,5109.4,1590.1999999999998,294.0,29,22,75.86,17,3,9,29,0,0,0
224,5,28143.5,16,90.0,25.4,19727.2,7321.799999999999,892.9000000000001,199.09999999999997,2.4,39,13,33.33,1,2,36,39,0,0,0
999,4,28133.5,154,304.0,33.5,10308.2,11611.7,3458.0,1704.3000000000002,1051.3,10,7,70.0,5,4,1,8,1,1,1
603,3,28097.899999999998,79,270.0,33.7,11881.0,11615.3,3315.0,911.2,375.40000000000003,35,21,60.0,8,11,16,35,0,0,0
778,4,28089.1,131,285.0,34.7,10762.7,11472.0,3378.3,1642.8000000000002,833.0999999999999,23,19,82.61,9,12,2,18,0,5,5
942,3,28038.399999999998,150,499.0,31.4,7651.0,11574.099999999999,6304.7,2038.3,470.1,25,19,76.0,11,9,5,21,1,3,0
729,6,28037.0,5,38.0,24.5,22605.7,5050.900000000001,337.2,43.4,0.0,64,12,18.75,3,0,61,64,0,0,0
228,4,27940.2,172,341.0,34.1,9991.3,11289.400000000001,3847.1,1974.5,838.0,24,15,62.5,4,10,10,17,5,2,11
1224,3,27912.9,93,218.0,36.5,11917.6,11773.0,2479.6,1025.3,717.4000000000001,34,22,64.71,6,10,18,34,0,0,0
9,4,27787.800000000003,131,355.0,29.5,11330.0,10588.099999999999,3884.1,1673.6000000000001,312.1,2,1,50.0,1,1,0,1,0,1,1
1190,3,27642.800000000003,129,308.0,32.4,10849.4,10864.0,3534.2000000000003,1641.9,753.1,19,14,73.68,3,9,7,15,2,2,5
606,3,27586.1,112,331.0,31.9,10729.7,11082.4,3930.4,1351.0,492.4,14,7,50.0,3,6,5,10,0,4,1
176,4,27561.300000000003,123,335.0,30.9,10600.8,11154.7,3837.0,1582.4,386.3,57,43,75.44,17,24,16,53,2,2,3
1228,3,27540.600000000002,94,361.0,32.2,9535.5,12365.8,4178.9,1198.4,262.0,27,20,74.07,7,8,12,26,0,1,0
411,4,27468.899999999998,134,307.0,32.2,11203.900000000001,10647.1,3362.7999999999997,1648.8000000000002,606.2,45,39,86.67,4,27,14,43,1,1,4
145,4,27462.5,152,306.0,33.9,10225.3,10586.0,3718.3,1793.3000000000002,1139.6,13,4,30.77,2,6,5,9,1,3,5
790,3,27406.6,118,381.0,31.5,7898.5,13254.0,4255.0,1590.4,408.6,21,7,33.33,7,3,11,17,2,2,7
769,3,27342.0,92,245.0,36.8,13507.699999999999,9134.599999999999,2865.5,1097.2,736.9,27,19,70.37,5,16,6,27,0,0,3
359,3,27318.100000000002,107,293.0,34.0,12786.5,8895.5,3368.1,1477.1999999999998,790.8000000000001,22,15,68.18,7,11,4,18,0,4,0
69,4,27279.0,129,263.0,35.1,10517.2,11031.699999999999,3133.6000000000004,1427.0,1169.5,5,4,80.0,3,2,0,4,0,1,1
107,3,27207.2,82,249.0,31.6,10180.5,12580.600000000002,3131.1,972.9,342.00000000000006,36,28,77.78,2,25,9,36,0,0,0
119,3,27147.5,157,363.0,33.0,8219.4,11861.0,4266.5,1929.3000000000002,871.3,26,15,57.69,2,13,11,23,0,3,8
1026,3,27093.9,159,299.0,35.2,9670.099999999999,11447.9,3414.2000000000003,1767.5,794.0,10,6,60.0,2,7,1,7,0,3,1
430,4,27077.899999999998,96,328.0,31.4,9668.5,11856.4,3967.1000000000004,1204.0,381.90000000000003,22,15,68.18,4,10,8,20,1,1,1
1227,3,27011.4,80,288.0,31.4,10600.3,12145.1,3087.7,907.1,271.0,53,39,73.58,11,18,24,53,0,0,0
295,4,26951.8,113,314.0,32.9,10388.5,11124.2,3316.2999999999997,1585.0,537.9,3,3,100.0,1,2,0,3,0,0,3
653,3,26869.9,86,269.0,32.4,10885.699999999999,11454.9,3112.2,1098.6,318.6,51,34,66.67,8,19,24,51,0,0,0
68,3,26853.3,105,341.0,32.9,9006.4,11895.400000000001,4028.0,1440.9,482.79999999999995,21,14,66.67,6,7,8,20,1,0,6
680,3,26815.2,91,264.0,34.4,10721.5,11333.7,3043.8,1073.9,642.2,29,25,86.21,14,9,6,27,0,2,0
356,3,26713.7,65,189.0,33.2,12927.8,10472.2,2222.5,760.2,331.0,31,25,80.65,6,11,14,31,0,0,0
157,5,26656.8,2,16.0,22.9,22640.5,3813.5,171.7,31.200000000000003,0.0,34,14,41.18,4,0,30,34,0,0,0
266,4,26619.5,105,383.0,34.4,7759.5,12820.900000000001,4371.1,1290.9,377.0,13,12,92.31,7,5,1,13,0,0,0
494,3,26505.699999999997,93,280.0,33.7,11230.3,10595.099999999999,3109.6,1117.5,453.1,29,24,82.76,13,15,1,29,0,0,0
912,3,26501.6,76,229.0,33.4,12566.8,10194.6,2539.6,888.6000000000001,312.1,36,20,55.56,8,4,24,33,0,3,2
793,3,26344.800000000003,111,350.0,29.7,8914.3,11336.6,4007.5,1639.5,446.90000000000003,27,21,77.78,3,6,18,25,2,0,5
30,6,26324.0,106,330.0,33.2,10029.800000000001,10730.9,3724.4,1388.3,450.70000000000005,13,9,69.23,1,3,9,13,0,0,5
832,4,26275.300000000003,91,285.0,30.2,10367.8,11001.199999999999,3424.4000000000005,1226.8,255.2,57,42,73.68,7,30,20,49,4,4,6
524,3,26258.6,87,260.0,31.0,10633.7,11379.0,2973.8,987.2,285.0,23,14,60.87,6,6,11,23,0,0,0
586,3,26206.8,99,338.0,29.4,7650.0,12870.5,4151.6,1311.6999999999998,223.29999999999998,21,12,57.14,5,6,10,20,0,1,1
144,4,26105.5,113,401.0,31.2,7774.4,12092.3,4505.9,1527.1,206.0,28,21,75.0,10,9,9,26,1,1,1
577,3,26000.6,142,299.0,30.7,9372.2,10445.8,3581.8,1958.9,641.8000000000001,28,17,60.71,0,9,19,25,0,3,4
76,4,25987.800000000003,108,365.0,32.5,6583.299999999999,13176.3,4143.700000000001,1632.1,452.4,24,20,83.33,8,7,9,23,0,1,0
1178,3,25916.6,99,228.0,34.9,10197.4,11423.5,2620.7,1150.0,525.2,41,29,70.73,7,22,12,38,1,2,6
839,3,25899.699999999997,109,305.0,32.3,10082.0,10228.300000000001,3566.1,1324.7,698.5999999999999,12,8,66.67,2,6,4,8,1,3,13
874,4,25835.6,98,336.0,31.1,8937.6,11204.900000000001,3891.1,1432.3,369.7,5,2,40.0,3,2,0,5,0,0,1
703,5,25833.7,12,71.0,25.8,19866.1,5084.5,724.2,149.20000000000002,9.5,67,41,61.19,7,3,57,67,0,0,0
721,4,25800.300000000003,125,370.0,29.5,9128.8,10688.0,4152.0,1527.1,304.5,21,18,85.71,6,14,1,18,0,3,2
81,4,25685.7,95,266.0,31.8,11044.6,10164.0,2970.5,1148.9,357.6,45,32,71.11,6,24,15,44,0,1,1
495,4,25681.7,19,82.0,28.1,19128.8,5409.9,852.0999999999999,233.3,57.699999999999996,36,26,72.22,4,7,25,36,0,0,0
463,5,25575.4,106,325.0,32.3,9240.099999999999,10762.4,3797.6,1423.9,351.3,20,18,90.0,7,8,5,17,1,2,2
362,3,25516.8,132,239.0,34.7,10496.099999999999,9812.3,2916.0,1453.6,838.7,20,16,80.0,4,8,8,16,0,4,0
959,3,25496.5,88,287.0,31.8,11202.0,9473.5,3269.8,1120.8,430.5,28,24,85.71,15,9,4,25,0,3,1
1031,4,25410.800000000003,106,319.0,32.5,10035.4,10133.5,3444.2999999999997,1410.2,387.29999999999995,2,1,50.0,1,0,1,2,0,0,0
926,3,25410.0,62,226.0,31.6,11952.0,9966.3,2664.8,635.8,191.1,37,26,70.27,9,9,19,34,1,2,1
965,3,25388.0,107,246.0,33.9,11001.9,9398.0,2827.4,1408.7,751.9000000000001,54,32,59.26,8,18,28,45,8,1,8
860,5,25381.199999999997,66,197.0,31.9,11890.2,10045.1,2203.2,913.5000000000001,329.29999999999995,32,13,40.62,0,6,26,31,1,0,4
737,6,25328.4,137,317.0,34.6,8642.4,9866.6,3989.1,1877.7,952.5000000000001,9,3,33.33,5,1,3,8,0,1,5
1244,3,25301.800000000003,141,341.0,33.9,8836.8,10233.5,3901.3,1679.6,650.7,9,5,55.56,5,1,3,9,0,0,3
305,4,25237.9,154,289.0,33.8,10010.1,8848.7,3364.7,2036.3999999999999,978.2,21,15,71.43,4,10,7,15,4,2,3
940,3,25207.8,89,252.0,31.6,11383.699999999999,9589.1,2772.4,1075.4,387.20000000000005,33,19,57.58,7,5,21,32,1,0,1
410,4,25147.199999999997,136,274.0,33.8,10096.8,8879.400000000001,3541.1000000000004,1600.5,1029.4,25,18,72.0,5,18,2,14,0,11,4
1087,3,25109.7,90,268.0,31.1,9472.8,10711.5,3193.3,1268.9,463.3,24,12,50.0,8,8,8,20,0,4,3
1195,3,25094.4,129,320.0,32.6,9262.599999999999,9752.2,3729.3,1709.3999999999999,640.8000000000001,26,20,76.92,2,11,13,25,1,0,12
782,3,25040.8,105,309.0,33.7,9549.4,9984.3,3555.3,1450.5,501.2,36,25,69.44,8,8,20,31,4,1,6
717,4,24823.700000000004,65,272.0,30.2,9674.1,10819.3,3083.7000000000003,935.0,311.4,28,21,75.0,11,8,9,27,1,0,2
627,3,24756.999999999996,56,189.0,30.8,10289.0,11410.800000000001,2265.3,638.0,153.8,21,17,80.95,6,10,5,21,0,0,1
1206,3,24481.0,113,313.0,33.7,8220.8,10743.0,3567.4,1448.1,501.90000000000003,22,15,68.18,8,11,3,9,2,11,5
728,4,24453.6,112,334.0,34.8,9183.7,9762.699999999999,3755.7999999999997,1255.1,496.4,17,13,76.47,6,6,5,15,1,1,4
638,4,24421.899999999998,108,233.0,33.3,9197.900000000001,10400.0,2879.1,1333.5,611.5,26,15,57.69,7,11,8,19,3,4,6
1101,4,24380.5,113,345.0,33.9,8466.099999999999,10123.600000000002,3848.0,1388.4,554.5,13,8,61.54,6,5,2,9,0,4,7
1077,4,24265.7,118,211.0,37.2,11317.199999999999,8421.1,2361.3,1237.9,928.0999999999999,26,15,57.69,9,13,4,22,2,2,11
312,4,24246.300000000003,70,261.0,32.1,8631.4,11469.900000000001,3000.1000000000004,896.3,248.5,35,31,88.57,9,16,10,30,0,5,0
612,3,24228.0,61,352.0,30.2,7356.6,11539.7,4255.0,882.0,194.7,32,26,81.25,13,10,9,29,0,3,0
382,3,24212.600000000002,125,385.0,29.8,6536.500000000001,11258.4,4412.3,1527.5,477.8,26,17,65.38,7,5,14,24,2,0,3
1220,4,24114.600000000002,6,26.0,25.5,18499.4,5252.5,296.0,62.599999999999994,4.2,38,14,36.84,3,1,34,38,0,0,0
561,3,24005.4,115,312.0,34.0,8824.4,9584.3,3467.5,1489.1,640.1,7,5,71.43,2,4,1,4,1,2,6
1154,2,24004.0,72,319.0,30.1,7500.3,11371.400000000001,4010.6000000000004,931.5,190.2,52,43,82.69,10,22,20,47,0,5,1
684,3,23909.7,63,269.0,29.3,8266.9,11694.4,3062.6000000000004,785.3,100.1,33,25,75.76,8,13,12,33,0,0,1
918,3,23874.5,97,290.0,32.7,9289.5,9195.6,3693.6000000000004,1196.5,499.4,15,8,53.33,0,11,4,11,1,3,4
1073,4,23863.0,89,283.0,32.6,8399.5,10503.2,3370.7,1103.3,486.1,28,24,85.71,16,6,6,27,1,0,2
735,5,23817.199999999997,128,280.0,35.3,8744.7,8966.6,3582.3999999999996,1565.0,958.4999999999999,12,6,50.0,3,4,5,5,4,3,9
885,5,23794.199999999997,8,40.0,26.7,19359.399999999998,3893.6,439.3,88.4,13.4,36,16,44.44,2,4,30,36,0,0,0
347,3,23793.1,92,227.0,32.6,9178.6,10510.9,2491.6,1182.7,429.3,5,2,40.0,2,1,2,5,0,0,0
895,3,23784.6,94,276.0,32.7,8690.5,10207.3,3084.3,1190.3,612.2,19,12,63.16,9,7,3,14,2,3,4
113,6,23691.8,79,227.0,32.4,10903.1,8705.0,2733.7000000000003,971.4999999999999,378.6,4,3,75.0,2,1,1,4,0,0,0
233,3,23647.5,122,386.0,32.3,7035.0,9828.4,4698.700000000001,1716.7,368.6,35,29,82.86,16,11,8,34,1,0,4
43,3,23625.6,114,296.0,35.2,8566.199999999999,9294.9,3615.3999999999996,1352.6,796.5999999999999,13,9,69.23,2,10,1,10,0,3,6
951,3,23607.5,76,345.0,28.2,6860.799999999999,11884.5,3743.7,1007.8,110.7,12,11,91.67,5,4,3,11,0,1,0
394,3,23576.800000000003,82,227.0,30.9,10289.8,9342.2,2571.8,1118.2,254.70000000000002,23,14,60.87,3,7,13,23,0,0,0
921,3,23536.1,104,194.0,33.2,11289.199999999999,8088.8,2239.6,1271.8000000000002,646.5,36,24,66.67,12,13,11,28,4,4,7
631,3,23492.1,67,285.0,32.0,8475.3,10801.099999999999,3131.5,853.4000000000001,230.9,33,27,81.82,16,13,4,31,0,2,0
1024,3,23444.800000000003,100,341.0,32.3,5884.299999999999,11738.6,3992.7,1406.0,423.2,20,16,80.0,10,8,2,19,0,1,1
423,4,23437.699999999997,136,331.0,32.7,8605.8,8760.4,3844.4,1682.6,544.4,17,7,41.18,7,3,7,14,1,2,3
79,4,23367.399999999998,20,81.0,30.1,15613.400000000001,6510.799999999999,903.3,276.7,63.5,26,11,42.31,4,1,21,26,0,0,0
768,3,23300.300000000003,95,286.0,30.1,8338.2,9918.8,3287.8,1332.3000000000002,423.2,21,12,57.14,6,6,9,17,3,1,3
77,2,23286.4,41,210.0,32.7,8086.0,12278.2,2270.8,549.8,101.6,18,15,83.33,4,10,4,17,0,1,0
246,5,23127.1,9,27.0,25.7,19235.4,3533.7999999999997,270.1,81.2,6.699999999999999,56,20,35.71,2,0,54,56,0,0,0
660,3,23119.9,120,243.0,34.6,9323.3,8510.8,2809.6,1421.1,1055.0,10,7,70.0,7,3,0,7,0,3,1
201,3,23067.3,100,237.0,34.8,7556.1,11084.9,2813.1,1064.7,548.5,1,0,0.0,1,0,0,0,0,1,3
379,3,22856.800000000003,102,338.0,33.0,8172.200000000001,9052.5,3755.3,1271.6,605.1,9,2,22.22,3,4,2,8,0,1,1
374,3,22836.800000000003,76,251.0,29.0,7025.7,11627.1,2983.1,1044.1,156.7,4,2,50.0,3,0,1,4,0,0,0
1152,2,22796.7,81,286.0,30.4,8326.0,9885.5,3364.8,1034.1,186.3,65,51,78.46,14,34,17,58,1,6,5
131,4,22744.1,7,34.0,27.4,17010.1,5312.299999999999,324.6,75.6,21.599999999999998,62,18,29.03,0,2,60,62,0,0,0
941,3,22701.9,67,252.0,32.2,8704.6,10355.0,2551.5,827.3,263.6,25,14,56.0,6,11,8,25,0,0,0
564,3,22699.7,110,287.0,33.7,8681.1,8665.1,3298.6000000000004,1430.1,624.5999999999999,7,6,85.71,2,2,3,7,0,0,0
607,3,22671.3,112,258.0,33.5,7445.4,10700.5,2786.1,1332.6,406.9,2,2,100.0,1,1,0,2,0,0,0
1095,5,22662.800000000003,97,290.0,32.5,8502.1,8969.2,3426.2999999999997,1305.3000000000002,459.79999999999995,19,10,52.63,1,7,11,19,0,0,4
754,4,22567.2,77,201.0,32.4,9797.8,9044.199999999999,2301.8,1011.4000000000001,411.9,30,23,76.67,3,18,9,30,0,0,3
773,4,22528.6,77,226.0,33.6,10468.400000000001,8080.799999999999,2653.4,901.8,424.4,2,2,100.0,1,0,1,2,0,0,1
960,3,22511.2,107,235.0,33.8,8705.8,9165.0,2573.4,1313.6,753.3,26,16,61.54,6,11,9,25,0,1,2
1070,3,22458.5,69,173.0,33.5,8729.300000000001,10359.7,2128.1,829.0999999999999,412.4,18,14,77.78,5,9,4,18,0,0,0
869,4,22291.3,110,321.0,32.1,7445.5,9095.4,3930.1,1408.6000000000001,411.6,17,8,47.06,3,5,9,14,3,0,6
1045,3,22236.4,94,218.0,32.6,9187.1,8950.7,2463.5,1090.5,544.4,30,23,76.67,3,22,5,28,0,2,6
785,3,22180.699999999997,75,181.0,32.9,8938.9,9343.9,2330.5,1049.8,517.6999999999999,23,19,82.61,4,12,7,22,1,0,1
143,3,22053.600000000002,63,270.0,31.2,6938.599999999999,10731.0,3281.3,877.0,225.7,30,25,83.33,12,5,13,24,5,1,3
1139,3,22028.6,70,167.0,33.8,9568.1,9271.1,1992.5,843.9,353.2,43,30,69.77,5,18,20,40,0,3,0
325,3,22011.4,96,263.0,32.6,8252.5,8909.1,2961.2000000000003,1350.6,538.1,10,6,60.0,4,4,2,8,1,1,3
301,4,21888.4,104,270.0,33.3,8754.8,7829.099999999999,3100.0,1332.8,871.5,17,14,82.35,6,8,3,12,1,4,3
1013,3,21779.4,97,268.0,31.2,7457.7,9448.7,2987.5,1239.2999999999997,646.1,29,21,72.41,4,14,11,26,2,1,5
755,4,21588.0,6,35.0,24.2,17305.2,3878.1,337.59999999999997,67.2,0.0,45,18,40.0,3,1,41,45,0,0,0
1235,3,21551.9,95,232.0,34.1,8272.7,8979.0,2682.2,1180.7,437.3,15,6,40.0,3,5,7,13,1,1,3
197,4,21530.299999999996,66,252.0,31.8,6749.8,11099.7,2696.4,782.6,201.6,13,10,76.92,9,4,0,11,0,2,1
277,3,21517.5,117,256.0,33.2,9657.3,7030.3,2996.5,1296.9,536.6,3,0,0.0,3,0,0,3,0,0,1
994,4,21513.6,63,190.0,30.1,9795.400000000001,8550.400000000001,2208.4,829.8,129.7,34,29,85.29,4,16,14,32,0,2,0
183,4,21320.9,9,44.0,25.4,17740.9,3073.6,412.59999999999997,89.6,3.8,81,44,54.32,14,8,59,81,0,0,0
223,3,21226.8,72,212.0,32.5,7821.299999999999,9477.3,2573.4,887.3000000000001,467.6,30,22,73.33,5,15,10,30,0,0,0
1147,2,21211.199999999997,57,153.0,33.8,9654.099999999999,8665.9,1709.6,715.3,466.3,18,13,72.22,3,7,8,17,0,1,1
8,3,21136.9,83,253.0,31.5,7414.9,9432.9,3017.1000000000004,1067.1,204.89999999999998,13,13,100.0,8,4,1,11,0,2,1
1175,3,21107.300000000003,72,239.0,31.8,7841.6,9541.7,2571.0,941.9,211.0,33,24,72.73,12,10,11,33,0,0,0
982,2,21051.5,70,258.0,29.2,7332.5,9508.8,3047.9,927.3,234.89999999999998,5,0,0.0,2,0,3,5,0,0,0
1112,4,21047.5,117,321.0,31.3,7742.199999999999,7796.299999999999,3445.2999999999997,1582.6000000000001,481.09999999999997,17,12,70.59,6,8,3,15,0,2,2
984,3,21035.899999999998,86,203.0,32.1,8674.8,8389.6,2258.5,1025.4,687.7,29,20,68.97,6,10,13,28,1,0,2
646,3,21029.2,53,202.0,30.2,7932.400000000001,9842.0,2466.1,639.1999999999999,149.6,45,30,66.67,5,22,18,44,1,0,1
56,2,20985.3,121,279.0,32.8,6637.3,9326.2,3042.9,1365.0,614.0,14,8,57.14,0,7,7,12,2,0,9
567,3,20980.7,113,246.0,34.4,8704.5,7327.7,2690.8999999999996,1522.8999999999999,734.9000000000001,11,8,72.73,2,6,3,9,0,2,2
943,3,20967.4,85,326.0,30.3,6367.9,9285.3,3882.1,1230.1,202.2,21,11,52.38,3,8,10,19,1,1,1
800,3,20963.6,110,334.0,31.7,6897.5,8361.3,3571.3,1541.3000000000002,592.0999999999999,15,11,73.33,7,2,6,15,0,0,2
979,3,20888.7,96,200.0,34.3,8371.9,8236.1,2391.8,1226.5,662.5999999999999,8,4,50.0,3,4,1,3,1,4,7
93,2,20886.4,58,212.0,32.1,7922.6,9893.1,2165.6,718.8,186.2,37,28,75.68,7,17,13,36,0,1,0
492,7,20751.2,105,300.0,30.8,6309.0,8917.4,3520.0,1444.6999999999998,560.1,23,17,73.91,5,13,5,21,0,2,2
1015,4,20708.6,7,36.0,25.7,16214.9,4012.5000000000005,377.2,100.6,3.4,83,34,40.96,8,3,72,83,0,0,0
72,3,20702.1,94,322.0,29.8,7065.300000000001,8590.8,3517.2000000000003,1295.6,233.3,22,13,59.09,7,11,4,16,1,5,5
468,3,20672.4,86,220.0,34.1,8461.5,8361.1,2427.5,1094.7,327.70000000000005,28,20,71.43,4,15,9,27,1,0,1
1246,2,20671.1,107,233.0,32.2,7585.4,8469.4,2788.6000000000004,1348.0,479.7,15,7,46.67,4,4,7,12,1,2,2
217,4,20615.1,96,216.0,31.8,8703.8,7854.6,2334.6000000000004,1156.9,565.2,1,0,0.0,0,0,1,1,0,0,0
285,3,20579.4,86,297.0,31.3,6364.999999999999,9557.3,3254.8,1162.6,239.79999999999998,8,6,75.0,6,0,2,7,0,1,2
1090,4,20520.699999999997,94,251.0,32.8,7502.4,8312.2,2881.5,1312.3000000000002,512.4,17,11,64.71,4,9,4,12,0,5,4
1122,2,20477.2,66,199.0,30.7,8182.3,8711.3,2329.5,888.4000000000001,365.8,32,23,71.88,5,17,10,32,0,0,2
625,4,20433.2,5,38.0,25.7,14563.099999999999,5453.4,350.20000000000005,59.3,7.2,48,21,43.75,8,1,39,48,0,0,0
431,3,20427.2,76,252.0,31.2,7371.6,8904.5,2711.2000000000003,1099.6,340.20000000000005,27,19,70.37,5,7,15,25,1,1,2
118,3,20237.3,101,232.0,33.7,7366.8,8444.800000000001,2639.0,1162.8,624.0,16,10,62.5,3,6,7,9,3,4,7
1191,3,20225.8,102,195.0,32.2,9665.9,6581.200000000001,2418.0,1107.3,453.4,3,1,33.33,0,0,3,3,0,0,0
89,3,20132.0,86,213.0,30.1,7812.6,8614.4,2423.1,1065.7,216.3,5,2,40.0,2,1,2,5,0,0,0
151,2,20111.1,63,186.0,29.1,8478.099999999999,8524.1,2080.6,868.0,160.39999999999998,38,29,76.32,9,18,11,38,0,0,0
287,4,19966.100000000002,5,16.0,26.2,15949.399999999998,3689.3,216.79999999999998,105.39999999999999,5.2,61,32,52.46,5,2,54,61,0,0,0
1158,2,19876.1,59,165.0,31.5,8822.1,8032.299999999999,1906.6,786.8,328.29999999999995,45,39,86.67,5,30,10,40,4,1,6
654,2,19848.6,75,206.0,32.4,7695.1,8791.6,2143.5,845.4000000000001,373.0,31,19,61.29,6,11,14,31,0,0,0
141,3,19815.800000000003,57,201.0,30.1,9185.7,7246.200000000001,2368.4,863.8,151.79999999999998,8,5,62.5,2,5,1,7,1,0,2
240,5,19796.199999999997,111,290.0,31.8,7308.799999999999,7226.7,3484.2,1350.2,426.40000000000003,10,7,70.0,5,2,3,9,0,1,2
967,2,19774.9,45,173.0,32.4,8756.3,8399.2,1846.9,550.1,222.5,25,20,80.0,2,10,13,25,0,0,0
1240,2,19762.0,57,191.0,32.5,8348.5,8244.5,2184.1000000000004,714.7,270.1,23,19,82.61,9,8,6,22,0,1,0
388,3,19628.1,108,321.0,29.9,5676.6,8333.2,3755.2,1528.3,334.8,21,14,66.67,5,9,7,17,2,2,4
1164,2,19552.4,101,218.0,32.1,7267.9,7930.8,2607.3,1255.2,491.3,54,46,85.19,9,35,10,50,1,3,4
61,3,19508.1,79,217.0,35.8,7199.6,8418.4,2478.1,842.8,569.0,3,2,66.67,2,1,0,2,0,1,2
263,2,19496.8,60,211.0,32.8,8167.8,7804.3,2443.0,778.3,303.5,17,10,58.82,3,6,8,17,0,0,0
373,3,19420.5,94,251.0,32.7,6876.299999999999,8423.2,2690.3,1051.5,379.29999999999995,6,4,66.67,4,2,0,4,0,2,1
753,2,19377.5,62,154.0,32.8,8246.9,8168.4,1906.9,708.0999999999999,347.1,26,22,84.62,1,21,4,26,0,0,0
1029,4,19309.7,108,193.0,34.1,8062.400000000001,6776.3,2356.8,1202.6,911.5999999999999,5,2,40.0,2,3,0,3,1,1,2
849,3,19207.300000000003,110,236.0,33.2,5877.7,8274.6,2948.8999999999996,1398.0,708.2,2,2,100.0,1,1,0,2,0,0,0
219,3,19176.6,114,243.0,33.8,6782.6,7513.3,2812.6000000000004,1306.2,762.0,23,13,56.52,6,13,4,14,2,7,10
568,2,19174.4,82,209.0,33.5,7607.5,7763.6,2221.6000000000004,1075.0,506.7,20,15,75.0,3,8,9,16,0,4,2
358,2,19154.2,97,191.0,32.5,7897.900000000001,7400.799999999999,2250.5,1199.3000000000002,405.7,30,19,63.33,8,7,15,28,0,2,1
70,4,19047.7,5,23.0,24.0,15445.599999999999,3103.2,363.09999999999997,135.9,0.0,54,20,37.04,0,5,49,54,0,0,0
1179,3,19040.300000000003,93,190.0,34.8,7843.799999999999,6994.4,2322.3999999999996,1151.1,728.7,6,5,83.33,0,4,2,5,0,1,3
1076,4,18972.6,104,282.0,31.5,5157.2,8619.4,3305.5,1301.8999999999999,588.9,12,8,66.67,6,4,2,11,1,0,3
261,4,18909.7,7,37.0,26.7,14683.400000000001,3785.4,346.2,87.7,6.7,51,14,27.45,3,1,47,51,0,0,0
772,3,18907.0,81,178.0,31.6,8058.1,7497.699999999999,2058.4,995.8000000000001,297.1,6,4,66.67,0,6,0,4,1,1,8
663,3,18861.5,87,328.0,30.1,5337.8,8422.0,3736.2,1188.8,176.70000000000002,14,9,64.29,3,2,9,9,4,1,3
732,3,18860.9,81,263.0,32.4,6389.8,8138.599999999999,3005.7,1036.3000000000002,290.6,24,22,91.67,5,13,6,24,0,0,0
267,3,18838.4,74,243.0,32.4,5683.2,8952.599999999999,2773.0,1080.2,349.79999999999995,19,14,73.68,4,9,6,11,4,4,9
535,3,18829.1,74,262.0,29.2,5852.299999999999,8671.6,3028.0999999999995,1063.0,214.0,9,6,66.67,3,2,4,9,0,0,4
316,4,18796.0,88,238.0,34.1,7623.7,6435.799999999999,2954.6000000000004,1252.8,529.2,33,24,72.73,3,15,15,32,0,1,0
626,4,18767.6,72,195.0,32.6,7438.0,7867.0,2227.6,968.9000000000001,266.1,26,11,42.31,7,4,15,24,2,0,5
879,4,18764.8,69,185.0,31.2,6814.9,8383.7,2607.1,761.1,198.1,7,1,14.29,0,0,7,7,0,0,0
683,3,18757.4,96,169.0,35.2,7483.1,7422.5,1901.0,1220.3000000000002,730.3000000000001,8,6,75.0,3,4,1,7,1,0,0
323,3,18722.2,94,180.0,32.1,6964.1,8176.9,1967.6000000000001,1180.9,432.9,2,0,0.0,0,1,1,2,0,0,0
661,3,18713.3,98,275.0,34.5,5814.9,8297.5,2944.7,1227.7,428.2,4,3,75.0,2,1,1,3,0,1,1
759,3,18580.300000000003,49,136.0,33.4,7380.8,8661.1,1583.1,600.7,354.5,32,23,71.88,3,22,7,31,1,0,1
1131,3,18577.4,49,218.0,28.7,5961.599999999999,8987.300000000001,2695.0,826.8000000000001,106.8,5,3,60.0,1,0,4,5,0,0,1
1008,4,18570.1,104,191.0,34.7,7443.5,7010.3,2199.2,1106.6,810.5,12,6,50.0,0,9,3,4,4,4,8
901,5,18513.5,75,188.0,34.9,9010.300000000001,5877.799999999999,2097.6000000000004,918.2,609.9000000000001,28,21,75.0,6,19,3,16,1,11,8
845,2,18498.800000000003,63,205.0,31.7,7311.0,7654.2,2398.4,877.5,257.7,38,27,71.05,10,14,14,37,0,1,0
178,4,18477.899999999998,87,216.0,34.1,6967.9,7201.700000000001,2585.1,1016.9000000000001,706.3,14,13,92.86,8,3,3,14,0,0,3
810,5,18420.0,45,165.0,31.8,7423.9,8247.8,1922.5,588.0999999999999,237.4,27,20,74.07,8,6,13,27,0,0,0
834,2,18333.6,64,180.0,32.9,6979.299999999999,8048.8,1997.4,912.9,395.3,11,9,81.82,0,9,2,11,0,0,0
930,3,18274.0,80,312.0,29.5,5839.6,7283.2,3888.4,1061.8,201.0,10,7,70.0,3,3,4,10,0,0,0
1009,3,18234.4,92,221.0,33.3,6288.0,7791.6,2493.6,1132.4,528.6,14,11,78.57,5,7,2,12,0,2,1
291,2,18230.2,65,173.0,34.4,7460.2,7499.700000000001,2098.1,765.6,406.70000000000005,38,29,76.32,3,24,11,32,0,6,1
376,2,18226.2,53,204.0,28.7,6129.7,8678.5,2561.1,767.0999999999999,89.80000000000001,12,8,66.67,4,3,5,8,0,4,1
601,2,18211.300000000003,71,179.0,32.1,7272.099999999999,7472.700000000001,2126.9,840.5999999999999,499.1,14,9,64.29,2,6,6,11,0,3,2
203,4,18106.0,86,185.0,31.3,6782.8,7901.2,2083.7000000000003,1017.9,320.5,7,4,57.14,3,2,2,6,0,1,1
543,2,18059.8,39,147.0,31.8,8483.4,7267.1,1655.7,499.9,153.7,28,19,67.86,10,7,11,28,0,0,0
548,3,18006.5,86,247.0,30.2,6494.4,7234.1,2673.6000000000004,1253.8,350.79999999999995,13,9,69.23,0,7,6,12,0,1,2
566,3,17982.7,61,210.0,30.5,5662.8,8910.099999999999,2255.5,897.1,257.1,0,0,0.0,0,0,0,0,0,0,0
386,3,17938.8,57,264.0,28.5,4919.799999999999,8710.5,3169.8,941.7,196.9,12,10,83.33,7,2,3,12,0,0,0
94,2,17929.9,76,189.0,31.7,5979.0,8197.8,2204.2,935.9000000000001,613.0,12,11,91.67,2,7,3,11,1,0,6
231,3,17924.0,75,265.0,32.1,5437.599999999999,7898.599999999999,3221.4,1051.1,315.4,19,12,63.16,7,4,8,17,2,0,4
199,3,17802.4,90,207.0,29.8,6066.8,7570.299999999999,2522.1,1199.1999999999998,444.2,5,1,20.0,0,3,2,3,1,1,2
269,2,17763.300000000003,112,210.0,33.2,5591.1,8130.1,2414.0,1237.8,390.2,17,4,23.53,4,10,3,9,2,6,10
928,2,17683.3,70,215.0,31.9,6562.8,7398.5,2420.3,962.0999999999999,339.9,13,7,53.85,0,7,6,13,0,0,3
910,4,17531.899999999998,87,201.0,33.4,6498.400000000001,6698.8,2589.2,1124.3,621.0,10,8,80.0,1,7,2,5,2,3,5
963,3,17506.0,6,29.0,24.4,13417.2,3655.1,368.5,65.1,0.0,46,24,52.17,1,2,43,46,0,0,0
367,2,17483.199999999997,58,203.0,32.5,6355.9,7686.7,2429.0,744.1,267.6,22,16,72.73,6,8,8,22,0,0,0
14,3,17473.0,79,248.0,29.8,4727.1,8362.7,2984.2000000000003,1167.8999999999999,231.20000000000002,19,17,89.47,5,6,8,18,0,1,0
520,4,17404.3,59,205.0,28.9,6379.9,7739.1,2348.7,809.4000000000001,127.10000000000001,5,2,40.0,3,1,1,4,1,0,2
871,4,17328.1,37,123.0,31.7,8264.400000000001,6979.5,1471.1999999999998,445.29999999999995,167.79999999999998,12,8,66.67,2,3,7,12,0,0,1
313,4,17297.8,5,30.0,26.9,14319.0,2610.8999999999996,282.1,79.6,6.2,44,17,38.64,2,0,42,44,0,0,0
341,2,17250.2,71,151.0,32.5,7242.8,7065.6,1759.5,739.1,443.40000000000003,19,12,63.16,9,3,7,18,0,1,0
972,3,17235.0,75,192.0,33.8,6229.8,7358.8,2408.5,988.1,249.8,6,3,50.0,2,3,1,6,0,0,0
962,3,17130.5,87,212.0,31.3,5813.6,7428.0,2443.8,1082.9,361.9,16,8,50.0,3,4,9,15,1,0,3
915,3,17053.100000000002,55,232.0,28.5,5948.3,7728.5,2505.0,757.9,113.5,4,2,50.0,2,1,1,4,0,0,0
391,4,17029.0,3,25.0,21.6,13872.699999999999,2872.5000000000005,258.7,25.0,0.0,53,21,39.62,3,3,47,53,0,0,0
216,2,16975.1,44,198.0,28.5,6005.0,7759.3,2287.3,750.4,172.9,33,25,75.76,10,20,3,30,1,2,2
1160,2,16926.0,43,156.0,32.3,6692.7,7478.5,1884.7,604.5,265.7,25,20,80.0,13,6,6,22,0,3,1
1082,2,16847.0,48,199.0,31.3,5288.6,8501.1,2284.8999999999996,625.5,146.8,10,8,80.0,3,3,4,9,0,1,0
527,4,16816.6,93,211.0,32.9,6309.6,6320.0,2578.7,1156.7,451.7,18,10,55.56,3,11,4,6,2,10,5
602,2,16808.0,49,179.0,31.9,6375.9,7566.3,2074.2,516.2,275.4,21,13,61.9,6,1,14,21,0,0,0
774,4,16774.699999999997,57,228.0,29.7,4912.9,8233.5,2725.5,736.5,166.2,23,18,78.26,5,8,10,22,1,0,0
1057,6,16643.7,116,185.0,33.9,6317.8,6357.9,2108.4,1222.7,636.7,10,7,70.0,2,7,1,4,1,5,8
886,4,16630.4,79,196.0,35.9,6069.9,6585.9,2237.7,1033.7,703.3,35,28,80.0,7,23,5,30,1,4,5
939,3,16522.0,54,145.0,31.6,7893.9,6103.8,1575.3000000000002,769.6,179.39999999999998,16,12,75.0,2,3,11,15,0,1,0
985,3,16438.5,56,188.0,29.2,5484.400000000001,7720.4,2210.3,898.7,124.7,21,20,95.24,9,10,2,18,1,2,2
327,4,16317.2,78,218.0,31.9,6134.4,6305.8,2381.6000000000004,1163.4,332.4,9,9,100.0,4,3,2,9,0,0,0
1205,4,16248.2,96,211.0,33.2,5017.6,6934.999999999999,2544.2999999999997,1230.4,520.9,3,2,66.67,0,2,1,2,0,1,1
622,2,16240.5,58,243.0,30.8,4294.1,7898.099999999999,2966.3,779.9,302.3,15,9,60.0,11,2,2,14,0,1,0
1225,2,16085.9,87,228.0,32.4,5900.900000000001,6055.6,2635.8999999999996,1057.5,435.9,16,5,31.25,4,4,8,12,3,1,4
991,2,16073.9,44,167.0,31.1,6950.400000000001,6326.5,2008.5,589.2,199.2,23,17,73.91,4,6,13,22,0,1,0
894,4,16062.699999999999,79,253.0,29.6,4644.5,7035.3,3061.4,1104.0,217.6,7,6,85.71,2,4,1,7,0,0,0
381,3,16011.2,88,228.0,33.3,4832.799999999999,6749.299999999999,2914.4,1102.6,412.20000000000005,12,10,83.33,3,7,2,11,0,1,2
911,3,16005.9,2,20.0,26.8,12800.8,3008.2,171.70000000000002,16.4,8.9,52,14,26.92,3,1,48,52,0,0,0
923,2,15912.3,55,170.0,32.1,6620.1,6510.299999999999,1935.0,648.5,198.3,15,3,20.0,1,3,11,14,1,0,1
1241,2,15858.1,96,216.0,29.9,5782.299999999999,6077.4,2431.8,1241.2,325.3,16,9,56.25,5,6,5,13,3,0,4
1155,2,15842.5,42,142.0,31.8,7082.5,6438.799999999999,1671.2,495.6,154.29999999999998,18,12,66.67,4,13,1,13,2,3,7
222,5,15826.6,106,202.0,34.2,5057.9,6133.4,2575.1000000000004,1434.8,625.1999999999999,17,11,64.71,0,5,12,12,4,1,19
167,2,15809.5,108,189.0,33.3,5666.2,5747.6,2308.0,1299.0,788.7,7,3,42.86,2,4,1,4,0,3,3
254,4,15790.3,45,185.0,31.0,6533.700000000001,6411.300000000001,2037.9,674.1,133.2,44,35,79.55,13,9,22,40,4,0,4
85,4,15762.800000000001,57,156.0,31.8,7017.4,6100.900000000001,1758.4,689.1999999999999,197.0,1,1,100.0,0,1,0,1,0,0,1
1129,3,15753.9,65,185.0,31.0,5040.0,7238.5,2206.2,900.5,368.70000000000005,3,2,66.67,1,1,1,2,1,0,0
615,2,15703.599999999999,92,252.0,29.6,4532.700000000001,6645.3,3034.3,1244.2,247.1,9,7,77.78,2,4,3,8,1,0,3
677,3,15687.0,14,37.0,26.9,11625.8,3490.1,407.1,147.39999999999998,16.7,39,12,30.77,3,0,36,39,0,0,0
339,3,15611.7,1,15.0,24.6,13299.400000000001,2110.3,182.2,19.8,0.0,50,16,32.0,1,0,49,50,0,0,0
384,2,15481.6,69,162.0,30.4,5666.299999999999,6645.5,1956.3000000000002,943.7,269.7,12,9,75.0,5,2,5,9,1,2,2
1126,2,15480.5,86,199.0,32.3,4302.6,7313.0,2217.5,1249.9,397.7,1,1,100.0,0,1,0,1,0,0,1
609,3,15459.2,78,215.0,32.0,5475.200000000001,6387.299999999999,2293.8,992.8,310.1,2,2,100.0,1,1,0,2,0,0,1
509,2,15443.5,40,158.0,31.9,5777.0,7158.700000000001,1821.0,477.3,209.4,34,30,88.24,7,17,10,33,0,1,0
6,3,15442.7,54,201.0,30.3,4476.8,7622.799999999999,2334.0,823.4000000000001,185.7,25,22,88.0,10,10,5,25,0,0,0
428,2,15396.8,62,184.0,32.9,6077.6,5857.1,2307.7,867.8,286.5,27,23,85.19,4,16,7,14,1,12,9
1210,4,15338.4,65,231.0,31.0,4862.4,6595.700000000001,2806.7000000000003,839.5,233.89999999999998,30,22,73.33,10,7,13,30,0,0,0
1151,2,15234.1,73,147.0,32.4,6520.6,5907.2,1597.8,854.9000000000001,353.59999999999997,1,0,0.0,0,0,1,1,0,0,2
401,4,15137.699999999999,89,187.0,33.4,5893.4,5477.9,2383.2,1004.3,378.79999999999995,5,4,80.0,2,1,2,4,0,1,1
854,3,15112.2,11,31.0,24.8,11678.7,2984.1000000000004,338.8,110.7,0.0,44,18,40.91,5,5,34,44,0,0,0
710,3,15056.3,87,232.0,31.4,4489.8,6175.700000000001,2892.6000000000004,1051.8000000000002,446.29999999999995,24,19,79.17,5,12,7,23,1,0,3
470,5,15037.900000000001,78,166.0,33.5,5266.7,6324.2,1915.5,1018.2,513.4,20,17,85.0,3,17,0,19,0,1,3
73,2,15035.6,33,147.0,34.2,6157.9,6431.200000000001,1819.0,430.4,197.3,18,13,72.22,3,8,7,17,0,1,0
694,3,15016.2,64,158.0,29.7,6080.7,6232.299999999999,1760.5,739.8000000000001,202.8,2,1,50.0,1,0,1,1,0,1,1
542,2,14795.9,75,172.0,33.2,5964.6,5701.299999999999,2024.6,835.2,270.3,12,9,75.0,2,7,3,8,1,3,4
585,2,14749.2,27,123.0,28.1,6518.7,6383.299999999999,1384.1,383.6,79.5,10,9,90.0,2,3,5,8,0,2,0
933,2,14695.9,30,208.0,29.0,4408.8,7227.0,2671.9,346.8,41.4,8,3,37.5,1,4,3,7,0,1,0
1001,3,14673.1,74,188.0,32.6,4980.2,6373.5,2102.8,785.1,431.6,12,8,66.67,3,9,0,10,0,2,2
743,5,14604.1,85,216.0,33.1,3880.0,6653.4,2642.4,1132.3,296.20000000000005,14,11,78.57,5,5,4,14,0,0,0
686,2,14542.7,85,205.0,29.4,4899.700000000001,5971.7,2327.7,1058.1999999999998,285.5,8,5,62.5,3,2,3,8,0,0,1
1037,3,14495.8,57,181.0,28.6,5294.7,6283.0,2084.7,719.1,114.3,12,8,66.67,5,3,4,12,0,0,0
365,3,14358.5,2,19.0,23.4,11250.4,2914.0,168.0,26.200000000000003,0.0,48,17,35.42,1,1,46,48,0,0,0
189,2,14327.599999999999,61,190.0,28.9,6443.700000000001,4971.799999999999,1938.8,802.5,171.0,9,6,66.67,3,3,3,7,1,1,1
973,3,14260.2,53,208.0,31.4,3697.3,6963.9,2707.2,683.8,208.10000000000002,5,5,100.0,2,2,1,4,1,0,1
1162,2,14101.9,50,133.0,31.5,5312.2,5944.3,1631.5,663.4,550.5,16,15,93.75,0,13,3,15,0,1,5
486,2,14041.3,63,182.0,33.0,4797.8,5957.400000000001,2287.5,780.2,218.3,15,14,93.33,7,8,0,15,0,0,1
407,4,14040.900000000001,61,144.0,33.2,5366.200000000001,5702.799999999999,1707.8000000000002,677.0999999999999,586.8,13,7,53.85,0,7,6,12,0,1,8
175,4,13958.5,57,103.0,33.9,6536.700000000001,4932.4,1345.1999999999998,672.9000000000001,471.70000000000005,7,4,57.14,3,3,1,6,0,1,1
208,3,13847.3,68,179.0,32.3,4552.0,5994.9,2035.1,786.1,479.29999999999995,5,4,80.0,1,4,0,4,0,1,1
516,2,13697.699999999999,85,198.0,33.7,4922.7,4736.6,2370.8,1084.6,583.0999999999999,18,10,55.56,5,4,9,15,2,1,10
13,3,13663.5,77,158.0,32.6,5203.9,4857.7,2043.5,1054.5,504.09999999999997,14,10,71.43,8,5,1,12,0,2,0
924,2,13626.2,57,157.0,32.6,5155.3,5710.200000000001,1658.8999999999999,702.9,398.90000000000003,14,10,71.43,1,7,6,13,1,0,3
1239,2,13625.5,63,184.0,32.3,4541.4,5966.4,2105.6,855.8,156.39999999999998,5,3,60.0,3,1,1,5,0,0,3
651,3,13586.5,2,9.0,23.5,11637.5,1836.6000000000001,92.10000000000001,20.4,0.0,35,12,34.29,1,1,33,35,0,0,0
128,4,13465.8,44,146.0,32.1,4620.4,6128.0,1934.9,600.4,182.10000000000002,15,12,80.0,7,7,1,14,0,1,0
628,2,13382.2,34,116.0,30.9,5460.1,5970.700000000001,1410.0,389.4,151.9,9,7,77.78,2,3,4,9,0,0,0
23,3,13382.099999999999,13,42.0,27.8,10055.4,2742.1000000000004,450.2,114.1,20.4,22,10,45.45,3,3,16,22,0,0,0
573,3,13335.8,0,19.0,21.5,11776.7,1378.8,171.0,9.3,0.0,49,24,48.98,2,4,43,49,0,0,0
689,2,13302.6,68,151.0,32.4,4414.1,5667.1,1862.3000000000002,914.9000000000001,444.20000000000005,12,10,83.33,1,5,6,9,1,2,9
557,3,13276.7,67,145.0,32.0,5202.4,5025.0,1775.1000000000001,914.9,359.4,9,5,55.56,2,5,2,4,2,3,4
338,2,13217.900000000001,61,160.0,31.4,4708.4,5588.1,1894.1999999999998,850.8,176.3,4,2,50.0,2,0,2,4,0,0,0
784,3,13159.900000000001,48,152.0,31.7,4150.8,6155.400000000001,1746.3,788.6,318.8,26,16,61.54,5,14,7,26,0,0,0
922,2,13129.5,30,205.0,28.1,4424.8,5720.700000000001,2441.5,443.6,98.7,21,18,85.71,9,5,7,21,0,0,0
1074,3,13088.5,63,149.0,31.9,4364.3,5919.8,1665.8,825.0,313.6,16,9,56.25,5,4,7,16,0,0,1
781,3,13059.6,2,19.0,24.0,10449.5,2387.5,205.7,16.9,0.0,42,22,52.38,3,2,37,42,0,0,0
298,3,13009.5,63,154.0,33.2,4590.0,5261.4,1944.9,758.0999999999999,455.20000000000005,4,2,50.0,2,2,0,4,0,0,1
803,3,13002.6,78,216.0,30.5,3874.3,5201.7,2647.7000000000003,1051.8,226.9,6,3,50.0,1,4,1,5,1,0,1
336,3,12958.399999999998,82,142.0,33.3,4206.5,5442.4,1748.6999999999998,1088.3999999999999,472.6,15,10,66.67,2,8,5,8,1,6,11
687,3,12925.6,62,144.0,30.1,4923.5,5323.5,1647.0,742.8,288.8,10,7,70.0,1,7,2,9,0,1,1
562,3,12922.599999999999,60,120.0,32.2,5494.2,5025.7,1365.3,750.9000000000001,286.3,5,2,40.0,4,1,0,4,0,1,0
547,3,12868.600000000002,4,16.0,23.6,10398.7,2248.6,179.0,42.400000000000006,0.0,51,18,35.29,0,2,49,51,0,0,0
539,2,12856.7,64,117.0,33.5,6039.700000000001,4269.0,1337.9,830.7,379.4,5,4,80.0,1,4,0,4,0,1,4
957,3,12844.1,1,15.0,24.1,10650.2,2055.2,123.4,15.4,0.0,44,14,31.82,2,0,42,44,0,0,0
332,3,12766.8,73,164.0,30.5,4292.599999999999,5378.5,1913.9,901.4999999999999,280.29999999999995,2,1,50.0,1,1,0,0,0,2,0
616,2,12557.8,54,126.0,31.2,5731.6,4519.5,1424.6,573.5,308.8,3,2,66.67,1,0,2,3,0,0,0
1011,3,12541.4,4,15.0,23.5,9928.7,2424.9,156.0,32.0,0.0,44,19,43.18,2,2,40,44,0,0,0
502,3,12495.0,49,140.0,33.7,5217.3,4456.8,1766.6999999999998,613.4,440.7,7,6,85.71,3,3,1,6,0,1,1
593,1,12481.9,53,191.0,28.1,3799.0,5706.0,2110.4,763.9,102.5,6,3,50.0,3,2,1,6,0,0,0
190,2,12421.7,58,122.0,32.1,4937.400000000001,4965.6,1479.5,708.6,330.6,23,18,78.26,4,9,10,20,0,3,4
882,2,12413.400000000001,57,169.0,34.7,4294.3,5105.4,1866.4,764.8,382.6,2,1,50.0,0,1,1,2,0,0,0
28,2,12320.2,33,118.0,32.5,4689.8,5707.4,1375.6,417.3,130.2,13,9,69.23,5,7,1,13,0,0,0
11,3,12312.8,60,151.0,29.4,4822.1,4934.2,1703.6999999999998,694.9000000000001,157.70000000000002,9,6,66.67,2,5,2,7,0,2,0
968,2,12307.0,65,119.0,33.4,4868.7,4880.2,1471.8000000000002,695.3,391.0,12,7,58.33,2,4,6,12,0,0,7
925,2,12292.3,66,176.0,30.4,3555.3999999999996,5170.200000000001,2132.5,974.5,459.9,7,3,42.86,4,1,2,6,0,1,0
592,3,12254.2,47,168.0,28.9,4240.5,5223.0,1950.0,691.2,149.60000000000002,4,1,25.0,1,1,2,4,0,0,2
126,4,12229.4,64,141.0,32.7,4132.4,4932.4,1843.9,889.5,431.0,12,10,83.33,4,6,2,9,1,2,2
799,3,12151.199999999999,74,160.0,32.4,4379.9,4307.900000000001,1921.5,966.6,575.3,10,5,50.0,2,7,1,7,0,3,1
1177,3,12114.6,65,174.0,29.9,3995.9000000000005,4896.0,2004.3,934.8,283.59999999999997,16,11,68.75,7,2,7,16,0,0,1
1094,3,12070.1,44,150.0,31.9,4641.700000000001,5125.6,1533.3,559.3,210.20000000000002,14,7,50.0,3,2,9,12,1,1,3
544,3,12051.4,60,148.0,33.3,4694.700000000001,4529.4,1844.1,744.2,238.90000000000003,6,4,66.67,3,2,1,3,0,3,0
88,2,11799.4,41,142.0,29.9,4419.2,5056.1,1662.2,527.4,134.6,18,15,83.33,2,10,6,17,0,1,1
817,2,11703.6,47,120.0,31.1,5139.7,4380.2,1298.0,647.5,238.3,2,0,0.0,1,0,1,2,0,0,0
292,2,11627.7,54,168.0,31.8,3744.7,4742.5,2095.6,773.8,271.2,7,4,57.14,5,2,0,7,0,0,0
95,3,11569.9,58,160.0,30.7,3907.7,4796.9,1759.6,762.2,343.2,9,7,77.78,4,5,0,7,0,2,0
1115,4,11529.4,40,125.0,31.7,4136.5,5127.5,1514.1,499.29999999999995,252.10000000000002,4,2,50.0,2,1,1,2,0,2,0
575,2,11464.3,48,134.0,28.2,4099.4,5065.2,1563.6999999999998,606.8,129.2,8,2,25.0,1,2,5,7,0,1,2
1248,2,11462.9,39,125.0,30.8,4280.3,5268.9,1348.1,481.59999999999997,83.9,20,10,50.0,2,6,12,19,0,1,0
62,2,11460.4,58,183.0,30.2,3238.8,5063.6,2129.3,778.2,250.6,4,1,25.0,0,0,4,2,2,0,3
1165,2,11296.8,53,127.0,34.3,4058.6,4735.4,1506.8000000000002,663.9,332.0,14,9,64.29,0,10,4,4,3,7,15
744,3,11281.3,43,121.0,28.6,4195.7,4578.4,1691.5,642.7,173.2,9,5,55.56,1,2,6,9,0,0,1
825,1,11185.0,39,127.0,29.1,3584.6,5313.6,1533.3,584.2,169.2,11,10,90.91,8,3,0,10,0,1,0
713,4,11184.4,40,140.0,32.1,4420.3,4556.3,1433.2,515.3,259.2,0,0,0.0,0,0,0,0,0,0,0
206,1,11150.2,74,134.0,32.2,3632.8,4332.9,1593.9,1013.4,577.3,12,9,75.0,2,7,3,12,0,0,3
1144,3,11128.5,55,146.0,32.9,4016.8999999999996,4499.5,1660.3000000000002,753.6,198.4,1,0,0.0,0,1,0,0,1,0,3
1193,3,11069.0,7,22.0,29.7,9076.9,1655.9,242.10000000000002,69.1,25.3,22,11,50.0,1,1,20,22,0,0,0
397,2,11017.3,70,144.0,30.8,3929.9,4044.4,1722.3999999999999,914.0,406.5,18,11,61.11,4,8,6,17,1,0,3
138,2,10900.900000000001,62,142.0,30.7,3555.3,4520.8,1732.8999999999999,806.4,285.7,8,4,50.0,4,0,4,7,0,1,0
370,1,10873.7,46,141.0,34.0,4076.3,4497.6,1553.7,536.0,210.1,10,6,60.0,2,4,4,10,0,0,0
536,3,10835.099999999999,2,8.0,26.6,9084.0,1623.0,97.9,21.7,8.4,29,14,48.28,2,0,27,29,0,0,0
1163,2,10803.4,52,101.0,31.7,4080.0,4552.799999999999,1386.0,568.4,216.0,8,6,75.0,3,3,2,5,2,1,2
955,3,10727.0,70,170.0,31.6,3411.3999999999996,4143.799999999999,1886.0,1006.4999999999999,279.2,4,3,75.0,1,3,0,3,0,1,1
1049,2,10707.9,45,122.0,29.9,3029.9,5510.900000000001,1354.0,557.2,255.8,3,2,66.67,1,0,2,2,1,0,2
299,1,10698.4,55,142.0,30.8,3795.7,4588.1,1469.0,657.0,188.6,30,24,80.0,2,20,8,29,1,0,1
156,3,10657.1,57,155.0,31.3,3455.7,4256.8,1928.7,678.1,337.8,8,3,37.5,2,0,6,7,1,0,1
255,3,10645.9,67,143.0,29.8,3731.0,4122.6,1655.5,911.8,224.89999999999998,7,4,57.14,1,1,5,4,1,2,3
949,2,10603.699999999999,56,105.0,32.6,3825.7000000000003,4593.4,1273.1,592.3,319.4,15,11,73.33,5,5,5,14,0,1,0
310,3,10594.6,53,131.0,34.6,3336.4,4610.7,1706.7,584.0,356.7,5,1,20.0,2,0,3,3,1,1,4
1067,2,10559.2,8,17.0,27.7,7976.5,2263.0,232.7,76.8,10.3,43,16,37.21,1,4,38,43,0,0,0
1167,2,10556.0,9,44.0,28.8,7787.2,2179.4,468.70000000000005,89.4,31.4,10,5,50.0,1,2,7,10,0,0,0
385,1,10486.6,34,114.0,29.2,4054.0,4606.6,1309.3,428.2,88.3,17,11,64.71,6,3,8,15,0,2,4
349,2,10361.2,55,145.0,31.3,2917.0,4532.3,1735.1,799.4,377.5,12,7,58.33,2,4,6,10,2,0,2
1005,2,10328.8,44,157.0,28.9,3374.2999999999997,4226.5,1947.1999999999998,708.7,72.19999999999999,12,10,83.33,2,5,5,12,0,0,1
1231,2,10324.0,39,161.0,29.5,2985.9,4712.9,1957.8999999999999,546.6,120.6,13,11,84.62,8,3,2,13,0,0,0
624,1,10283.2,32,106.0,28.6,4286.1,4212.7,1154.7,495.0,134.7,16,14,87.5,3,7,6,16,0,0,1
1106,3,10276.7,53,158.0,32.2,3184.2,4595.4,1724.6,583.4000000000001,189.4,8,5,62.5,2,3,3,6,1,1,1
888,1,10213.3,39,113.0,29.4,4172.5,4140.8,1319.5,501.1,79.3,35,32,91.43,2,29,4,34,0,1,0
936,3,10166.4,43,153.0,30.2,3355.6,4168.5,1835.1,648.0999999999999,159.29999999999998,7,2,28.57,2,1,4,7,0,0,0
193,2,10160.3,50,123.0,31.2,3596.1,4277.0,1459.1,616.3,211.7,3,2,66.67,2,1,0,3,0,0,2
574,2,10101.6,37,105.0,31.7,4423.200000000001,3998.7,1086.3,408.7,184.8,17,9,52.94,2,5,10,17,0,0,1
256,1,10069.1,56,117.0,34.0,4321.7,3424.0,1347.4,698.7,277.3,5,4,80.0,1,2,2,4,0,1,2
321,3,10055.3,50,163.0,30.6,3018.0,4199.4,1815.9,787.1,235.0,7,5,71.43,2,3,2,4,2,1,2
720,3,10044.800000000001,47,181.0,31.5,2829.6000000000004,4171.5,2166.5,706.0999999999999,171.2,7,5,71.43,5,2,0,5,0,2,0
1127,1,10041.1,39,106.0,34.8,3896.7,4212.0,1235.7,460.8,235.9,1,0,0.0,1,0,0,1,0,0,1
40,1,10029.0,37,113.0,32.5,3833.7,4156.3,1320.7,534.1,184.1,19,17,89.47,3,15,1,19,0,0,0
191,2,9993.8,54,123.0,33.4,3450.1000000000004,4263.1,1318.5,591.5999999999999,370.5,3,0,0.0,2,0,1,1,0,2,0
867,2,9967.8,45,113.0,31.1,3567.3999999999996,4398.4,1201.5,565.8,234.70000000000002,0,0,0.0,0,0,0,0,0,0,0
173,3,9907.5,36,117.0,28.1,3422.7,4586.6,1288.1,526.2,84.0,6,6,100.0,2,3,1,6,0,0,0
1004,2,9883.8,2,18.0,22.6,7729.6,1956.1,180.0,18.2,0.0,23,14,60.87,4,2,17,23,0,0,0
243,3,9864.9,33,104.0,32.1,4895.400000000001,3337.5,1059.3,421.8,151.0,0,0,0.0,0,0,0,0,0,0,0
1089,2,9861.2,1,8.0,25.0,8115.5,1651.8000000000002,75.9,18.1,0.0,28,9,32.14,0,1,27,28,0,0,0
75,2,9830.1,53,140.0,31.1,3062.3,4338.6,1575.9,634.4000000000001,218.8,5,0,0.0,1,2,2,4,0,1,0
232,4,9794.6,41,79.0,30.1,4750.9,3422.2,982.2,483.4,156.0,3,2,66.67,2,1,0,3,0,0,0
644,2,9712.9,26,105.0,29.2,3831.0,4188.5,1257.5,326.9,109.2,14,8,57.14,5,5,4,14,0,0,0
92,3,9643.899999999998,62,137.0,29.7,3238.3,3908.7999999999997,1627.4,729.5999999999999,139.9,3,1,33.33,1,0,2,3,0,0,1
1117,2,9611.800000000001,39,96.0,33.6,3426.8,4325.1,1090.3,498.4,271.2,10,6,60.0,0,5,5,10,0,0,2
988,1,9598.7,17,63.0,30.0,4170.8,4397.6,695.2,231.3,103.9,9,8,88.89,2,4,3,9,0,0,0
640,2,9543.8,28,100.0,32.9,3909.7,4018.5,1138.0,335.0,142.6,9,7,77.78,2,3,4,9,0,0,2
1146,1,9541.5,47,118.0,34.7,3456.2,3863.1,1348.4,577.8,296.0,6,5,83.33,0,5,1,6,0,0,0
836,1,9537.0,45,106.0,30.2,3993.8,3795.1,1097.1,523.6,127.4,18,12,66.67,4,7,7,17,0,1,1
858,1,9490.2,43,117.0,30.2,3697.7,3724.0,1275.6,600.0,192.9,5,4,80.0,1,1,3,5,0,0,0
824,2,9451.9,44,137.0,27.9,3223.5,3827.6000000000004,1635.4,712.1,53.3,7,5,71.43,3,3,1,7,0,0,0
1033,1,9387.6,38,101.0,29.9,3780.7,3935.8,1141.2,389.6,140.3,21,14,66.67,2,9,10,21,0,0,0
724,2,9361.9,46,89.0,29.7,3528.0,4066.8999999999996,1112.2,523.4,131.6,1,1,100.0,0,1,0,1,0,0,1
425,4,9335.800000000001,56,120.0,31.7,3021.6000000000004,3739.5,1521.8000000000002,676.5,376.29999999999995,3,1,33.33,1,0,2,2,1,0,1
801,3,9324.3,69,113.0,34.6,2929.4,3643.5000000000005,1369.9,825.4000000000001,556.0999999999999,2,1,50.0,0,2,0,1,1,0,2
441,4,9317.5,50,101.0,32.7,2658.5,4067.0,1336.6999999999998,787.7,467.49999999999994,7,4,57.14,3,1,3,7,0,0,2
1203,4,9293.8,31,156.0,26.0,2480.6000000000004,4442.0,1853.7,490.5,27.0,10,8,80.0,2,3,5,10,0,0,0
905,2,9241.3,36,123.0,30.2,3025.8,4122.9,1407.1,550.4,135.10000000000002,6,5,83.33,0,4,2,6,0,0,0
1234,2,9231.3,2,20.0,25.1,7311.200000000001,1682.8,204.10000000000002,31.7,1.5,29,8,27.59,2,0,27,29,0,0,0
674,3,9229.2,40,129.0,30.0,2829.3,4266.700000000001,1497.0,507.0,129.1,2,2,100.0,0,2,0,1,0,1,0
44,2,9189.5,39,110.0,31.1,3092.1,4134.1,1312.8,442.0,208.4,8,8,100.0,3,4,1,8,0,0,1
464,2,9129.8,40,94.0,28.3,3885.6000000000004,3498.7,1101.9,542.8,100.7,5,5,100.0,1,2,2,5,0,0,0
1150,2,9057.0,36,99.0,31.1,3059.5,4180.0,1260.0,445.29999999999995,112.19999999999999,14,9,64.29,5,4,5,12,1,1,4
238,1,9047.2,50,80.0,32.0,3941.6,3184.8,969.9,534.6,416.3,12,10,83.33,1,5,6,12,0,0,5
288,1,8979.4,24,75.0,29.9,3981.9,3867.9,770.8,279.0,79.8,14,14,100.0,2,11,1,14,0,0,0
1051,2,8846.9,45,114.0,30.7,3020.7,3673.6000000000004,1260.4,671.9,220.2,3,3,100.0,1,2,0,3,0,0,1
67,1,8815.9,41,98.0,29.7,2966.8,4083.9,1106.5,484.9,173.9,10,7,70.0,2,2,6,9,1,0,2
850,2,8772.9,34,82.0,30.3,3498.8,3668.1000000000004,964.5999999999999,429.0,212.5,2,1,50.0,1,1,0,2,0,0,0
604,1,8749.7,22,63.0,30.1,3899.6,3733.8,740.5,297.6,78.2,5,4,80.0,2,2,1,5,0,0,0
748,1,8709.8,59,108.0,32.3,2652.8,3801.8,1307.1,658.1,290.0,0,0,0.0,0,0,0,0,0,0,0
1088,2,8630.2,51,137.0,31.4,2239.8999999999996,3788.1,1664.6000000000001,674.0,263.7,8,6,75.0,6,1,1,8,0,0,2
691,1,8571.4,52,109.0,32.1,3153.3,3331.7,1273.5,604.8,208.1,3,1,33.33,0,0,3,3,0,0,0
856,3,8536.2,41,100.0,32.7,2750.5999999999995,3956.0999999999995,1141.2,502.09999999999997,186.4,7,5,71.43,2,4,1,5,1,1,1
361,1,8506.8,15,60.0,27.8,4265.0,3211.0,724.9,220.6,85.3,11,9,81.82,0,5,6,11,0,0,0
956,1,8464.5,50,107.0,33.1,2777.6,3384.3,1232.4,789.2,281.1,1,1,100.0,0,1,0,1,0,0,0
174,4,8458.800000000001,43,115.0,27.9,2435.2999999999997,3854.5,1361.1999999999998,670.5,137.1,9,6,66.67,2,5,2,9,0,0,0
1233,2,8454.4,35,92.0,30.4,3363.3999999999996,3280.3999999999996,1259.8000000000002,415.79999999999995,135.1,2,1,50.0,0,2,0,1,0,1,0
722,1,8450.2,41,96.0,31.3,3337.3,3373.2,1060.5,488.7,190.5,9,7,77.78,2,5,2,7,0,2,1
666,1,8416.0,31,115.0,31.2,2401.1,4107.4,1246.2,385.0,276.3,12,9,75.0,2,5,5,12,0,0,0
522,1,8379.0,34,73.0,33.8,3831.6,3118.7,858.8,380.8,189.1,6,5,83.33,2,4,0,5,0,1,1
964,1,8361.4,30,103.0,32.4,3069.9,3665.5,1107.2,340.7,178.1,10,8,80.0,3,4,3,9,1,0,1
884,2,8335.099999999999,38,101.0,30.6,2540.5,3871.1000000000004,1076.4,602.1,245.1,7,2,28.57,1,1,5,7,0,0,1
920,2,8290.4,43,147.0,30.8,2483.1000000000004,3764.7999999999997,1497.1000000000001,488.0,57.400000000000006,4,2,50.0,1,1,2,4,0,0,0
155,2,8269.2,42,100.0,32.1,3082.4,3306.6,1179.4,507.70000000000005,193.1,2,0,0.0,1,1,0,1,0,1,0
764,3,8184.4,50,137.0,31.3,2572.4,3373.2,1450.5,631.0999999999999,157.3,2,2,100.0,0,1,1,2,0,0,0
123,1,8031.5,55,109.0,32.5,2457.6,3227.1,1279.7,709.1,358.1,8,4,50.0,2,2,4,4,1,3,4
58,2,7925.0,29,78.0,31.6,3101.5,3213.7999999999997,983.5,383.29999999999995,242.89999999999998,13,10,76.92,2,3,8,12,1,0,1
889,2,7881.2,39,86.0,32.4,3379.7999999999997,2709.1,1043.8000000000002,596.6,151.7,14,12,85.71,4,6,4,13,0,1,1
571,2,7878.3,36,150.0,30.5,2315.7,3195.6000000000004,1774.8000000000002,509.1,83.2,10,4,40.0,2,5,3,9,0,1,0
632,1,7808.8,32,85.0,31.2,3160.2,2971.3,1104.2,391.8,181.4,9,6,66.67,2,3,4,8,0,1,0
700,2,7803.799999999999,26,99.0,29.6,2700.2,3508.2,1165.3000000000002,362.6,67.6,23,21,91.3,8,10,5,22,1,0,1
1134,2,7797.1,0,9.0,19.7,6594.200000000001,1093.8000000000002,109.0,0.0,0.0,32,11,34.38,1,1,30,32,0,0,0
780,2,7777.200000000001,29,96.0,31.9,2743.5,3388.7,1139.9,400.7,104.39999999999999,5,3,60.0,0,2,3,2,1,2,2
876,2,7712.6,46,122.0,30.1,2267.2,2998.8,1565.5,668.0999999999999,213.10000000000002,1,1,100.0,1,0,0,1,0,0,0
214,1,7597.4,43,132.0,27.1,2013.8,3535.1,1376.9,575.8,95.8,12,9,75.0,2,3,7,10,2,0,0
37,1,7525.5,23,123.0,28.9,2290.5,3532.7,1343.3,288.4,70.6,11,10,90.91,5,5,1,10,0,1,0
372,1,7507.5,49,135.0,29.5,1986.0,3176.5,1477.1,676.8,191.1,7,5,71.43,3,2,2,5,0,2,0
181,1,7498.8,43,95.0,33.2,2360.9,3297.4,1201.0,480.3,159.3,2,0,0.0,0,1,1,1,0,1,0
253,2,7494.299999999999,31,99.0,32.3,2951.7,2788.4,1145.0,418.7,190.5,1,0,0.0,0,1,0,0,0,1,1
1118,3,7441.5,33,89.0,30.1,2481.7999999999997,3337.7,1140.8,364.30000000000007,117.1,0,0,0.0,0,0,0,0,0,0,1
530,2,7440.799999999999,49,102.0,33.2,2502.8,2936.0,1210.3000000000002,567.9,223.89999999999998,2,1,50.0,1,0,1,1,0,1,1
272,4,7372.3,34,88.0,29.7,2626.5,2992.9,1057.1999999999998,577.3,118.5,12,7,58.33,1,4,7,11,0,1,3
59,1,7358.5,31,100.0,32.4,2039.2,3748.3,1080.4,354.3,136.3,3,2,66.67,2,1,0,3,0,0,1
497,2,7334.8,35,98.0,33.3,2407.1,3194.0,1092.8999999999999,484.1,156.6,14,13,92.86,0,12,2,13,1,0,2
130,3,7102.700000000001,52,83.0,34.8,2534.5,2519.8,1000.7,603.6,444.1,3,2,66.67,0,1,2,2,1,0,3
461,2,7078.7,39,83.0,34.2,2639.3,2535.5,978.8,508.3,417.0,4,3,75.0,0,3,1,1,2,1,3
610,2,7078.6,2,9.0,24.2,5811.9,1166.6,77.3,22.8,0.0,27,14,51.85,6,0,21,27,0,0,0
620,2,7048.2,2,10.0,25.5,5824.9,1106.6,89.0,23.700000000000003,4.1,29,8,27.59,1,0,28,29,0,0,0
521,2,7025.3,1,7.0,22.3,5712.9,1230.6,69.39999999999999,12.4,0.0,15,5,33.33,0,0,15,15,0,0,0
763,1,7014.0,30,109.0,28.6,2140.9,2905.6,1412.3,424.3,130.8,2,1,50.0,0,0,2,2,0,0,0
334,1,7008.1,21,81.0,29.0,2748.3,2936.6,918.1,269.9,135.2,5,3,60.0,2,1,2,4,0,1,0
619,2,6975.5,30,96.0,31.9,2513.8999999999996,2954.8,1047.1,349.3,110.5,4,1,25.0,2,0,2,1,1,2,2
390,1,6956.6,46,92.0,32.1,2517.8,2790.5,1040.7,479.5,128.2,2,2,100.0,0,2,0,2,0,0,0
1137,3,6946.900000000001,35,83.0,34.4,2272.6,3014.9,991.3,417.0,251.3,0,0,0.0,0,0,0,0,0,0,0
831,1,6892.0,23,64.0,33.2,2763.1,2942.1,729.6,269.1,188.2,4,2,50.0,0,2,2,4,0,0,0
420,2,6751.700000000001,26,62.0,29.1,2849.9,2713.5,752.1,318.3,117.9,4,1,25.0,0,2,2,4,0,0,0
437,2,6589.6,30,123.0,29.5,1672.6,3063.4,1397.7,390.20000000000005,65.8,8,6,75.0,2,3,3,6,1,1,1
273,2,6530.8,41,86.0,34.3,2277.2,2638.0,872.2,440.6,302.8,6,3,50.0,1,4,1,2,0,4,2
579,2,6517.0,30,84.0,30.1,2454.0,2513.4,1049.2,360.9,139.6,2,1,50.0,0,0,2,2,0,0,2
200,2,6515.9,27,58.0,32.0,2554.3,2811.0,616.4,330.5,203.8,2,2,100.0,1,1,0,2,0,0,0
1188,3,6497.700000000001,35,90.0,34.9,2526.0,2372.9,1022.0999999999999,399.40000000000003,177.10000000000002,11,6,54.55,0,8,3,6,2,3,6
1125,3,6477.0,40,68.0,30.3,2723.3,2159.0,907.8,471.3,215.6,3,2,66.67,0,2,1,3,0,0,0
483,2,6464.5,23,57.0,30.6,3096.0,2220.3,696.9,307.2,144.1,10,10,100.0,6,4,0,9,0,1,0
893,2,6429.9,40,101.0,31.9,2064.6,2506.2,1145.9,524.8,188.3,0,0,0.0,0,0,0,0,0,0,0
545,3,6266.5,31,70.0,33.7,2242.7,2520.7000000000003,895.0999999999999,425.1,182.79999999999998,1,1,100.0,1,0,0,1,0,0,0
701,2,6235.0,36,72.0,30.9,2180.6,2276.2,1037.7,500.9,239.5,5,4,80.0,1,1,3,3,1,1,3
404,1,6170.8,31,80.0,35.5,2404.0,2437.2,844.3,377.1,108.1,2,1,50.0,0,1,1,1,1,0,2
842,2,6159.1,37,83.0,31.8,2054.6,2484.0,1054.6999999999998,399.2,166.8,5,5,100.0,2,1,2,5,0,0,0
808,1,6152.6,30,107.0,29.8,1753.8,2715.4,1148.2,389.1,146.0,2,2,100.0,1,1,0,2,0,0,0
992,1,6142.5,16,51.0,33.0,2840.2,2380.6,624.4,211.9,85.4,2,0,0.0,0,0,2,2,0,0,0
917,2,6052.9,30,70.0,31.7,1928.3,2814.5,764.7,388.8,156.7,3,0,0.0,0,1,2,3,0,0,0
883,1,6037.1,23,77.0,33.6,2129.3,2567.2,858.3,318.2,164.1,3,1,33.33,1,0,2,2,1,0,1
841,2,6034.0,32,75.0,31.4,2002.0,2705.9,796.2,376.6,153.29999999999998,2,1,50.0,1,0,1,2,0,0,0
1023,1,5968.5,16,66.0,31.2,2748.0,2225.6,643.4,263.1,88.4,1,0,0.0,0,1,0,1,0,0,0
510,1,5947.3,18,85.0,26.6,1701.6,2886.2,1050.2,255.4,53.9,10,8,80.0,3,5,2,10,0,0,0
643,3,5939.700000000001,29,78.0,28.1,2246.4,2393.1000000000004,883.3,338.90000000000003,78.0,0,0,0.0,0,0,0,0,0,0,0
1133,2,5920.5,36,67.0,31.0,2017.3999999999999,2429.7,829.3,424.6,219.60000000000002,4,4,100.0,1,1,2,4,0,0,0
971,2,5899.4,34,78.0,28.2,1785.9,2434.4,1006.9000000000001,551.8,120.39999999999999,4,1,25.0,1,1,2,2,1,1,1
166,2,5846.4,18,71.0,27.3,1911.7,2775.5,868.3,251.1,39.8,14,10,71.43,3,5,6,12,1,1,1
916,1,5827.0,28,86.0,27.1,1789.8,2586.5,995.1,424.4,31.1,8,5,62.5,2,2,4,8,0,0,0
589,1,5813.3,31,84.0,30.6,1962.9,2347.1,980.3,431.9,91.1,3,2,66.67,1,1,1,3,0,0,0
279,2,5777.8,35,72.0,32.9,1914.6,2521.5,827.6,361.59999999999997,152.6,1,0,0.0,0,0,1,1,0,0,0
821,1,5776.8,29,70.0,31.0,1743.6,2710.8,756.3,399.3,166.8,5,5,100.0,1,3,1,4,0,1,0
1226,1,5770.1,31,71.0,30.6,2257.9,2092.7,831.6,442.8,145.1,3,3,100.0,1,1,1,3,0,0,1
457,3,5765.2,14,48.0,30.8,2414.3,2626.8,528.3,132.9,62.800000000000004,2,0,0.0,0,0,2,2,0,0,0
649,2,5757.5,34,68.0,29.2,2194.2,2139.4,806.1,492.9,124.8,3,1,33.33,1,2,0,2,1,0,1
719,2,5754.7,32,87.0,31.4,1683.3000000000002,2505.3,992.4000000000001,365.20000000000005,208.7,2,1,50.0,1,1,0,0,0,2,0
354,2,5685.6,36,62.0,30.7,1851.1,2495.9,750.7,435.9,151.89999999999998,0,0,0.0,0,0,0,0,0,0,0
541,2,5660.8,16,63.0,30.6,2041.6,2690.7,710.1999999999999,169.5,48.9,3,2,66.67,0,0,3,3,0,0,0
1243,3,5592.0,26,79.0,27.0,1559.2,2698.8,946.9,375.70000000000005,11.3,0,0,0.0,0,0,0,0,0,0,0
12,1,5586.1,35,66.0,30.1,2065.4,2260.4,774.2,363.9,122.2,1,1,100.0,0,1,0,1,0,0,1
1022,2,5585.4,41,67.0,33.0,1607.2,2442.5,846.4,468.3,221.0,1,0,0.0,0,0,1,1,0,0,0
278,2,5540.299999999999,35,77.0,33.2,1769.8000000000002,2031.4,935.3,452.3,351.40000000000003,4,2,50.0,0,1,3,4,0,0,0
699,1,5519.8,32,40.0,31.2,1950.0,2484.1,555.6,361.9,168.2,4,3,75.0,0,2,2,2,1,1,4
455,1,5504.6,1,7.0,22.7,4381.9,992.6,119.8,10.3,0.0,18,10,55.56,6,0,12,18,0,0,0
154,1,5499.0,30,58.0,32.3,2003.1,2275.9,693.8,343.1,183.1,6,4,66.67,1,4,1,4,0,2,2
416,1,5486.2,28,58.0,30.5,2215.7,2031.7,697.7,341.0,200.1,4,3,75.0,0,3,1,4,0,0,4
270,2,5477.1,24,55.0,32.0,1939.2,2489.2,694.4,310.2,44.0,6,3,50.0,1,2,3,3,1,2,0
514,2,5438.7,26,80.0,29.6,1695.2,2256.1,911.0999999999999,397.2,179.1,6,5,83.33,1,2,3,4,2,0,2
954,2,5355.0,33,98.0,26.8,1236.6,2528.1,1057.7,470.7,61.9,4,4,100.0,2,1,1,3,0,1,0
198,2,5295.7,30,75.0,29.6,1764.3,2050.9,888.3,441.9,150.39999999999998,15,11,73.33,3,5,7,15,0,0,0
1187,1,5227.5,30,71.0,30.5,1902.4,2077.2,844.8,329.1,74.0,10,7,70.0,2,7,1,10,0,0,2
1153,2,5152.799999999999,22,43.0,30.1,2347.8,1949.2,503.20000000000005,249.2,103.4,0,0,0.0,0,0,0,0,0,0,0
283,2,5130.5,23,70.0,29.9,1766.5,2109.0,800.4000000000001,337.1,117.5,1,0,0.0,0,1,0,1,0,0,0
110,2,5128.4,21,84.0,26.4,1401.4,2378.2000000000003,1054.1,277.4,17.2,2,2,100.0,1,0,1,2,0,0,0
518,2,5108.0,20,69.0,32.2,1599.9,2336.1,826.5999999999999,273.6,71.9,16,12,75.0,6,7,3,16,0,0,0
1223,1,5094.4,1,7.0,22.5,4300.5,694.1,87.5,12.3,0.0,12,3,25.0,0,1,11,12,0,0,0
180,1,5075.6,30,65.0,29.4,1960.5,1802.4,759.0,449.0,104.8,7,7,100.0,1,5,1,7,0,0,0
395,1,5065.4,23,63.0,30.3,1827.1,2129.7,660.5,296.7,151.4,7,6,85.71,3,3,1,7,0,0,1
1124,1,5012.7,13,38.0,27.8,2061.9,2284.7,448.3,166.2,51.6,6,3,50.0,0,3,3,6,0,0,0
819,1,4989.6,0,5.0,22.5,4119.4,807.5,58.1,4.6,0.0,17,10,58.82,1,2,14,17,0,0,0
692,2,4973.6,13,64.0,26.0,1773.6,2189.1,774.3000000000001,226.5,10.0,7,4,57.14,1,4,2,7,0,0,0
350,1,4910.8,26,59.0,33.1,1974.0,1828.5,613.8,358.0,136.4,1,0,0.0,0,1,0,1,0,0,0
1092,2,4821.8,26,61.0,31.2,1716.3,1886.6,724.5,366.3,128.2,5,5,100.0,1,4,0,2,0,3,1
16,1,4787.6,0,6.0,18.2,4044.8,700.0,42.8,0.0,0.0,8,3,37.5,0,0,8,8,0,0,0
490,3,4718.4,23,44.0,30.3,1488.4,2186.7999999999997,564.4000000000001,300.8,178.0,0,0,0.0,0,0,0,0,0,0,0
100,2,4686.5,28,61.0,31.0,1312.8,2042.7,672.2,352.3,306.29999999999995,7,5,71.43,0,4,3,4,2,1,3
582,1,4683.2,24,50.0,30.2,1961.9,1649.6,624.5,287.8,159.4,2,2,100.0,0,1,1,2,0,0,2
583,1,4655.7,27,51.0,29.9,1651.0,1981.4,601.7,328.4,93.3,2,2,100.0,0,1,1,1,0,1,0
749,2,4598.4,35,73.0,30.0,1133.3,1885.3,950.2,489.8,139.8,2,0,0.0,0,0,2,1,1,0,1
383,2,4558.0,28,55.0,28.3,1733.1,1694.6000000000001,690.9,335.29999999999995,104.0,3,2,66.67,0,2,1,3,0,0,0
611,1,4539.7,22,69.0,32.4,1549.7,1786.3,715.4,338.1,150.2,0,0,0.0,0,0,0,0,0,0,0
158,2,4509.0,33,63.0,32.8,1409.7,1738.1999999999998,662.3,414.4,284.5,1,0,0.0,0,0,1,0,1,0,3
357,3,4460.4,21,44.0,28.4,1885.4,1748.0,520.5999999999999,250.6,55.99999999999999,3,2,66.67,1,1,1,3,0,0,0
1170,1,4445.5,19,59.0,28.5,1748.8,1779.0,636.7,216.4,64.7,9,6,66.67,2,6,1,8,0,1,0
779,1,4437.9,17,45.0,33.2,1758.2,1897.7,443.1,190.7,148.2,3,2,66.67,0,1,2,2,1,0,1
600,2,4423.5,15,41.0,30.7,1616.3000000000002,2038.0,522.7,192.0,54.5,8,3,37.5,1,3,4,8,0,0,0
685,2,4408.4,22,37.0,30.5,1721.6,1917.6,458.3,227.9,83.10000000000001,0,0,0.0,0,0,0,0,0,0,0
99,2,4379.299999999999,23,54.0,31.5,1393.4,1728.2,736.9000000000001,298.5,222.3,4,4,100.0,1,3,0,3,0,1,0
613,1,4276.4,16,55.0,29.7,1621.4,1782.9,548.5,227.8,95.7,2,1,50.0,1,1,0,2,0,0,0
503,1,4276.0,20,55.0,31.2,1572.4,1611.6,658.7,259.0,174.3,3,1,33.33,1,1,1,2,0,1,3
770,1,4267.3,28,56.0,30.0,1315.1,1769.3,734.8,297.4,150.7,2,1,50.0,0,2,0,1,0,1,0
667,3,4205.0,19,43.0,26.7,1355.1000000000001,2078.2,500.70000000000005,259.5,11.3,7,3,42.86,1,3,3,7,0,0,0
927,1,4200.6,24,51.0,30.0,1663.7,1448.2,609.1,340.5,139.1,2,2,100.0,1,0,1,2,0,0,0
505,1,4199.1,13,37.0,31.4,1863.5,1643.1,394.0,193.0,105.5,0,0,0.0,0,0,0,0,0,0,0
300,2,4173.2,22,46.0,32.1,1506.5,1718.0,503.20000000000005,266.9,178.6,5,2,40.0,2,3,0,3,0,2,1
78,2,4138.2,20,59.0,31.6,1204.5,1896.2,763.9,236.9,36.9,2,0,0.0,1,1,0,1,0,1,1
406,3,4108.6,22,44.0,30.4,1638.4,1605.1,570.7,205.0,89.4,0,0,0.0,0,0,0,0,0,0,0
935,1,4072.3,20,50.0,30.2,1486.9,1687.9,597.1,236.3,64.1,0,0,0.0,0,0,0,0,0,0,0
900,1,4066.9,32,56.0,29.2,1165.3,1727.1,689.0,376.4,109.2,3,2,66.67,2,0,1,3,0,0,0
1010,1,3984.9,15,56.0,27.0,1186.7,1999.1,616.6,154.1,28.3,2,1,50.0,0,0,2,2,0,0,1
1110,1,3959.8,11,32.0,32.6,1659.8,1672.3,359.0,163.8,104.8,1,1,100.0,1,0,0,1,0,0,0
605,1,3954.9,18,52.0,28.3,1088.9,2050.6,578.5,207.0,29.9,1,1,100.0,0,1,0,0,0,1,0
783,2,3921.8,24,56.0,32.3,1201.8,1538.4,644.1,297.79999999999995,239.7,7,2,28.57,1,1,5,7,0,0,0
177,1,3896.9,26,60.0,29.0,1456.9,1368.9,608.9,345.4,116.7,6,6,100.0,2,3,1,6,0,0,0
1119,1,3891.4,0,4.0,21.3,3334.9,512.2,40.1,4.2,0.0,9,3,33.33,0,0,9,9,0,0,0
761,2,3868.5,20,60.0,30.1,1121.6,1764.5,660.3,235.1,87.2,0,0,0.0,0,0,0,0,0,0,1
18,1,3799.5,24,57.0,29.0,920.8,1813.4,668.7,298.1,98.5,0,0,0.0,0,0,0,0,0,0,0
5,2,3781.0,12,37.0,27.2,1767.6999999999998,1409.8000000000002,447.8,142.2,13.6,3,2,66.67,1,0,2,3,0,0,0
63,1,3742.9,20,55.0,31.1,1069.2,1718.0,625.0,208.2,122.5,5,2,40.0,2,2,1,4,1,0,0
122,1,3681.4,13,34.0,29.6,1357.2,1738.0,409.7,150.2,26.3,1,1,100.0,1,0,0,1,0,0,0
139,1,3649.9,13,28.0,29.8,1445.6,1428.9,437.5,213.4,124.5,3,0,0.0,1,2,0,1,0,2,0
617,1,3609.1,15,47.0,27.8,1131.9,1706.4,551.4,190.1,29.3,3,2,66.67,1,1,1,3,0,0,0
508,1,3573.9,16,46.0,32.7,1059.7,1611.4,521.5,203.4,177.9,6,2,33.33,1,1,4,6,0,0,0
1058,1,3570.6,7,36.0,26.4,1035.8,1989.5,411.0,117.5,16.7,6,4,66.67,1,2,3,6,0,0,0
588,1,3461.7,18,65.0,27.6,1254.6,1237.8,699.0,256.6,13.7,7,4,57.14,3,3,1,6,1,0,2
20,2,3442.8,21,54.0,28.2,1164.5,1294.6,611.1,301.7,70.8,3,2,66.67,0,1,2,3,0,0,0
1157,1,3409.6,13,35.0,32.4,1210.8,1333.8,603.7,163.2,98.2,4,4,100.0,2,1,1,3,0,1,1
1130,1,3379.0,18,38.0,28.6,868.8,1659.0,580.5,196.6,74.2,1,0,0.0,0,0,1,1,0,0,0
133,1,3338.8,11,32.0,28.3,1331.0,1492.9,353.8,114.9,46.3,4,3,75.0,1,1,2,4,0,0,0
1217,1,3275.1,25,51.0,28.4,970.6,1269.7,640.2,352.6,42.0,1,1,100.0,0,1,0,1,0,0,0
415,1,3226.4,13,28.0,32.7,1345.1,1344.2,306.6,136.5,94.0,0,0,0.0,0,0,0,0,0,0,0
507,1,3218.5,15,58.0,30.7,759.9,1491.6,696.1,239.1,31.8,5,5,100.0,5,0,0,5,0,0,1
590,2,3200.0,17,47.0,29.0,879.1,1448.4,564.7,240.5,67.3,5,3,60.0,3,2,0,4,0,1,0
239,2,3167.4,15,48.0,27.2,1032.6999999999998,1348.0,524.3,241.9,20.5,1,1,100.0,0,1,0,1,0,0,0
1085,2,3157.1,15,49.0,26.4,921.7,1375.8,587.8,243.6,28.200000000000003,1,1,100.0,1,0,0,1,0,0,0
618,1,3139.1,6,41.0,24.6,900.6,1715.7,432.0,90.8,0.0,5,4,80.0,3,0,2,5,0,0,1
47,2,3081.3,17,43.0,30.1,1001.9000000000001,1365.2,467.3,195.4,51.5,1,0,0.0,0,1,0,0,0,1,0
1171,1,3079.4,3,6.0,28.2,2053.9,896.5,85.2,27.3,16.5,12,4,33.33,1,0,11,12,0,0,0
147,2,3073.5,11,37.0,28.4,1139.6,1381.6999999999998,376.4,139.4,36.3,4,3,75.0,0,1,3,4,0,0,0
696,1,2936.4,21,37.0,32.9,882.2,1329.5,454.1,212.3,58.3,1,0,0.0,0,0,1,1,0,0,0
987,2,2919.3999999999996,16,35.0,33.8,781.5,1329.7,471.79999999999995,164.60000000000002,171.8,2,2,100.0,1,1,0,1,0,1,2
1111,1,2914.4,11,38.0,32.9,994.1,1242.8,488.9,111.7,76.9,2,0,0.0,0,1,1,1,0,1,0
830,1,2880.7,11,26.0,35.5,1202.3,1201.6,226.5,122.1,128.3,4,4,100.0,0,3,1,4,0,0,0
726,1,2876.7,16,42.0,27.1,1042.9,1078.7,459.2,249.1,46.8,8,8,100.0,1,6,1,8,0,0,1
908,1,2859.9,7,33.0,30.6,1144.9,1174.7,331.2,119.9,89.3,5,5,100.0,1,4,0,5,0,0,0
929,1,2859.0,11,38.0,26.6,1029.2,1271.6,400.3,140.8,17.2,1,1,100.0,0,1,0,1,0,0,0
741,1,2847.1,15,36.0,29.3,917.7,1048.1,451.3,286.6,143.5,3,2,66.67,0,3,0,2,0,1,0
34,1,2814.6,14,41.0,28.2,982.8,1105.2,477.2,216.7,32.8,4,4,100.0,3,1,0,4,0,0,0
986,2,2807.5,13,35.0,27.6,880.0,1247.1999999999998,421.3,209.1,49.7,3,3,100.0,0,1,2,2,0,1,1
333,1,2774.8,17,31.0,29.8,832.7,1200.2,419.3,221.4,101.2,1,0,0.0,0,1,0,1,0,0,0
296,1,2769.1,14,35.0,30.0,951.1,1109.4,400.9,187.0,120.7,3,2,66.67,1,1,1,3,0,0,0
101,1,2757.1,12,30.0,29.5,1080.9,1153.8,310.7,170.0,41.8,9,8,88.89,1,7,1,9,0,0,0
878,1,2756.4,13,31.0,28.0,1100.3,1053.9,356.0,200.2,46.2,3,2,66.67,2,1,0,3,0,0,0
308,2,2736.8,14,32.0,30.0,1117.9,975.9,334.0,161.3,147.6,0,0,0.0,0,0,0,0,0,0,0
1242,1,2708.1,16,36.0,30.1,1020.9,1005.6,378.6,220.7,82.3,2,1,50.0,1,0,1,2,0,0,1
1044,1,2696.9,6,23.0,25.1,1214.0,1184.8,211.4,86.7,0.0,3,2,66.67,0,3,0,3,0,0,0
26,1,2625.1,6,20.0,27.9,1226.6,1061.8,257.3,60.9,18.5,0,0,0.0,0,0,0,0,0,0,0
555,1,2597.1,8,27.0,27.7,1243.3,929.3,308.0,65.6,50.8,1,0,0.0,1,0,0,1,0,0,0
227,1,2589.6,17,37.0,29.9,839.3,1051.5,398.9,212.0,87.9,4,4,100.0,2,1,1,4,0,0,1
629,1,2551.7,9,38.0,28.6,896.4,1071.0,384.8,121.2,78.3,2,1,50.0,2,0,0,2,0,0,1
630,1,2487.7,8,27.0,32.6,903.7,1128.8,290.8,94.5,69.9,2,1,50.0,0,0,2,2,0,0,1
623,1,2482.8,15,26.0,31.6,1059.9,863.5,289.0,190.1,80.4,0,0,0.0,0,0,0,0,0,0,0
351,1,2453.1,19,42.0,30.7,713.8,891.3,479.2,281.9,86.9,2,0,0.0,0,0,2,1,1,0,3
669,1,2425.1,12,36.0,31.0,733.8,1163.8,371.7,132.1,23.7,2,2,100.0,0,1,1,2,0,0,0
608,1,2368.0,16,36.0,28.9,775.2,979.7,368.1,198.6,46.3,0,0,0.0,0,0,0,0,0,0,0
400,1,2319.6,15,33.0,29.6,855.6,822.6,420.9,150.0,70.5,5,3,60.0,2,2,1,4,0,1,0
366,1,2311.5,9,23.0,24.6,787.3,1062.9,349.4,111.8,0.0,4,4,100.0,1,2,1,4,0,0,0
1079,1,2294.5,7,22.0,27.7,884.2,989.1,306.6,97.8,16.8,0,0,0.0,0,0,0,0,0,0,0
865,1,2289.6,16,36.0,26.1,612.5,1019.1,458.0,192.1,8.0,0,0,0.0,0,0,0,0,0,0,0
290,1,2281.4,7,28.0,27.2,648.2,1194.5,314.4,97.6,26.7,6,5,83.33,5,0,1,6,0,0,1
153,1,2264.9,3,12.0,29.0,1233.7,814.2,157.2,29.4,30.4,0,0,0.0,0,0,0,0,0,0,0
352,1,2257.0,8,32.0,28.0,829.2,851.0,442.8,98.2,35.9,0,0,0.0,0,0,0,0,0,0,0
641,1,2226.6,14,32.0,33.6,732.8,731.2,405.7,143.2,213.8,0,0,0.0,0,0,0,0,0,0,0
875,1,2181.0,11,35.0,23.5,559.2,1059.4,407.8,154.7,0.0,6,4,66.67,3,1,2,6,0,0,0
1230,1,2148.9,8,34.0,28.4,518.4,1091.1,412.9,106.8,19.8,5,2,40.0,1,3,1,5,0,0,0
656,1,2137.0,10,48.0,27.1,535.0,962.5,467.5,152.2,19.8,1,1,100.0,1,0,0,1,0,0,0
771,2,2122.2,12,35.0,28.7,631.9,886.5,368.6,189.0,46.099999999999994,3,2,66.67,0,3,0,2,0,1,1
716,1,2086.0,14,25.0,32.0,748.9,748.0,323.7,186.9,78.4,0,0,0.0,0,0,0,0,0,0,0
229,2,2036.5,11,29.0,30.7,646.4,785.0,395.8,129.3,80.0,2,2,100.0,1,0,1,2,0,0,0
1025,1,2021.0,10,35.0,27.4,629.5,864.2,389.0,108.7,29.6,2,1,50.0,0,1,1,2,0,0,0
1149,1,1979.9,12,26.0,28.3,587.8,855.9,347.4,173.4,15.5,2,2,100.0,0,2,0,2,0,0,0
712,1,1915.4,10,28.0,28.0,633.5,740.5,388.6,104.0,48.9,1,0,0.0,0,1,0,0,0,1,1
1219,1,1887.6,7,27.0,30.3,753.8,702.0,334.0,75.2,22.7,2,0,0.0,1,0,1,2,0,0,0
997,1,1882.1,15,28.0,26.9,597.6,743.1,306.0,209.5,25.9,1,1,100.0,0,1,0,1,0,0,0
804,1,1875.7,8,19.0,30.9,745.4,818.0,176.6,86.3,49.5,3,1,33.33,0,0,3,3,0,0,0
342,1,1852.0,5,18.0,26.7,878.0,669.9,233.8,64.9,5.4,0,0,0.0,0,0,0,0,0,0,0
553,1,1841.9,8,26.0,33.7,601.6,706.4,306.1,118.6,109.2,2,0,0.0,1,1,0,2,0,0,1
995,1,1835.5,12,23.0,29.6,650.9,692.2,285.4,158.4,48.6,5,3,60.0,1,4,0,2,0,3,0
162,1,1822.5,8,31.0,26.6,511.2,837.5,344.3,114.8,14.6,3,3,100.0,0,3,0,3,0,0,0
847,2,1809.1000000000001,18,30.0,26.9,420.1,679.9,424.6,234.60000000000002,50.0,4,1,25.0,0,1,3,2,2,0,2
456,2,1790.7,6,35.0,28.3,396.4,693.3,579.4,108.2,13.4,3,3,100.0,1,1,1,3,0,0,0
1202,1,1756.5,7,23.0,29.1,661.6,752.7,235.4,78.9,28.0,2,0,0.0,0,1,1,1,1,0,1
650,1,1755.4,11,20.0,32.8,467.1,768.2,279.1,125.8,115.2,1,1,100.0,1,0,0,1,0,0,0
745,1,1755.0,15,33.0,28.5,423.1,604.5,445.3,230.5,51.6,3,2,66.67,1,2,0,2,0,1,1
1108,1,1743.8,14,31.0,31.7,447.9,649.6,382.2,192.5,71.6,0,0,0.0,0,0,0,0,0,0,0
1039,1,1742.9,11,27.0,28.3,415.8,777.8,358.9,126.0,64.5,1,0,0.0,0,0,1,1,0,0,1
829,1,1718.7,14,26.0,29.2,414.6,754.1,349.5,153.2,47.3,2,1,50.0,2,0,0,2,0,0,0
652,1,1660.4,12,25.0,27.6,486.5,679.0,253.5,212.1,29.5,1,1,100.0,0,0,1,1,0,0,0
657,2,1643.1999999999998,15,24.0,31.4,402.3,684.0999999999999,330.8,165.4,60.4,1,0,0.0,0,0,1,1,0,0,0
377,1,1627.3,8,17.0,29.7,535.6,719.4,191.3,118.2,62.7,1,1,100.0,1,0,0,1,0,0,0
675,1,1620.2,7,28.0,25.9,479.3,674.9,356.9,100.6,8.5,2,0,0.0,0,1,1,2,0,0,0
116,1,1607.4,1,4.0,26.9,1255.8,281.7,44.0,14.7,11.2,8,2,25.0,0,0,8,8,0,0,0
723,1,1580.4,7,21.0,28.4,446.5,726.4,270.3,98.9,38.3,0,0,0.0,0,0,0,0,0,0,0
913,1,1535.0,9,17.0,27.0,502.4,675.3,219.0,127.4,10.9,0,0,0.0,0,0,0,0,0,0,0
422,2,1530.7,10,26.0,27.9,444.6,666.4,278.70000000000005,113.9,27.1,3,3,100.0,0,3,0,3,0,0,0
565,1,1501.2,5,24.0,28.2,501.2,602.8,302.8,59.7,34.8,2,1,50.0,0,2,0,1,0,1,0
234,1,1462.3,5,19.0,29.0,535.7,581.7,232.1,69.2,43.6,3,1,33.33,0,2,1,2,0,1,0
344,1,1454.1,6,19.0,24.3,465.0,702.0,193.1,94.1,0.0,1,0,0.0,0,0,1,1,0,0,0
633,1,1396.3,10,15.0,31.1,497.1,454.9,180.4,126.1,137.8,1,1,100.0,1,0,0,1,0,0,0
757,1,1374.6,4,23.0,24.0,395.9,717.7,202.0,59.0,0.0,0,0,0.0,0,0,0,0,0,0,0
493,1,1369.8,5,24.0,26.6,322.8,678.5,283.9,70.2,14.3,3,0,0.0,0,1,2,2,1,0,2
146,1,1349.7,5,21.0,26.5,351.4,572.2,269.5,146.7,9.9,0,0,0.0,0,0,0,0,0,0,0
851,1,1246.3,8,17.0,29.5,280.8,546.6,233.2,116.1,69.6,1,1,100.0,1,0,0,1,0,0,1
852,1,1239.0,4,18.0,27.2,451.1,406.0,305.8,61.3,14.8,5,4,80.0,0,3,2,4,1,0,1
733,1,1188.3,2,10.0,21.6,560.2,452.3,140.8,35.0,0.0,0,0,0.0,0,0,0,0,0,0,0
284,1,1186.8,6,20.0,28.0,420.0,418.2,208.9,116.5,23.2,2,1,50.0,0,1,1,2,0,0,0
976,1,1157.1,7,22.0,27.6,208.6,535.5,296.8,89.3,26.9,0,0,0.0,0,0,0,0,0,0,0
715,1,1147.0,0,5.0,18.7,763.4,309.0,74.6,0.0,0.0,7,3,42.86,0,0,7,7,0,0,0
1081,1,1116.7,3,8.0,26.3,382.5,562.5,116.2,48.3,7.2,1,0,0.0,1,0,0,1,0,0,0
260,1,1042.1,6,16.0,28.4,264.8,404.2,265.2,85.7,22.2,0,0,0.0,0,0,0,0,0,0,0
436,1,1006.5,8,18.0,27.9,228.1,431.0,188.8,125.7,32.9,3,3,100.0,1,2,0,3,0,0,0
392,1,989.2,0,5.0,20.5,554.3,394.8,36.1,4.0,0.0,0,0,0.0,0,0,0,0,0,0,0
1189,1,898.7,4,12.0,30.6,333.8,285.4,167.5,81.7,30.3,0,0,0.0,0,0,0,0,0,0,0
355,1,839.6,7,16.0,29.2,282.8,282.1,158.3,101.5,14.9,1,0,0.0,0,0,1,0,1,0,1
953,1,790.3,4,10.0,23.4,216.8,420.3,116.6,36.6,0.0,0,0,0.0,0,0,0,0,0,0,0
340,1,726.3,4,9.0,24.9,288.2,270.9,112.6,54.7,0.0,0,0,0.0,0,0,0,0,0,0,0
1091,1,713.6,2,11.0,24.2,179.1,385.6,102.3,46.7,0.0,0,0,0.0,0,0,0,0,0,0,0
1245,1,657.2,6,15.0,26.8,85.4,226.5,214.9,103.3,27.0,0,0,0.0,0,0,0,0,0,0,0
454,1,626.5,2,11.0,26.2,274.1,214.8,112.7,18.8,6.2,0,0,0.0,0,0,0,0,0,0,0
1232,1,588.9,4,9.0,29.4,115.9,247.4,137.9,54.6,33.1,0,0,0.0,0,0,0,0,0,0,0
1215,2,549.3,4,7.0,31.2,139.6,228.0,69.7,36.099999999999994,76.0,0,0,0.0,0,0,0,0,0,0,0
1042,1,455.7,3,6.0,26.2,159.6,188.5,65.3,36.8,5.5,1,1,100.0,0,1,0,1,0,0,0
890,1,432.8,2,6.0,23.3,154.6,174.8,81.1,22.3,0.0,0,0,0.0,0,0,0,0,0,0,0
247,1,384.5,3,7.0,26.0,92.6,140.2,107.3,37.8,6.6,0,0,0.0,0,0,0,0,0,0,0
25,1,300.0,4,5.0,26.1,79.1,97.4,45.9,73.2,4.3,0,0,0.0,0,0,0,0,0,0,0
477,1,295.8,2,5.0,22.1,87.7,113.1,74.0,21.0,0.0,0,0,0.0,0,0,0,0,0,0,0
1066,1,251.6,2,6.0,29.3,44.0,112.3,56.6,24.0,14.7,0,0,0.0,0,0,0,0,0,0,0
1214,1,232.0,2,1.0,27.4,92.9,61.5,22.8,20.9,33.8,0,0,0.0,0,0,0,0,0,0,0
53,1,206.9,0,2.0,18.1,113.9,53.3,39.8,0.0,0.0,0,0,0.0,0,0,0,0,0,0,0
537,1,169.0,1,2.0,23.7,58.0,50.8,27.9,32.4,0.0,0,0,0.0,0,0,0,0,0,0,0
863,1,90.0,1,2.0,21.6,28.2,22.2,15.3,24.3,0.0,0,0,0.0,0,0,0,0,0,0,0
